journey_id,first_observed_sequence,last_observed_sequence,observed_stops,origin_sequence,destination_sequence,missing_sequence_count
-1124516396674037904-2505240704,1,7,6,1,7,1
-1124516396674037904-2505250704,1,7,6,1,7,1
-1143039985688737547-2504131018,5,12,7,5,12,1
-1143039985688737547-2504141018,5,12,7,5,12,1
-1143039985688737547-2504151018,5,12,7,5,12,1
-1143039985688737547-2504161018,5,12,7,5,12,1
-1143039985688737547-2504171018,5,12,7,5,12,1
-1143039985688737547-2504181018,5,12,7,5,12,1
-1378667911472082187-2412151126,1,14,12,1,14,2
-1378667911472082187-2412161126,1,14,12,1,14,2
-1378667911472082187-2412171126,1,14,12,1,14,2
-1378667911472082187-2412181126,1,14,12,1,14,2
-1378667911472082187-2412191126,1,14,12,1,14,2
-1378667911472082187-2412201126,1,14,12,1,14,2
-1378667911472082187-2412211126,1,14,12,1,14,2
-1378667911472082187-2412221126,1,14,12,1,14,2
-1378667911472082187-2412231126,1,14,12,1,14,2
-1378667911472082187-2412241126,1,14,12,1,14,2
-1378667911472082187-2412251126,1,14,12,1,14,2
-1378667911472082187-2412261126,1,14,12,1,14,2
-1378667911472082187-2412271126,1,14,12,1,14,2
-1378667911472082187-2412281126,1,14,12,1,14,2
-1378667911472082187-2412291126,1,14,12,1,14,2
-1378667911472082187-2412301126,1,14,12,1,14,2
-1378667911472082187-2412311126,1,14,12,1,14,2
-1378667911472082187-2501011126,1,14,12,1,14,2
-1378667911472082187-2501021126,1,14,12,1,14,2
-1378667911472082187-2501031126,1,14,12,1,14,2
-1378667911472082187-2501041126,1,14,12,1,14,2
-1378667911472082187-2501051126,1,14,12,1,14,2
-1378667911472082187-2501061126,1,14,12,1,14,2
-1378667911472082187-2501071126,1,14,12,1,14,2
-1378667911472082187-2501081126,1,14,12,1,14,2
-1378667911472082187-2501091126,1,14,12,1,14,2
-1378667911472082187-2501101126,1,14,12,1,14,2
-1378667911472082187-2501111126,1,14,12,1,14,2
-1378667911472082187-2501121126,1,14,12,1,14,2
-1378667911472082187-2501131126,1,14,12,1,14,2
-1378667911472082187-2501141126,1,14,12,1,14,2
-1378667911472082187-2501151126,1,14,12,1,14,2
-1378667911472082187-2501161126,1,14,12,1,14,2
-1378667911472082187-2501171126,1,14,12,1,14,2
-1378667911472082187-2501181126,1,14,12,1,14,2
-1378667911472082187-2501191126,1,14,12,1,14,2
-1378667911472082187-2501201126,1,14,12,1,14,2
-1378667911472082187-2501211126,1,14,12,1,14,2
-1378667911472082187-2501221126,1,14,12,1,14,2
-1378667911472082187-2501231126,1,14,12,1,14,2
-1378667911472082187-2501241126,1,14,12,1,14,2
-1378667911472082187-2501251126,1,14,12,1,14,2
-1378667911472082187-2501261126,1,14,12,1,14,2
-1378667911472082187-2501271126,1,14,12,1,14,2
-1378667911472082187-2501281126,1,14,12,1,14,2
-1378667911472082187-2501291126,1,14,12,1,14,2
-1378667911472082187-2501301126,1,14,12,1,14,2
-1378667911472082187-2501311126,1,14,12,1,14,2
-1378667911472082187-2502011126,1,14,12,1,14,2
-1378667911472082187-2502021126,1,14,12,1,14,2
-1378667911472082187-2502031126,1,14,12,1,14,2
-1378667911472082187-2502041126,1,14,12,1,14,2
-1378667911472082187-2502051126,1,14,12,1,14,2
-1378667911472082187-2502061126,1,14,12,1,14,2
-1378667911472082187-2502071126,1,14,12,1,14,2
-1378667911472082187-2502081126,1,14,12,1,14,2
-1378667911472082187-2502091126,1,14,12,1,14,2
-1378667911472082187-2502101126,1,14,12,1,14,2
-1378667911472082187-2502111126,1,14,12,1,14,2
-1378667911472082187-2502121126,1,14,12,1,14,2
-1378667911472082187-2502131126,1,14,12,1,14,2
-1378667911472082187-2502141126,1,14,12,1,14,2
-1378667911472082187-2502151126,1,14,12,1,14,2
-1378667911472082187-2502161126,1,14,12,1,14,2
-1378667911472082187-2502171126,1,14,12,1,14,2
-1378667911472082187-2502181117,1,14,12,1,14,2
-1378667911472082187-2502191117,1,14,12,1,14,2
-1378667911472082187-2502201117,1,14,12,1,14,2
-1378667911472082187-2502211117,1,14,12,1,14,2
-1378667911472082187-2502221117,1,14,12,1,14,2
-1378667911472082187-2502231117,1,14,12,1,14,2
-1378667911472082187-2502241117,1,14,12,1,14,2
-1378667911472082187-2502251117,1,14,12,1,14,2
-1378667911472082187-2502261117,1,14,12,1,14,2
-1378667911472082187-2502271117,1,14,12,1,14,2
-1378667911472082187-2502281117,1,14,12,1,14,2
-1378667911472082187-2503011117,1,14,12,1,14,2
-1378667911472082187-2503021117,1,14,12,1,14,2
-1378667911472082187-2503031117,1,14,12,1,14,2
-1378667911472082187-2503041117,1,14,12,1,14,2
-1378667911472082187-2503051117,1,14,12,1,14,2
-1378667911472082187-2503061117,1,14,12,1,14,2
-1378667911472082187-2503071117,1,14,12,1,14,2
-1378667911472082187-2503081117,1,14,12,1,14,2
-1378667911472082187-2503091117,1,14,12,1,14,2
-1378667911472082187-2503101117,1,14,12,1,14,2
-1378667911472082187-2503111117,1,14,12,1,14,2
-1378667911472082187-2503121117,1,14,12,1,14,2
-1378667911472082187-2503131117,1,14,12,1,14,2
-1378667911472082187-2503141117,1,14,12,1,14,2
-1378667911472082187-2503171117,1,14,12,1,14,2
-1378667911472082187-2503181117,1,14,12,1,14,2
-1378667911472082187-2503191117,1,14,12,1,14,2
-1378667911472082187-2503201117,1,14,12,1,14,2
-1378667911472082187-2503211117,1,14,12,1,14,2
-1378667911472082187-2503241117,1,14,12,1,14,2
-1378667911472082187-2503271117,1,14,12,1,14,2
-1378667911472082187-2503281117,1,14,12,1,14,2
-1378667911472082187-2503291117,1,14,12,1,14,2
-1378667911472082187-2503301117,1,14,12,1,14,2
-1378667911472082187-2503311117,1,14,12,1,14,2
-1378667911472082187-2504011117,1,14,12,1,14,2
-1378667911472082187-2504021117,1,14,12,1,14,2
-1378667911472082187-2504031117,1,14,12,1,14,2
-1378667911472082187-2504041117,1,14,12,1,14,2
-1378667911472082187-2504051117,1,14,12,1,14,2
-1378667911472082187-2504061117,1,14,12,1,14,2
-1378667911472082187-2504071117,1,14,12,1,14,2
-1378667911472082187-2504081117,1,14,12,1,14,2
-1378667911472082187-2504091117,1,14,12,1,14,2
-1378667911472082187-2504101117,1,14,12,1,14,2
-1378667911472082187-2504111117,1,14,12,1,14,2
-1378667911472082187-2504121117,1,14,12,1,14,2
-1378667911472082187-2504131117,1,14,12,1,14,2
-1378667911472082187-2504141117,1,14,12,1,14,2
-1378667911472082187-2504151117,1,14,12,1,14,2
-1378667911472082187-2504161126,1,14,12,1,14,2
-1378667911472082187-2506071126,1,14,12,1,14,2
-1378667911472082187-2506081126,1,14,12,1,14,2
-1378667911472082187-2506091126,1,14,12,1,14,2
-1378667911472082187-2506101126,1,14,12,1,14,2
-1378667911472082187-2506111126,1,14,12,1,14,2
-1378667911472082187-2506121126,1,14,12,1,14,2
-1378667911472082187-2506131126,1,14,12,1,14,2
-1378667911472082187-2506141126,1,14,12,1,14,2
-1378667911472082187-2506151126,1,14,12,1,14,2
-1378667911472082187-2506161126,1,14,12,1,14,2
-1378667911472082187-2506171126,1,14,12,1,14,2
-1378667911472082187-2506181126,1,14,12,1,14,2
-1378667911472082187-2506191126,1,14,12,1,14,2
-1378667911472082187-2506201126,1,14,12,1,14,2
-1378667911472082187-2506211126,1,14,12,1,14,2
-1378667911472082187-2506221126,1,14,12,1,14,2
-1378667911472082187-2506231126,1,14,12,1,14,2
-1378667911472082187-2506241126,1,14,12,1,14,2
-1378667911472082187-2506251126,1,14,12,1,14,2
-1378667911472082187-2506261126,1,14,12,1,14,2
-1378667911472082187-2506271125,1,16,15,1,16,1
-1378667911472082187-2506281125,1,16,15,1,16,1
-1378667911472082187-2506291125,1,16,15,1,16,1
-1378667911472082187-2506301125,1,16,15,1,16,1
-1378667911472082187-2507011125,1,16,15,1,16,1
-1378667911472082187-2507021125,1,16,15,1,16,1
-1378667911472082187-2507031125,1,16,15,1,16,1
-1378667911472082187-2507041125,1,16,15,1,16,1
-1378667911472082187-2507051125,1,16,15,1,16,1
-1378667911472082187-2507061125,1,16,15,1,16,1
-1378667911472082187-2507071125,1,16,15,1,16,1
-1378667911472082187-2507081125,1,16,15,1,16,1
-1378667911472082187-2507091125,1,16,15,1,16,1
-1378667911472082187-2507101125,1,16,15,1,16,1
-1378667911472082187-2507111125,1,16,15,1,16,1
-1378667911472082187-2507121126,1,14,12,1,14,2
-1378667911472082187-2507131126,1,14,12,1,14,2
-1378667911472082187-2507141126,1,14,12,1,14,2
-1378667911472082187-2507151126,1,14,12,1,14,2
-1378667911472082187-2507161126,1,14,12,1,14,2
-1378667911472082187-2507171126,1,14,12,1,14,2
-1378667911472082187-2507181126,1,14,12,1,14,2
-1378667911472082187-2507191126,1,14,12,1,14,2
-1378667911472082187-2507201126,1,14,12,1,14,2
-1378667911472082187-2507211126,1,14,12,1,14,2
-1378667911472082187-2507221126,1,14,12,1,14,2
-1378667911472082187-2507231126,1,14,12,1,14,2
-1378667911472082187-2507241126,1,14,12,1,14,2
-1378667911472082187-2507251126,1,14,12,1,14,2
-1378667911472082187-2507261126,1,14,12,1,14,2
-1378667911472082187-2507271126,1,14,12,1,14,2
-1378667911472082187-2507281126,1,14,12,1,14,2
-1378667911472082187-2507291126,1,14,12,1,14,2
-1378667911472082187-2507301126,1,14,12,1,14,2
-1378667911472082187-2507311126,1,14,12,1,14,2
-1378667911472082187-2508011126,1,14,12,1,14,2
-1378667911472082187-2508021126,1,14,12,1,14,2
-1378667911472082187-2508031126,1,14,12,1,14,2
-1378667911472082187-2508041126,1,14,12,1,14,2
-1378667911472082187-2508051126,1,14,12,1,14,2
-1378667911472082187-2508061126,1,14,12,1,14,2
-1378667911472082187-2508071126,1,14,12,1,14,2
-1378667911472082187-2508081126,1,14,12,1,14,2
-1378667911472082187-2508091126,1,14,12,1,14,2
-1378667911472082187-2508101126,1,14,12,1,14,2
-1378667911472082187-2508111126,1,14,12,1,14,2
-1378667911472082187-2508121126,1,14,12,1,14,2
-1378667911472082187-2508131126,1,14,12,1,14,2
-1378667911472082187-2508141126,1,14,12,1,14,2
-1378667911472082187-2508151126,1,14,12,1,14,2
-1378667911472082187-2508161126,1,14,12,1,14,2
-1378667911472082187-2508171126,1,14,12,1,14,2
-1378667911472082187-2508181126,1,14,12,1,14,2
-1378667911472082187-2508191126,1,14,12,1,14,2
-1378667911472082187-2508201126,1,14,12,1,14,2
-1378667911472082187-2508211126,1,14,12,1,14,2
-1378667911472082187-2508221126,1,14,12,1,14,2
-1378667911472082187-2508231126,1,13,11,1,13,2
-1378667911472082187-2508241126,1,14,12,1,14,2
-1378667911472082187-2508251126,1,14,12,1,14,2
-1378667911472082187-2508261126,1,14,12,1,14,2
-1378667911472082187-2508271126,1,14,12,1,14,2
-1378667911472082187-2508281126,1,14,12,1,14,2
-1378667911472082187-2508291126,1,14,12,1,14,2
-1378667911472082187-2508301126,1,14,12,1,14,2
-1378667911472082187-2508311126,1,14,12,1,14,2
-1378667911472082187-2509011126,1,14,12,1,14,2
-1378667911472082187-2509021126,1,14,12,1,14,2
-1378667911472082187-2509031126,1,14,12,1,14,2
-1378667911472082187-2509041126,1,14,12,1,14,2
-1378667911472082187-2509051126,1,14,12,1,14,2
-1378667911472082187-2509061126,1,14,12,1,14,2
-1378667911472082187-2509071126,1,14,12,1,14,2
-1378667911472082187-2509081126,1,14,12,1,14,2
-1378667911472082187-2509091126,1,14,12,1,14,2
-1378667911472082187-2509101126,1,14,12,1,14,2
-1378667911472082187-2509111126,1,14,12,1,14,2
-1378667911472082187-2509131126,1,14,12,1,14,2
-1378667911472082187-2509141126,1,13,11,1,13,2
-1378667911472082187-2509151126,1,13,11,1,13,2
-1378667911472082187-2509161126,1,13,11,1,13,2
-1378667911472082187-2509171126,1,13,11,1,13,2
-1378667911472082187-2509181126,1,13,11,1,13,2
-1378667911472082187-2509191126,1,13,11,1,13,2
-1378667911472082187-2509201126,1,13,11,1,13,2
-1378667911472082187-2509211126,1,13,11,1,13,2
-1378667911472082187-2509221126,1,13,11,1,13,2
-1378667911472082187-2509231126,1,13,11,1,13,2
-1378667911472082187-2509241125,1,15,14,1,15,1
-1378667911472082187-2509251125,1,15,14,1,15,1
-1378667911472082187-2509261125,1,15,14,1,15,1
-1378667911472082187-2509271125,1,15,14,1,15,1
-1378667911472082187-2509281125,1,15,14,1,15,1
-1378667911472082187-2509291125,1,15,14,1,15,1
-1378667911472082187-2509301125,1,15,14,1,15,1
-1378667911472082187-2510011125,1,16,15,1,16,1
-1378667911472082187-2510021125,1,16,15,1,16,1
-1378667911472082187-2510031125,1,16,15,1,16,1
-1378667911472082187-2510041125,1,16,15,1,16,1
-1378667911472082187-2510051125,1,16,15,1,16,1
-1378667911472082187-2510061125,1,16,15,1,16,1
-1378667911472082187-2510071125,1,16,15,1,16,1
-1378667911472082187-2510081125,1,16,15,1,16,1
-1378667911472082187-2510091125,1,16,15,1,16,1
-1378667911472082187-2510101125,1,16,15,1,16,1
-1378667911472082187-2510111125,1,16,15,1,16,1
-1378667911472082187-2510121125,1,16,15,1,16,1
-1378667911472082187-2510131125,1,16,15,1,16,1
-1378667911472082187-2510141125,1,16,15,1,16,1
-1378667911472082187-2510151125,1,16,15,1,16,1
-1378667911472082187-2510161125,1,16,15,1,16,1
-1378667911472082187-2510171125,1,16,15,1,16,1
-1378667911472082187-2510181125,1,16,15,1,16,1
-1378667911472082187-2510191125,1,16,15,1,16,1
-1378667911472082187-2510201125,1,16,15,1,16,1
-1378667911472082187-2510211125,1,16,15,1,16,1
-1378667911472082187-2510221125,1,16,15,1,16,1
-1378667911472082187-2510231125,1,16,15,1,16,1
-1378667911472082187-2510241125,1,16,15,1,16,1
-1378667911472082187-2510301125,1,16,15,1,16,1
-1378667911472082187-2510311125,1,16,15,1,16,1
-1378667911472082187-2511011125,1,16,15,1,16,1
-1378667911472082187-2511021125,1,16,15,1,16,1
-140559871888073356-2408081858,2,8,5,2,8,2
-140559871888073356-2408091858,2,8,5,2,8,2
-140559871888073356-2408101858,2,8,5,2,8,2
-140559871888073356-2408111858,2,8,5,2,8,2
-140559871888073356-2408121858,2,8,5,2,8,2
-140559871888073356-2408131858,2,8,5,2,8,2
-140559871888073356-2408141858,2,8,5,2,8,2
-140559871888073356-2408151858,2,8,5,2,8,2
-1412524464226526551-2407011526,1,13,11,1,13,2
-1412524464226526551-2407021526,1,14,12,1,14,2
-1412524464226526551-2407031526,1,13,11,1,13,2
-1412524464226526551-2407041526,1,13,11,1,13,2
-1412524464226526551-2407051526,1,13,11,1,13,2
-1412524464226526551-2407071526,1,14,12,1,14,2
-1412524464226526551-2407081526,1,13,11,1,13,2
-1412524464226526551-2407091526,1,14,12,1,14,2
-1412524464226526551-2407101526,1,13,11,1,13,2
-1412524464226526551-2407111526,1,13,11,1,13,2
-1412524464226526551-2407121526,1,13,11,1,13,2
-1412524464226526551-2407141526,1,14,12,1,14,2
-1412524464226526551-2407151526,1,13,11,1,13,2
-1412524464226526551-2412151526,1,14,12,1,14,2
-1412524464226526551-2412161526,1,14,12,1,14,2
-1412524464226526551-2412171526,1,14,12,1,14,2
-1412524464226526551-2412181526,1,14,12,1,14,2
-1412524464226526551-2412191526,1,14,12,1,14,2
-1412524464226526551-2412201526,1,14,12,1,14,2
-1412524464226526551-2412221526,1,14,12,1,14,2
-1412524464226526551-2412231526,1,14,12,1,14,2
-1412524464226526551-2412261526,1,14,12,1,14,2
-1412524464226526551-2412271526,1,14,12,1,14,2
-1412524464226526551-2412291526,1,14,12,1,14,2
-1412524464226526551-2412301526,1,14,12,1,14,2
-1412524464226526551-2501011526,1,14,12,1,14,2
-1412524464226526551-2501021526,1,14,12,1,14,2
-1412524464226526551-2501031526,1,14,12,1,14,2
-1412524464226526551-2501051526,1,14,12,1,14,2
-1412524464226526551-2501061526,1,14,12,1,14,2
-1412524464226526551-2501071526,1,14,12,1,14,2
-1412524464226526551-2501081526,1,14,12,1,14,2
-1412524464226526551-2501091526,1,14,12,1,14,2
-1412524464226526551-2501101526,1,14,12,1,14,2
-1412524464226526551-2501121526,1,14,12,1,14,2
-1412524464226526551-2501131526,1,14,12,1,14,2
-1412524464226526551-2501141526,1,14,12,1,14,2
-1412524464226526551-2501151526,1,14,12,1,14,2
-1412524464226526551-2501161526,1,14,12,1,14,2
-1412524464226526551-2501171526,1,14,12,1,14,2
-1412524464226526551-2501191526,1,14,12,1,14,2
-1412524464226526551-2501201526,1,13,11,1,13,2
-1412524464226526551-2501211526,1,14,12,1,14,2
-1412524464226526551-2501221526,1,14,12,1,14,2
-1412524464226526551-2501231526,1,14,12,1,14,2
-1412524464226526551-2501241526,1,14,12,1,14,2
-1412524464226526551-2501261526,1,14,12,1,14,2
-1412524464226526551-2501271526,1,14,12,1,14,2
-1412524464226526551-2501281526,1,14,12,1,14,2
-1412524464226526551-2501291526,1,14,12,1,14,2
-1412524464226526551-2501301526,1,14,12,1,14,2
-1412524464226526551-2501311526,1,14,12,1,14,2
-1412524464226526551-2502021526,1,14,12,1,14,2
-1412524464226526551-2502031526,1,14,12,1,14,2
-1412524464226526551-2502041526,1,14,12,1,14,2
-1412524464226526551-2502051526,1,14,12,1,14,2
-1412524464226526551-2502061526,1,14,12,1,14,2
-1412524464226526551-2502071526,1,14,12,1,14,2
-1412524464226526551-2502091526,1,14,12,1,14,2
-1412524464226526551-2502101526,1,13,11,1,13,2
-1412524464226526551-2502111526,1,14,12,1,14,2
-1412524464226526551-2502121526,1,14,12,1,14,2
-1412524464226526551-2502131526,1,14,12,1,14,2
-1412524464226526551-2502141526,1,14,12,1,14,2
-1412524464226526551-2502161526,1,14,12,1,14,2
-1412524464226526551-2502171526,1,12,10,1,12,2
-1412524464226526551-2502181520,1,13,11,1,13,2
-1412524464226526551-2502191520,1,14,12,1,14,2
-1412524464226526551-2502201520,1,14,12,1,14,2
-1412524464226526551-2502211520,1,14,12,1,14,2
-1412524464226526551-2502231520,1,14,12,1,14,2
-1412524464226526551-2502241520,1,14,12,1,14,2
-1412524464226526551-2502251520,1,14,12,1,14,2
-1412524464226526551-2502261520,1,14,12,1,14,2
-1412524464226526551-2502271520,1,14,12,1,14,2
-1412524464226526551-2502281520,1,14,12,1,14,2
-1412524464226526551-2503021520,1,14,12,1,14,2
-1412524464226526551-2503031520,1,14,12,1,14,2
-1412524464226526551-2503041520,1,14,12,1,14,2
-1412524464226526551-2503051520,1,14,12,1,14,2
-1412524464226526551-2503061520,1,14,12,1,14,2
-1412524464226526551-2503071520,1,14,12,1,14,2
-1412524464226526551-2503091520,1,14,12,1,14,2
-1412524464226526551-2503101520,1,14,12,1,14,2
-1412524464226526551-2503111520,1,14,12,1,14,2
-1412524464226526551-2503121520,1,14,12,1,14,2
-1412524464226526551-2503131520,1,14,12,1,14,2
-1412524464226526551-2503141520,1,14,12,1,14,2
-1412524464226526551-2503171520,1,14,12,1,14,2
-1412524464226526551-2503181520,1,14,12,1,14,2
-1412524464226526551-2503191520,1,14,12,1,14,2
-1412524464226526551-2503201520,1,14,12,1,14,2
-1412524464226526551-2503211520,1,14,12,1,14,2
-1412524464226526551-2503241520,1,14,12,1,14,2
-1412524464226526551-2503271520,1,15,12,1,15,3
-1412524464226526551-2503281520,1,15,12,1,15,3
-1412524464226526551-2503301520,1,15,12,1,15,3
-1412524464226526551-2503311520,1,14,12,1,14,2
-1412524464226526551-2504011520,1,14,12,1,14,2
-1412524464226526551-2504021520,1,14,12,1,14,2
-1412524464226526551-2504031520,1,14,12,1,14,2
-1412524464226526551-2504041520,1,14,12,1,14,2
-1412524464226526551-2504061520,1,14,12,1,14,2
-1412524464226526551-2504071520,1,14,12,1,14,2
-1412524464226526551-2504081520,1,14,12,1,14,2
-1412524464226526551-2504091520,1,14,12,1,14,2
-1412524464226526551-2504101520,1,14,12,1,14,2
-1412524464226526551-2504111520,1,14,12,1,14,2
-1412524464226526551-2504131520,1,14,12,1,14,2
-1412524464226526551-2504161526,1,14,12,1,14,2
-1412524464226526551-2504171526,1,14,12,1,14,2
-1412524464226526551-2505021526,1,13,11,1,13,2
-1412524464226526551-2505041526,1,13,11,1,13,2
-1412524464226526551-2505051526,1,13,11,1,13,2
-1412524464226526551-2505061526,1,13,11,1,13,2
-1412524464226526551-2505071526,1,13,11,1,13,2
-1412524464226526551-2505081526,1,13,11,1,13,2
-1412524464226526551-2505091526,1,14,12,1,14,2
-1412524464226526551-2505111526,1,14,12,1,14,2
-1412524464226526551-2505141526,1,15,12,1,15,3
-1412524464226526551-2505151526,1,14,12,1,14,2
-1412524464226526551-2505161526,1,14,12,1,14,2
-1412524464226526551-2505181526,1,14,12,1,14,2
-1412524464226526551-2505191526,1,14,12,1,14,2
-1412524464226526551-2505201526,1,14,12,1,14,2
-1412524464226526551-2505211526,1,14,12,1,14,2
-1412524464226526551-2505221526,1,14,12,1,14,2
-1412524464226526551-2505231526,1,14,12,1,14,2
-1412524464226526551-2505251526,1,14,12,1,14,2
-1412524464226526551-2505261526,1,14,12,1,14,2
-1412524464226526551-2505271526,1,14,12,1,14,2
-1412524464226526551-2505281526,1,14,12,1,14,2
-1412524464226526551-2505291526,1,14,12,1,14,2
-1412524464226526551-2505301526,1,14,12,1,14,2
-1412524464226526551-2506011526,1,15,12,1,15,3
-1412524464226526551-2506021526,1,13,11,1,13,2
-1412524464226526551-2506031526,1,14,12,1,14,2
-1412524464226526551-2506041526,1,14,12,1,14,2
-1412524464226526551-2506051526,1,14,11,1,14,3
-1412524464226526551-2506061526,1,14,12,1,14,2
-1412524464226526551-2506111526,1,14,12,1,14,2
-1412524464226526551-2506121526,1,14,12,1,14,2
-1412524464226526551-2506131526,1,14,12,1,14,2
-1412524464226526551-2506151526,1,14,12,1,14,2
-1412524464226526551-2506161526,1,14,12,1,14,2
-1412524464226526551-2506171526,1,14,12,1,14,2
-1412524464226526551-2506181526,1,14,12,1,14,2
-1412524464226526551-2506191526,1,14,12,1,14,2
-1412524464226526551-2506201526,1,14,12,1,14,2
-1412524464226526551-2506221526,1,14,12,1,14,2
-1412524464226526551-2506231526,1,14,12,1,14,2
-1412524464226526551-2506241526,1,14,12,1,14,2
-1412524464226526551-2506251526,1,14,12,1,14,2
-1412524464226526551-2506261526,1,14,12,1,14,2
-1412524464226526551-2506271526,1,16,15,1,16,1
-1412524464226526551-2506291526,1,16,15,1,16,1
-1412524464226526551-2506301526,1,16,15,1,16,1
-1412524464226526551-2507011526,1,16,15,1,16,1
-1412524464226526551-2507021526,1,16,15,1,16,1
-1412524464226526551-2507031526,1,16,15,1,16,1
-1412524464226526551-2507041526,1,16,15,1,16,1
-1412524464226526551-2507061526,1,16,15,1,16,1
-1412524464226526551-2507071526,1,16,15,1,16,1
-1412524464226526551-2507081526,1,16,15,1,16,1
-1412524464226526551-2507091526,1,16,15,1,16,1
-1412524464226526551-2507101526,1,16,15,1,16,1
-1412524464226526551-2507111526,1,16,15,1,16,1
-1412524464226526551-2507131526,1,14,12,1,14,2
-1412524464226526551-2507141526,1,14,12,1,14,2
-1412524464226526551-2507151526,1,14,12,1,14,2
-1412524464226526551-2507161526,1,14,12,1,14,2
-1412524464226526551-2507171526,1,14,12,1,14,2
-1412524464226526551-2507181526,1,14,12,1,14,2
-1412524464226526551-2507201526,1,14,12,1,14,2
-1412524464226526551-2507211526,1,14,12,1,14,2
-1412524464226526551-2507221526,1,14,12,1,14,2
-1412524464226526551-2507231526,1,14,12,1,14,2
-1412524464226526551-2507241526,1,14,12,1,14,2
-1412524464226526551-2507251526,1,14,12,1,14,2
-1412524464226526551-2507271526,1,14,12,1,14,2
-1412524464226526551-2507281526,1,14,12,1,14,2
-1412524464226526551-2507291526,1,14,12,1,14,2
-1412524464226526551-2507301526,1,14,12,1,14,2
-1412524464226526551-2507311526,1,14,12,1,14,2
-1412524464226526551-2508011526,1,14,12,1,14,2
-1412524464226526551-2508031526,1,14,12,1,14,2
-1412524464226526551-2508041526,1,14,12,1,14,2
-1412524464226526551-2508051526,1,14,12,1,14,2
-1412524464226526551-2508061526,1,14,12,1,14,2
-1412524464226526551-2508071526,1,14,12,1,14,2
-1412524464226526551-2508081526,1,14,12,1,14,2
-1412524464226526551-2508101526,1,14,12,1,14,2
-1412524464226526551-2508111526,1,14,12,1,14,2
-1412524464226526551-2508121526,1,14,12,1,14,2
-1412524464226526551-2508131526,1,14,12,1,14,2
-1412524464226526551-2508141526,1,14,12,1,14,2
-1412524464226526551-2508151526,1,14,12,1,14,2
-1412524464226526551-2508171526,1,14,12,1,14,2
-1412524464226526551-2508181526,1,14,12,1,14,2
-1412524464226526551-2508191526,1,14,12,1,14,2
-1412524464226526551-2508201526,1,14,12,1,14,2
-1412524464226526551-2508211526,1,14,12,1,14,2
-1412524464226526551-2508221526,1,13,11,1,13,2
-1412524464226526551-2508241526,1,14,12,1,14,2
-1412524464226526551-2508251526,1,14,12,1,14,2
-1412524464226526551-2508261526,1,14,12,1,14,2
-1412524464226526551-2508271526,1,14,12,1,14,2
-1412524464226526551-2508281526,1,14,12,1,14,2
-1412524464226526551-2508291526,1,14,12,1,14,2
-1412524464226526551-2508311526,1,14,12,1,14,2
-1412524464226526551-2509011526,1,14,12,1,14,2
-1412524464226526551-2509021526,1,14,12,1,14,2
-1412524464226526551-2509031526,1,13,11,1,13,2
-1412524464226526551-2509041526,1,14,12,1,14,2
-1412524464226526551-2509051525,1,13,11,1,13,2
-1412524464226526551-2509071526,1,14,12,1,14,2
-1412524464226526551-2509081526,1,14,12,1,14,2
-1412524464226526551-2509091526,1,14,12,1,14,2
-1412524464226526551-2509101526,1,14,12,1,14,2
-1412524464226526551-2509111526,1,14,12,1,14,2
-1412524464226526551-2509121526,1,14,12,1,14,2
-1412524464226526551-2509141526,1,13,11,1,13,2
-1412524464226526551-2509151526,1,12,10,1,12,2
-1412524464226526551-2509161526,1,12,10,1,12,2
-1412524464226526551-2509171526,1,13,11,1,13,2
-1412524464226526551-2509181526,1,13,11,1,13,2
-1412524464226526551-2509191526,1,13,11,1,13,2
-1412524464226526551-2509211526,1,13,11,1,13,2
-1412524464226526551-2509221526,1,13,11,1,13,2
-1412524464226526551-2509231526,1,13,11,1,13,2
-1412524464226526551-2509241525,1,15,14,1,15,1
-1412524464226526551-2509251525,1,15,14,1,15,1
-1412524464226526551-2509261525,1,15,14,1,15,1
-1412524464226526551-2509281525,1,15,14,1,15,1
-1412524464226526551-2509291525,1,15,14,1,15,1
-1412524464226526551-2509301525,1,15,14,1,15,1
-1412524464226526551-2510011525,1,16,15,1,16,1
-1412524464226526551-2510021525,1,16,15,1,16,1
-1412524464226526551-2510051525,1,16,15,1,16,1
-1412524464226526551-2510061525,1,16,15,1,16,1
-1412524464226526551-2510071525,1,16,15,1,16,1
-1412524464226526551-2510081525,1,15,14,1,15,1
-1412524464226526551-2510091525,1,16,15,1,16,1
-1412524464226526551-2510101525,1,15,14,1,15,1
-1412524464226526551-2510121525,1,16,15,1,16,1
-1412524464226526551-2510131525,1,16,15,1,16,1
-1412524464226526551-2510141525,1,16,15,1,16,1
-1412524464226526551-2510151525,1,16,15,1,16,1
-1412524464226526551-2510161525,1,16,15,1,16,1
-1412524464226526551-2510171525,1,16,15,1,16,1
-1412524464226526551-2510191525,1,16,15,1,16,1
-1412524464226526551-2510201525,1,16,15,1,16,1
-1412524464226526551-2510211525,1,16,15,1,16,1
-1412524464226526551-2510221525,1,15,14,1,15,1
-1412524464226526551-2510231525,1,16,15,1,16,1
-1412524464226526551-2510241525,1,15,14,1,15,1
-1412524464226526551-2510301525,1,16,15,1,16,1
-1412524464226526551-2510311525,1,16,15,1,16,1
-1412524464226526551-2511021525,1,16,15,1,16,1
-1412524464226526551-2511231525,1,16,10,1,16,6
-1429225085830587754-2503081435,3,11,7,3,11,2
-1429225085830587754-2503091435,3,11,7,3,11,2
-1429225085830587754-2503101435,3,11,7,3,11,2
-1429225085830587754-2503111435,3,11,7,3,11,2
-1429225085830587754-2503121435,3,11,7,3,11,2
-1429225085830587754-2503131435,3,11,7,3,11,2
-1429225085830587754-2503141435,3,11,7,3,11,2
-1429225085830587754-2503151435,3,11,7,3,11,2
-1429225085830587754-2503161435,3,11,7,3,11,2
-1429225085830587754-2503171435,3,11,7,3,11,2
-1429225085830587754-2503181435,3,11,7,3,11,2
-1429225085830587754-2503191435,3,11,7,3,11,2
-1429225085830587754-2503201435,3,11,7,3,11,2
-1429225085830587754-2503211435,3,11,7,3,11,2
-1429225085830587754-2507261434,3,11,7,3,11,2
-1429225085830587754-2507271434,3,11,7,3,11,2
-1429225085830587754-2507281434,3,11,7,3,11,2
-1429225085830587754-2507291434,3,11,7,3,11,2
-1429225085830587754-2507301434,3,11,7,3,11,2
-1429225085830587754-2507311434,3,11,7,3,11,2
-1429225085830587754-2508011434,3,11,7,3,11,2
-1429225085830587754-2508021348,7,15,7,7,15,2
-1429225085830587754-2508031348,7,15,7,7,15,2
-1584601340219031406-2509210719,8,16,7,8,16,2
-1597087126732286791-2409231734,1,10,8,1,10,2
-1597087126732286791-2504240734,1,11,9,1,11,2
-1597087126732286791-2505131126,1,14,11,1,14,3
-1644360018159001102-2510200424,2,12,8,2,12,3
-1692317589569929874-2409300957,12,19,6,12,19,2
-1692317589569929874-2506201021,12,19,6,12,19,2
-1833052324904485430-2507290916,2,15,12,2,15,2
-1833052324904485430-2507300916,2,15,12,2,15,2
-202934014398784512-2407211454,2,14,10,2,14,3
-202934014398784512-2407281454,2,14,10,2,14,3
-202934014398784512-2408041454,2,14,10,2,14,3
-202934014398784512-2408111454,2,14,10,2,14,3
-202934014398784512-2408181453,2,14,10,2,14,3
-202934014398784512-2408251453,2,14,10,2,14,3
-202934014398784512-2409011453,2,13,9,2,13,3
-202934014398784512-2409081454,2,14,10,2,14,3
-202934014398784512-2409221454,2,14,10,2,14,3
-202934014398784512-2409291454,2,14,10,2,14,3
-202934014398784512-2410061454,2,14,10,2,14,3
-202934014398784512-2410131454,2,14,10,2,14,3
-202934014398784512-2410201454,2,14,10,2,14,3
-202934014398784512-2410271454,2,14,10,2,14,3
-202934014398784512-2411031455,2,14,10,2,14,3
-202934014398784512-2411101454,2,14,10,2,14,3
-202934014398784512-2411171454,2,14,10,2,14,3
-202934014398784512-2411241454,2,11,8,2,11,2
-202934014398784512-2412011454,2,11,8,2,11,2
-202934014398784512-2412081454,2,14,10,2,14,3
-2167176296731169400-2509241234,1,8,7,1,8,1
-2167176296731169400-2509251234,1,8,7,1,8,1
-2167176296731169400-2509261234,1,8,7,1,8,1
-2167176296731169400-2509271234,1,8,7,1,8,1
-2167176296731169400-2509281234,1,8,7,1,8,1
-2167176296731169400-2509291234,1,8,7,1,8,1
-2167176296731169400-2509301234,1,8,7,1,8,1
-2167176296731169400-2510011234,1,8,7,1,8,1
-2167176296731169400-2510021234,1,8,7,1,8,1
-2167176296731169400-2510031234,1,8,7,1,8,1
-2167176296731169400-2510041234,1,8,7,1,8,1
-2167176296731169400-2510051234,1,8,7,1,8,1
-2167176296731169400-2510061234,1,7,6,1,7,1
-2167176296731169400-2510071234,1,7,6,1,7,1
-2167176296731169400-2510081234,1,7,6,1,7,1
-2167176296731169400-2510091234,1,7,6,1,7,1
-2167176296731169400-2510101234,1,7,6,1,7,1
-2167176296731169400-2510131234,1,7,6,1,7,1
-2167176296731169400-2510141234,1,7,6,1,7,1
-2167176296731169400-2510151234,1,7,6,1,7,1
-2167176296731169400-2510161234,1,7,6,1,7,1
-2167176296731169400-2510171234,1,7,6,1,7,1
-2167176296731169400-2510181234,1,8,7,1,8,1
-2167176296731169400-2510191234,1,8,7,1,8,1
-2167176296731169400-2510201234,1,8,7,1,8,1
-2167176296731169400-2510211234,1,8,7,1,8,1
-2167176296731169400-2510221234,1,8,7,1,8,1
-2167176296731169400-2510231234,1,8,7,1,8,1
-2167176296731169400-2510241234,1,8,7,1,8,1
-2167176296731169400-2510261234,1,8,7,1,8,1
-2167176296731169400-2510271234,1,8,7,1,8,1
-2167176296731169400-2510281234,1,8,7,1,8,1
-2167176296731169400-2510301234,1,8,7,1,8,1
-2167176296731169400-2510311234,1,8,7,1,8,1
-2167176296731169400-2511011234,1,8,7,1,8,1
-2167176296731169400-2511021234,1,8,7,1,8,1
-2180147018861164931-2509241635,1,10,8,1,10,2
-2180147018861164931-2509251635,1,10,8,1,10,2
-2180147018861164931-2509261635,1,10,8,1,10,2
-2180147018861164931-2509271635,1,10,8,1,10,2
-2180147018861164931-2509281635,1,10,8,1,10,2
-2180147018861164931-2509291635,1,10,8,1,10,2
-2180147018861164931-2509301635,1,10,8,1,10,2
-2180147018861164931-2510011635,1,10,8,1,10,2
-2180147018861164931-2510021635,1,10,8,1,10,2
-2180147018861164931-2510031635,1,10,8,1,10,2
-2180147018861164931-2510041635,1,10,8,1,10,2
-2180147018861164931-2510051635,1,10,8,1,10,2
-2180147018861164931-2510061635,1,10,8,1,10,2
-2180147018861164931-2510071635,1,10,8,1,10,2
-2180147018861164931-2510081635,1,9,7,1,9,2
-2180147018861164931-2510091635,1,10,8,1,10,2
-2180147018861164931-2510101635,1,9,7,1,9,2
-2180147018861164931-2510111635,1,10,9,1,10,1
-2180147018861164931-2510121635,1,10,9,1,10,1
-2180147018861164931-2510131635,1,9,7,1,9,2
-2180147018861164931-2510141635,1,9,7,1,9,2
-2180147018861164931-2510151635,1,10,8,1,10,2
-2180147018861164931-2510161635,1,10,8,1,10,2
-2180147018861164931-2510171635,1,7,6,1,7,1
-2180147018861164931-2510181635,1,7,6,1,7,1
-2180147018861164931-2510191635,1,7,6,1,7,1
-2180147018861164931-2510201635,1,7,6,1,7,1
-2180147018861164931-2510211635,1,7,6,1,7,1
-2180147018861164931-2510221635,1,7,6,1,7,1
-2180147018861164931-2510231635,1,7,6,1,7,1
-2180147018861164931-2510241635,1,7,6,1,7,1
-2180147018861164931-2510261635,1,7,6,1,7,1
-2180147018861164931-2510271635,1,7,6,1,7,1
-2180147018861164931-2510281635,1,7,6,1,7,1
-2180147018861164931-2510291635,1,7,6,1,7,1
-2180147018861164931-2510301635,1,7,6,1,7,1
-2180147018861164931-2510311635,1,7,6,1,7,1
-2180147018861164931-2511011635,1,7,6,1,7,1
-2180147018861164931-2511021635,1,7,6,1,7,1
-2180147018861164931-2605021551,1,101,11,1,101,90
-2221597426497896240-2407010726,1,14,12,1,14,2
-2221597426497896240-2407020726,1,14,12,1,14,2
-2221597426497896240-2407030726,1,14,12,1,14,2
-2221597426497896240-2407040726,1,14,12,1,14,2
-2221597426497896240-2407050726,1,14,12,1,14,2
-2221597426497896240-2407060726,1,14,12,1,14,2
-2221597426497896240-2407070726,1,14,12,1,14,2
-2221597426497896240-2407080726,1,14,12,1,14,2
-2221597426497896240-2407090726,1,14,12,1,14,2
-2221597426497896240-2407100726,1,14,12,1,14,2
-2221597426497896240-2407110726,1,14,12,1,14,2
-2221597426497896240-2407120726,1,14,12,1,14,2
-2221597426497896240-2407130726,1,14,12,1,14,2
-2221597426497896240-2407140726,1,14,12,1,14,2
-2221597426497896240-2407150726,1,14,12,1,14,2
-2221597426497896240-2412150726,1,14,12,1,14,2
-2221597426497896240-2412160726,1,14,12,1,14,2
-2221597426497896240-2412170726,1,14,12,1,14,2
-2221597426497896240-2412180726,1,14,12,1,14,2
-2221597426497896240-2412190726,1,14,12,1,14,2
-2221597426497896240-2412200726,1,14,12,1,14,2
-2221597426497896240-2412210726,1,14,12,1,14,2
-2221597426497896240-2412220726,1,14,12,1,14,2
-2221597426497896240-2412230726,1,14,12,1,14,2
-2221597426497896240-2412240726,1,14,12,1,14,2
-2221597426497896240-2412250726,1,14,12,1,14,2
-2221597426497896240-2412260726,1,14,12,1,14,2
-2221597426497896240-2412270726,1,14,12,1,14,2
-2221597426497896240-2412280726,1,14,12,1,14,2
-2221597426497896240-2412290726,1,14,12,1,14,2
-2221597426497896240-2412300726,1,14,12,1,14,2
-2221597426497896240-2412310726,1,14,12,1,14,2
-2221597426497896240-2501010726,1,14,12,1,14,2
-2221597426497896240-2501020726,1,14,12,1,14,2
-2221597426497896240-2501030726,1,14,12,1,14,2
-2221597426497896240-2501040726,1,14,12,1,14,2
-2221597426497896240-2501050726,1,14,12,1,14,2
-2221597426497896240-2501060726,1,14,12,1,14,2
-2221597426497896240-2501070726,1,14,12,1,14,2
-2221597426497896240-2501080726,1,14,12,1,14,2
-2221597426497896240-2501090726,1,14,12,1,14,2
-2221597426497896240-2501100726,1,14,12,1,14,2
-2221597426497896240-2501110726,1,14,12,1,14,2
-2221597426497896240-2501120726,1,14,12,1,14,2
-2221597426497896240-2501130726,1,14,12,1,14,2
-2221597426497896240-2501140726,1,14,12,1,14,2
-2221597426497896240-2501150726,1,14,12,1,14,2
-2221597426497896240-2501160726,1,14,12,1,14,2
-2221597426497896240-2501170726,1,14,12,1,14,2
-2221597426497896240-2501180726,1,14,12,1,14,2
-2221597426497896240-2501190726,1,14,12,1,14,2
-2221597426497896240-2501200726,1,14,12,1,14,2
-2221597426497896240-2501210726,1,14,12,1,14,2
-2221597426497896240-2501220726,1,14,12,1,14,2
-2221597426497896240-2501230726,1,14,12,1,14,2
-2221597426497896240-2501240726,1,14,12,1,14,2
-2221597426497896240-2501250726,1,14,12,1,14,2
-2221597426497896240-2501260726,1,14,12,1,14,2
-2221597426497896240-2501270726,1,14,12,1,14,2
-2221597426497896240-2501280726,1,14,12,1,14,2
-2221597426497896240-2501290726,1,14,12,1,14,2
-2221597426497896240-2501300726,1,14,12,1,14,2
-2221597426497896240-2501310726,1,14,12,1,14,2
-2221597426497896240-2502010726,1,14,12,1,14,2
-2221597426497896240-2502020726,1,14,12,1,14,2
-2221597426497896240-2502030726,1,14,12,1,14,2
-2221597426497896240-2502040726,1,14,12,1,14,2
-2221597426497896240-2502050726,1,14,12,1,14,2
-2221597426497896240-2502060726,1,14,12,1,14,2
-2221597426497896240-2502070726,1,14,12,1,14,2
-2221597426497896240-2502080726,1,14,12,1,14,2
-2221597426497896240-2502090726,1,14,12,1,14,2
-2221597426497896240-2502100726,1,14,12,1,14,2
-2221597426497896240-2502110726,1,14,12,1,14,2
-2221597426497896240-2502120726,1,14,12,1,14,2
-2221597426497896240-2502130726,1,14,12,1,14,2
-2221597426497896240-2502140726,1,14,12,1,14,2
-2221597426497896240-2502150726,1,14,12,1,14,2
-2221597426497896240-2502160726,1,14,12,1,14,2
-2221597426497896240-2502170726,1,14,12,1,14,2
-2221597426497896240-2502180720,1,14,12,1,14,2
-2221597426497896240-2502190720,1,14,12,1,14,2
-2221597426497896240-2502200720,1,14,12,1,14,2
-2221597426497896240-2502210720,1,14,12,1,14,2
-2221597426497896240-2502220720,1,14,12,1,14,2
-2221597426497896240-2502230720,1,14,12,1,14,2
-2221597426497896240-2502240720,1,14,12,1,14,2
-2221597426497896240-2502250720,1,14,12,1,14,2
-2221597426497896240-2502260720,1,14,12,1,14,2
-2221597426497896240-2502270720,1,14,12,1,14,2
-2221597426497896240-2502280720,1,14,12,1,14,2
-2221597426497896240-2503010720,1,14,12,1,14,2
-2221597426497896240-2503020720,1,14,12,1,14,2
-2221597426497896240-2503030720,1,14,12,1,14,2
-2221597426497896240-2503040720,1,14,12,1,14,2
-2221597426497896240-2503050720,1,14,12,1,14,2
-2221597426497896240-2503060720,1,14,12,1,14,2
-2221597426497896240-2503070720,1,14,12,1,14,2
-2221597426497896240-2503080720,1,14,12,1,14,2
-2221597426497896240-2503090720,1,14,12,1,14,2
-2221597426497896240-2503100720,1,14,12,1,14,2
-2221597426497896240-2503110720,1,14,12,1,14,2
-2221597426497896240-2503120720,1,14,12,1,14,2
-2221597426497896240-2503130720,1,14,12,1,14,2
-2221597426497896240-2503140720,1,14,12,1,14,2
-2221597426497896240-2503170720,1,14,12,1,14,2
-2221597426497896240-2503180720,1,14,12,1,14,2
-2221597426497896240-2503190720,1,14,12,1,14,2
-2221597426497896240-2503200720,1,14,12,1,14,2
-2221597426497896240-2503210720,1,14,12,1,14,2
-2221597426497896240-2503240720,1,14,12,1,14,2
-2221597426497896240-2503270720,1,15,12,1,15,3
-2221597426497896240-2503280720,1,15,12,1,15,3
-2221597426497896240-2503290720,1,15,12,1,15,3
-2221597426497896240-2503300720,1,15,12,1,15,3
-2221597426497896240-2503310720,1,14,12,1,14,2
-2221597426497896240-2504010720,1,14,12,1,14,2
-2221597426497896240-2504020720,1,14,12,1,14,2
-2221597426497896240-2504030720,1,14,12,1,14,2
-2221597426497896240-2504040720,1,14,12,1,14,2
-2221597426497896240-2504050720,1,14,12,1,14,2
-2221597426497896240-2504060720,1,14,12,1,14,2
-2221597426497896240-2504070720,1,14,12,1,14,2
-2221597426497896240-2504080720,1,14,12,1,14,2
-2221597426497896240-2504090720,1,14,12,1,14,2
-2221597426497896240-2504100720,1,14,12,1,14,2
-2221597426497896240-2504110720,1,14,12,1,14,2
-2221597426497896240-2504120720,1,14,12,1,14,2
-2221597426497896240-2504130720,1,14,12,1,14,2
-2221597426497896240-2504140720,1,14,12,1,14,2
-2221597426497896240-2504150720,1,14,12,1,14,2
-2221597426497896240-2504160726,1,14,12,1,14,2
-2221597426497896240-2504170816,1,14,11,1,14,3
-2221597426497896240-2504180759,1,14,11,1,14,3
-2221597426497896240-2504220659,1,12,9,1,12,3
-2221597426497896240-2504230659,1,14,11,1,14,3
-2221597426497896240-2504250659,1,14,11,1,14,3
-2221597426497896240-2504270659,1,12,10,1,12,2
-2221597426497896240-2504280659,1,13,11,1,13,2
-2221597426497896240-2504290659,1,14,11,1,14,3
-2221597426497896240-2504300659,1,12,11,1,12,1
-2221597426497896240-2505010659,1,12,11,1,12,1
-2221597426497896240-2505020726,1,14,11,1,14,3
-2221597426497896240-2505050726,1,14,11,1,14,3
-2221597426497896240-2505060726,1,14,11,1,14,3
-2221597426497896240-2505070726,1,14,11,1,14,3
-2221597426497896240-2505080726,1,14,11,1,14,3
-2221597426497896240-2505090726,1,14,11,1,14,3
-2221597426497896240-2505100726,1,14,11,1,14,3
-2221597426497896240-2505110726,1,14,11,1,14,3
-2221597426497896240-2505120726,1,14,11,1,14,3
-2221597426497896240-2505130726,1,14,11,1,14,3
-2221597426497896240-2505140726,1,14,11,1,14,3
-2221597426497896240-2505150726,1,14,11,1,14,3
-2221597426497896240-2505160726,1,14,11,1,14,3
-2221597426497896240-2505170726,1,14,11,1,14,3
-2221597426497896240-2505180726,1,14,11,1,14,3
-2221597426497896240-2505190726,1,14,11,1,14,3
-2221597426497896240-2505200726,1,14,11,1,14,3
-2221597426497896240-2505210726,1,14,11,1,14,3
-2221597426497896240-2505220726,1,14,11,1,14,3
-2221597426497896240-2505230726,1,14,11,1,14,3
-2221597426497896240-2505240711,1,14,11,1,14,3
-2221597426497896240-2505250711,1,14,11,1,14,3
-2221597426497896240-2505260726,1,14,11,1,14,3
-2221597426497896240-2505270726,1,14,11,1,14,3
-2221597426497896240-2505280726,1,14,11,1,14,3
-2221597426497896240-2505290726,1,14,11,1,14,3
-2221597426497896240-2505300726,1,14,11,1,14,3
-2221597426497896240-2505310726,1,14,11,1,14,3
-2221597426497896240-2506010726,1,14,11,1,14,3
-2221597426497896240-2506020726,1,14,11,1,14,3
-2221597426497896240-2506030726,1,14,11,1,14,3
-2221597426497896240-2506040726,1,14,11,1,14,3
-2221597426497896240-2506050726,1,14,11,1,14,3
-2221597426497896240-2506060726,1,14,11,1,14,3
-2221597426497896240-2506070726,1,14,12,1,14,2
-2221597426497896240-2506080726,1,14,12,1,14,2
-2221597426497896240-2506090726,1,14,12,1,14,2
-2221597426497896240-2506100726,1,14,12,1,14,2
-2221597426497896240-2506110726,1,14,12,1,14,2
-2221597426497896240-2506120726,1,14,12,1,14,2
-2221597426497896240-2506130726,1,14,12,1,14,2
-2221597426497896240-2506140726,1,14,12,1,14,2
-2221597426497896240-2506150726,1,14,12,1,14,2
-2221597426497896240-2506160726,1,14,12,1,14,2
-2221597426497896240-2506170726,1,14,12,1,14,2
-2221597426497896240-2506180726,1,14,12,1,14,2
-2221597426497896240-2506190726,1,14,12,1,14,2
-2221597426497896240-2506200726,1,14,12,1,14,2
-2221597426497896240-2506210726,1,14,12,1,14,2
-2221597426497896240-2506220726,1,14,12,1,14,2
-2221597426497896240-2506230726,1,14,12,1,14,2
-2221597426497896240-2506240726,1,14,12,1,14,2
-2221597426497896240-2506250726,1,14,12,1,14,2
-2221597426497896240-2506260726,1,14,12,1,14,2
-2221597426497896240-2506270724,1,16,15,1,16,1
-2221597426497896240-2506280724,1,16,15,1,16,1
-2221597426497896240-2506290724,1,16,15,1,16,1
-2221597426497896240-2506300724,1,16,15,1,16,1
-2221597426497896240-2507010724,1,16,15,1,16,1
-2221597426497896240-2507020724,1,16,15,1,16,1
-2221597426497896240-2507030724,1,16,15,1,16,1
-2221597426497896240-2507040724,1,16,15,1,16,1
-2221597426497896240-2507050724,1,16,15,1,16,1
-2221597426497896240-2507060724,1,16,15,1,16,1
-2221597426497896240-2507070724,1,16,15,1,16,1
-2221597426497896240-2507080724,1,16,15,1,16,1
-2221597426497896240-2507090724,1,16,15,1,16,1
-2221597426497896240-2507100724,1,16,15,1,16,1
-2221597426497896240-2507110724,1,16,15,1,16,1
-2221597426497896240-2507120726,1,14,12,1,14,2
-2221597426497896240-2507130726,1,14,12,1,14,2
-2221597426497896240-2507140726,1,14,12,1,14,2
-2221597426497896240-2507150726,1,14,12,1,14,2
-2221597426497896240-2507160726,1,14,12,1,14,2
-2221597426497896240-2507170726,1,14,12,1,14,2
-2221597426497896240-2507180726,1,14,12,1,14,2
-2221597426497896240-2507190726,1,14,12,1,14,2
-2221597426497896240-2507200726,1,14,12,1,14,2
-2221597426497896240-2507210726,1,14,12,1,14,2
-2221597426497896240-2507220726,1,14,12,1,14,2
-2221597426497896240-2507230726,1,14,12,1,14,2
-2221597426497896240-2507240726,1,14,12,1,14,2
-2221597426497896240-2507250726,1,14,12,1,14,2
-2221597426497896240-2507260726,1,14,12,1,14,2
-2221597426497896240-2507270726,1,14,12,1,14,2
-2221597426497896240-2507280726,1,14,12,1,14,2
-2221597426497896240-2507290726,1,14,12,1,14,2
-2221597426497896240-2507300726,1,14,12,1,14,2
-2221597426497896240-2507310726,1,14,12,1,14,2
-2221597426497896240-2508010726,1,14,12,1,14,2
-2221597426497896240-2508020726,1,14,12,1,14,2
-2221597426497896240-2508030726,1,14,12,1,14,2
-2221597426497896240-2508040726,1,14,12,1,14,2
-2221597426497896240-2508050726,1,14,12,1,14,2
-2221597426497896240-2508060726,1,14,12,1,14,2
-2221597426497896240-2508070726,1,14,12,1,14,2
-2221597426497896240-2508080726,1,14,12,1,14,2
-2221597426497896240-2508090726,1,14,12,1,14,2
-2221597426497896240-2508100726,1,14,12,1,14,2
-2221597426497896240-2508110726,1,14,12,1,14,2
-2221597426497896240-2508120726,1,14,12,1,14,2
-2221597426497896240-2508130726,1,14,12,1,14,2
-2221597426497896240-2508140726,1,14,12,1,14,2
-2221597426497896240-2508150726,1,14,12,1,14,2
-2221597426497896240-2508160726,1,14,12,1,14,2
-2221597426497896240-2508170726,1,14,12,1,14,2
-2221597426497896240-2508180726,1,14,12,1,14,2
-2221597426497896240-2508190726,1,14,12,1,14,2
-2221597426497896240-2508200726,1,14,12,1,14,2
-2221597426497896240-2508210726,1,14,12,1,14,2
-2221597426497896240-2508220726,1,14,12,1,14,2
-2221597426497896240-2508230726,1,13,11,1,13,2
-2221597426497896240-2508240726,1,14,12,1,14,2
-2221597426497896240-2508250726,1,14,12,1,14,2
-2221597426497896240-2508260726,1,14,12,1,14,2
-2221597426497896240-2508270726,1,14,12,1,14,2
-2221597426497896240-2508280726,1,14,12,1,14,2
-2221597426497896240-2508290726,1,14,12,1,14,2
-2221597426497896240-2508300726,1,14,12,1,14,2
-2221597426497896240-2508310726,1,14,12,1,14,2
-2221597426497896240-2509010726,1,14,12,1,14,2
-2221597426497896240-2509020726,1,14,12,1,14,2
-2221597426497896240-2509030726,1,14,12,1,14,2
-2221597426497896240-2509040726,1,14,12,1,14,2
-2221597426497896240-2509050726,1,14,12,1,14,2
-2221597426497896240-2509060726,1,14,12,1,14,2
-2221597426497896240-2509070726,1,14,12,1,14,2
-2221597426497896240-2509080726,1,14,12,1,14,2
-2221597426497896240-2509090726,1,14,12,1,14,2
-2221597426497896240-2509100726,1,14,12,1,14,2
-2221597426497896240-2509110726,1,14,12,1,14,2
-2221597426497896240-2509120726,1,14,12,1,14,2
-2221597426497896240-2509130726,1,14,12,1,14,2
-2221597426497896240-2509140725,1,13,11,1,13,2
-2221597426497896240-2509150725,1,13,11,1,13,2
-2221597426497896240-2509160725,1,13,11,1,13,2
-2221597426497896240-2509170725,1,13,11,1,13,2
-2221597426497896240-2509180725,1,13,11,1,13,2
-2221597426497896240-2509190725,1,13,11,1,13,2
-2221597426497896240-2509200725,1,13,11,1,13,2
-2221597426497896240-2509210725,1,13,11,1,13,2
-2221597426497896240-2509220725,1,13,11,1,13,2
-2221597426497896240-2509230725,1,13,11,1,13,2
-2221597426497896240-2510010726,1,16,15,1,16,1
-2221597426497896240-2510020726,1,16,15,1,16,1
-2221597426497896240-2510030726,1,16,15,1,16,1
-2221597426497896240-2510040726,1,16,15,1,16,1
-2221597426497896240-2510050726,1,16,15,1,16,1
-2221597426497896240-2510060726,1,16,15,1,16,1
-2221597426497896240-2510070726,1,16,15,1,16,1
-2221597426497896240-2510080726,1,16,15,1,16,1
-2221597426497896240-2510090726,1,16,15,1,16,1
-2221597426497896240-2510100726,1,16,15,1,16,1
-2221597426497896240-2510110726,1,16,15,1,16,1
-2221597426497896240-2510120726,1,16,15,1,16,1
-2221597426497896240-2510130726,1,16,15,1,16,1
-2221597426497896240-2510140726,1,16,15,1,16,1
-2221597426497896240-2510150726,1,16,15,1,16,1
-2221597426497896240-2510160726,1,16,15,1,16,1
-2221597426497896240-2510170726,1,16,15,1,16,1
-2221597426497896240-2510180726,1,16,15,1,16,1
-2221597426497896240-2510190726,1,16,15,1,16,1
-2221597426497896240-2510200726,1,16,15,1,16,1
-2221597426497896240-2510210726,1,16,15,1,16,1
-2221597426497896240-2510220726,1,16,15,1,16,1
-2221597426497896240-2510230726,1,16,15,1,16,1
-2221597426497896240-2510240726,1,16,15,1,16,1
-2221597426497896240-2510270726,1,16,15,1,16,1
-2221597426497896240-2510280726,1,16,15,1,16,1
-2221597426497896240-2510300726,1,16,15,1,16,1
-2221597426497896240-2510310726,1,16,15,1,16,1
-2221597426497896240-2511010726,1,16,15,1,16,1
-2221597426497896240-2511020726,1,16,15,1,16,1
-2325958637038279218-2408181852,2,8,6,2,8,1
-2325958637038279218-2408191852,2,8,6,2,8,1
-2325958637038279218-2408201852,2,8,6,2,8,1
-2325958637038279218-2408211852,2,8,6,2,8,1
-2325958637038279218-2408221852,2,8,6,2,8,1
-2325958637038279218-2408231852,2,8,6,2,8,1
-2325958637038279218-2408241852,2,8,6,2,8,1
-2325958637038279218-2408251852,2,8,6,2,8,1
-2325958637038279218-2505221852,2,8,6,2,8,1
-2325958637038279218-2505231852,2,8,6,2,8,1
-2325958637038279218-2505241852,2,8,6,2,8,1
-2360144769264017939-2408080751,4,10,6,4,10,1
-2360144769264017939-2408090751,4,10,6,4,10,1
-2360144769264017939-2408100751,4,10,6,4,10,1
-2360144769264017939-2408110751,4,10,6,4,10,1
-2360144769264017939-2408120751,4,10,6,4,10,1
-2360144769264017939-2408130751,4,10,6,4,10,1
-2360144769264017939-2408140751,4,10,6,4,10,1
-2360144769264017939-2408150751,4,10,6,4,10,1
-2390195416898171541-2508270422,2,9,7,2,9,1
-2390195416898171541-2508280422,2,9,7,2,9,1
-2390195416898171541-2508290422,2,9,7,2,9,1
-2390195416898171541-2509080421,2,9,7,2,9,1
-2390195416898171541-2510230424,2,9,6,2,9,2
-240912849532682912-2407091017,5,13,7,5,13,2
-240912849532682912-2408130618,5,13,8,5,13,1
-240912849532682912-2408281219,9,19,9,9,19,2
-2434431353590476722-2407191536,3,12,8,3,12,2
-2434431353590476722-2407201536,3,13,9,3,13,2
-2434431353590476722-2407211536,3,13,9,3,13,2
-2434431353590476722-2409011437,8,17,8,8,17,2
-2434431353590476722-2409021437,8,15,7,8,15,1
-2434431353590476722-2409031437,8,17,8,8,17,2
-2434431353590476722-2409041437,8,15,7,8,15,1
-2434431353590476722-2409051437,8,17,8,8,17,2
-2434431353590476722-2409061437,8,17,8,8,17,2
-2434431353590476722-2409071437,8,17,8,8,17,2
-2434431353590476722-2501131534,3,13,9,3,13,2
-2434431353590476722-2501191534,3,13,9,3,13,2
-2434431353590476722-2501261536,3,13,9,3,13,2
-2434431353590476722-2503081536,3,13,9,3,13,2
-2434431353590476722-2503091536,3,13,9,3,13,2
-2434431353590476722-2503101536,3,13,9,3,13,2
-2434431353590476722-2503111536,3,13,9,3,13,2
-2434431353590476722-2503121536,3,13,9,3,13,2
-2434431353590476722-2503131536,3,10,7,3,10,1
-2434431353590476722-2503141536,3,10,7,3,10,1
-2434431353590476722-2503151536,3,10,7,3,10,1
-2434431353590476722-2503161536,3,13,9,3,13,2
-2434431353590476722-2503171536,3,13,9,3,13,2
-2434431353590476722-2503181536,3,13,9,3,13,2
-2434431353590476722-2503191536,3,13,9,3,13,2
-2434431353590476722-2503201536,3,13,9,3,13,2
-2434431353590476722-2503211536,3,13,9,3,13,2
-2434431353590476722-2506061536,3,10,7,3,10,1
-2434431353590476722-2506071536,3,10,7,3,10,1
-2434431353590476722-2506081536,3,13,9,3,13,2
-2434431353590476722-2507261534,3,13,9,3,13,2
-2434431353590476722-2507271534,3,13,9,3,13,2
-2434431353590476722-2507281534,3,13,9,3,13,2
-2434431353590476722-2507291534,3,13,9,3,13,2
-2434431353590476722-2507301534,3,13,9,3,13,2
-2434431353590476722-2507311534,3,13,9,3,13,2
-2434431353590476722-2508011534,3,13,9,3,13,2
-2434431353590476722-2508021440,8,18,9,8,18,2
-2434431353590476722-2508031440,8,18,9,8,18,2
-2467281444360141068-2407010818,5,13,7,5,13,2
-2467281444360141068-2407020818,5,13,7,5,13,2
-2467281444360141068-2407030818,5,13,7,5,13,2
-2467281444360141068-2407040818,5,13,7,5,13,2
-2467281444360141068-2407050818,5,13,7,5,13,2
-2467281444360141068-2407060818,5,13,7,5,13,2
-2467281444360141068-2407070818,5,13,7,5,13,2
-2467281444360141068-2407080818,5,13,7,5,13,2
-2467281444360141068-2407090818,5,13,7,5,13,2
-2467281444360141068-2407100818,5,13,7,5,13,2
-2467281444360141068-2407110818,5,13,7,5,13,2
-2467281444360141068-2407120818,5,13,7,5,13,2
-2467281444360141068-2407130818,5,13,7,5,13,2
-2467281444360141068-2407140818,5,13,7,5,13,2
-2467281444360141068-2407150818,5,13,7,5,13,2
-2467281444360141068-2407160818,5,13,7,5,13,2
-2467281444360141068-2407170818,5,13,7,5,13,2
-2467281444360141068-2407180818,5,13,7,5,13,2
-2467281444360141068-2407190818,5,13,7,5,13,2
-2467281444360141068-2407200818,5,13,7,5,13,2
-2467281444360141068-2407210818,5,13,7,5,13,2
-2467281444360141068-2407220818,5,13,7,5,13,2
-2467281444360141068-2407230818,5,13,7,5,13,2
-2467281444360141068-2407240818,5,13,7,5,13,2
-2467281444360141068-2407250818,5,13,7,5,13,2
-2467281444360141068-2407260818,5,13,7,5,13,2
-2467281444360141068-2407270719,5,13,7,5,13,2
-2467281444360141068-2407280719,5,13,7,5,13,2
-2467281444360141068-2407290719,5,13,7,5,13,2
-2467281444360141068-2407300719,5,13,7,5,13,2
-2467281444360141068-2407310719,5,13,7,5,13,2
-2467281444360141068-2408010719,5,13,7,5,13,2
-2467281444360141068-2408020719,5,13,7,5,13,2
-2467281444360141068-2408030719,5,13,7,5,13,2
-2467281444360141068-2408040719,5,13,7,5,13,2
-2467281444360141068-2408050719,5,13,7,5,13,2
-2467281444360141068-2408060719,5,13,7,5,13,2
-2467281444360141068-2408070719,5,13,7,5,13,2
-2467281444360141068-2408080719,5,13,7,5,13,2
-2467281444360141068-2408090719,5,13,7,5,13,2
-2467281444360141068-2408100719,5,13,7,5,13,2
-2467281444360141068-2408110719,5,13,7,5,13,2
-2467281444360141068-2408120719,5,13,7,5,13,2
-2467281444360141068-2408130719,5,13,7,5,13,2
-2467281444360141068-2408140719,5,13,7,5,13,2
-2467281444360141068-2408150719,5,13,7,5,13,2
-2467281444360141068-2408160818,5,13,7,5,13,2
-2467281444360141068-2408170719,9,17,7,9,17,2
-2467281444360141068-2408180719,9,17,7,9,17,2
-2467281444360141068-2408190719,9,17,7,9,17,2
-2467281444360141068-2408200719,9,17,7,9,17,2
-2467281444360141068-2408210719,9,17,7,9,17,2
-2467281444360141068-2408220719,9,17,7,9,17,2
-2467281444360141068-2408230719,9,17,7,9,17,2
-2467281444360141068-2408240719,9,17,7,9,17,2
-2467281444360141068-2408250719,9,17,7,9,17,2
-2467281444360141068-2408260719,9,17,7,9,17,2
-2467281444360141068-2408270719,9,17,7,9,17,2
-2467281444360141068-2408280719,9,17,7,9,17,2
-2467281444360141068-2408290719,9,17,7,9,17,2
-2467281444360141068-2408300719,9,17,7,9,17,2
-2467281444360141068-2409010720,9,17,7,9,17,2
-2467281444360141068-2409070719,9,17,7,9,17,2
-2467281444360141068-2409080719,9,17,7,9,17,2
-2467281444360141068-2409090719,9,17,7,9,17,2
-2467281444360141068-2409100719,9,17,7,9,17,2
-2467281444360141068-2409110719,9,17,7,9,17,2
-2467281444360141068-2409120719,9,17,7,9,17,2
-2467281444360141068-2409130719,9,17,7,9,17,2
-2467281444360141068-2409140719,9,17,7,9,17,2
-2467281444360141068-2409150719,9,17,7,9,17,2
-2467281444360141068-2409160719,9,17,7,9,17,2
-2467281444360141068-2409170719,9,17,7,9,17,2
-2467281444360141068-2409180719,9,17,7,9,17,2
-2467281444360141068-2409190719,9,17,7,9,17,2
-2467281444360141068-2409200719,9,17,8,9,17,1
-2467281444360141068-2409210719,9,17,8,9,17,1
-2467281444360141068-2409220719,9,17,8,9,17,1
-2467281444360141068-2409230719,9,16,7,9,16,1
-2467281444360141068-2409240719,9,16,6,9,16,2
-2467281444360141068-2409250719,9,16,6,9,16,2
-2467281444360141068-2409260719,9,16,6,9,16,2
-2467281444360141068-2409270719,9,16,6,9,16,2
-2467281444360141068-2409280719,9,16,6,9,16,2
-2467281444360141068-2409290719,9,16,6,9,16,2
-2467281444360141068-2409300719,9,16,6,9,16,2
-2467281444360141068-2410010719,9,16,6,9,16,2
-2467281444360141068-2410020719,9,16,6,9,16,2
-2467281444360141068-2410030719,9,16,6,9,16,2
-2467281444360141068-2410040719,9,16,6,9,16,2
-2467281444360141068-2410050719,9,17,7,9,17,2
-2467281444360141068-2410060719,9,17,7,9,17,2
-2467281444360141068-2410070719,9,17,7,9,17,2
-2467281444360141068-2410080719,9,17,7,9,17,2
-2467281444360141068-2410090719,9,17,7,9,17,2
-2467281444360141068-2410100719,9,17,7,9,17,2
-2467281444360141068-2410110719,9,17,7,9,17,2
-2467281444360141068-2410120719,9,17,7,9,17,2
-2467281444360141068-2410130719,9,17,7,9,17,2
-2467281444360141068-2410140719,9,17,7,9,17,2
-2467281444360141068-2410150719,9,17,7,9,17,2
-2467281444360141068-2410160719,9,17,7,9,17,2
-2467281444360141068-2410170719,9,17,7,9,17,2
-2467281444360141068-2410180719,9,17,7,9,17,2
-2467281444360141068-2410190719,9,17,7,9,17,2
-2467281444360141068-2410200719,9,17,7,9,17,2
-2467281444360141068-2410210719,9,17,7,9,17,2
-2467281444360141068-2410220719,9,17,7,9,17,2
-2467281444360141068-2410230719,9,17,7,9,17,2
-2467281444360141068-2410240719,9,17,7,9,17,2
-2467281444360141068-2410250719,9,17,7,9,17,2
-2467281444360141068-2410260719,9,17,8,9,17,1
-2467281444360141068-2410270719,9,17,8,9,17,1
-2467281444360141068-2410280719,9,17,8,9,17,1
-2467281444360141068-2410290719,9,17,8,9,17,1
-2467281444360141068-2410300719,9,17,8,9,17,1
-2467281444360141068-2410310719,9,17,8,9,17,1
-2467281444360141068-2411010719,9,17,8,9,17,1
-2467281444360141068-2411020719,9,17,7,9,17,2
-2467281444360141068-2411030719,9,17,7,9,17,2
-2467281444360141068-2411040719,9,17,7,9,17,2
-2467281444360141068-2411050719,9,17,7,9,17,2
-2467281444360141068-2411060719,9,17,7,9,17,2
-2467281444360141068-2411070719,9,17,7,9,17,2
-2467281444360141068-2411080719,9,17,7,9,17,2
-2467281444360141068-2411090719,9,17,7,9,17,2
-2467281444360141068-2411100719,9,17,7,9,17,2
-2467281444360141068-2411110719,9,17,7,9,17,2
-2467281444360141068-2411120719,9,17,7,9,17,2
-2467281444360141068-2411130719,9,17,7,9,17,2
-2467281444360141068-2411140719,9,17,7,9,17,2
-2467281444360141068-2411150719,9,17,7,9,17,2
-2467281444360141068-2411160719,9,17,7,9,17,2
-2467281444360141068-2411170719,9,17,7,9,17,2
-2467281444360141068-2411180719,9,17,7,9,17,2
-2467281444360141068-2411190719,9,17,7,9,17,2
-2467281444360141068-2411200719,9,17,7,9,17,2
-2467281444360141068-2411210719,9,17,7,9,17,2
-2467281444360141068-2411220719,9,17,7,9,17,2
-2467281444360141068-2411230719,9,17,8,9,17,1
-2467281444360141068-2411240719,9,17,8,9,17,1
-2467281444360141068-2411250719,9,17,8,9,17,1
-2467281444360141068-2411260719,9,17,8,9,17,1
-2467281444360141068-2411270719,9,17,8,9,17,1
-2467281444360141068-2411280719,9,17,8,9,17,1
-2467281444360141068-2411290719,9,17,8,9,17,1
-2467281444360141068-2411300719,8,18,7,8,18,4
-2467281444360141068-2412010719,8,18,7,8,18,4
-2467281444360141068-2412020719,9,17,7,9,17,2
-2467281444360141068-2412030719,9,17,7,9,17,2
-2467281444360141068-2412040719,9,17,7,9,17,2
-2467281444360141068-2412050719,9,17,7,9,17,2
-2467281444360141068-2412060719,9,17,7,9,17,2
-2467281444360141068-2412070719,9,17,7,9,17,2
-2467281444360141068-2412080719,9,17,7,9,17,2
-2467281444360141068-2412090719,9,17,7,9,17,2
-2467281444360141068-2412100719,9,17,7,9,17,2
-2467281444360141068-2412110719,9,17,7,9,17,2
-2467281444360141068-2412120719,9,17,7,9,17,2
-2467281444360141068-2412130719,9,17,7,9,17,2
-2467281444360141068-2412140719,9,17,7,9,17,2
-2467281444360141068-2412150818,5,13,7,5,13,2
-2467281444360141068-2412160818,5,13,7,5,13,2
-2467281444360141068-2412170818,5,13,7,5,13,2
-2467281444360141068-2412180818,5,13,7,5,13,2
-2467281444360141068-2412190818,5,13,7,5,13,2
-2467281444360141068-2412200818,5,13,7,5,13,2
-2467281444360141068-2412210818,5,13,7,5,13,2
-2467281444360141068-2412220818,5,13,7,5,13,2
-2467281444360141068-2412230818,5,13,7,5,13,2
-2467281444360141068-2412240818,5,13,7,5,13,2
-2467281444360141068-2412250818,5,13,7,5,13,2
-2467281444360141068-2412260818,5,13,7,5,13,2
-2467281444360141068-2412270818,5,13,7,5,13,2
-2467281444360141068-2412280818,5,13,7,5,13,2
-2467281444360141068-2412290818,5,13,7,5,13,2
-2467281444360141068-2412300818,5,13,7,5,13,2
-2467281444360141068-2412310818,5,13,7,5,13,2
-2467281444360141068-2501010818,5,13,7,5,13,2
-2467281444360141068-2501020818,5,13,7,5,13,2
-2467281444360141068-2501030818,5,13,7,5,13,2
-2467281444360141068-2501040818,5,13,7,5,13,2
-2467281444360141068-2501050818,5,13,7,5,13,2
-2467281444360141068-2501060818,5,13,7,5,13,2
-2467281444360141068-2501070818,5,13,7,5,13,2
-2467281444360141068-2501080818,5,13,7,5,13,2
-2467281444360141068-2501090818,5,13,7,5,13,2
-2467281444360141068-2501100818,5,13,7,5,13,2
-2467281444360141068-2501110818,5,13,7,5,13,2
-2467281444360141068-2501120818,5,13,7,5,13,2
-2467281444360141068-2501130818,5,13,7,5,13,2
-2467281444360141068-2501140818,5,13,7,5,13,2
-2467281444360141068-2501150818,5,13,7,5,13,2
-2467281444360141068-2501160818,5,13,7,5,13,2
-2467281444360141068-2501170818,5,13,7,5,13,2
-2467281444360141068-2501180818,5,13,7,5,13,2
-2467281444360141068-2501190818,5,13,7,5,13,2
-2467281444360141068-2501200818,5,13,7,5,13,2
-2467281444360141068-2501210818,5,13,7,5,13,2
-2467281444360141068-2501220818,5,13,7,5,13,2
-2467281444360141068-2501230818,5,13,7,5,13,2
-2467281444360141068-2501240818,5,13,7,5,13,2
-2467281444360141068-2501250818,5,13,7,5,13,2
-2467281444360141068-2501260818,5,13,7,5,13,2
-2467281444360141068-2501270818,5,13,7,5,13,2
-2467281444360141068-2502020818,5,13,7,5,13,2
-2467281444360141068-2502080818,5,13,7,5,13,2
-2467281444360141068-2502090818,5,13,7,5,13,2
-2467281444360141068-2502150818,5,13,7,5,13,2
-2467281444360141068-2502160818,5,13,7,5,13,2
-2467281444360141068-2502220818,5,13,7,5,13,2
-2467281444360141068-2502230818,5,13,7,5,13,2
-2467281444360141068-2502240818,5,13,7,5,13,2
-2467281444360141068-2502250818,5,13,7,5,13,2
-2467281444360141068-2502260818,5,13,7,5,13,2
-2467281444360141068-2502270818,5,13,7,5,13,2
-2467281444360141068-2502280818,5,13,7,5,13,2
-2467281444360141068-2503010818,5,13,7,5,13,2
-2467281444360141068-2503020818,5,13,7,5,13,2
-2467281444360141068-2503030818,5,13,7,5,13,2
-2467281444360141068-2503040818,5,13,7,5,13,2
-2467281444360141068-2503050818,5,13,7,5,13,2
-2467281444360141068-2503060818,5,13,7,5,13,2
-2467281444360141068-2503070818,5,13,7,5,13,2
-2467281444360141068-2503240818,5,13,7,5,13,2
-2467281444360141068-2503250818,5,15,7,5,15,4
-2467281444360141068-2503260818,5,15,7,5,15,4
-2467281444360141068-2503270818,5,13,7,5,13,2
-2467281444360141068-2503280818,5,13,7,5,13,2
-2467281444360141068-2503290818,5,13,7,5,13,2
-2467281444360141068-2503300818,5,13,7,5,13,2
-2467281444360141068-2503310818,5,13,7,5,13,2
-2467281444360141068-2504010818,5,13,7,5,13,2
-2467281444360141068-2504020818,5,13,7,5,13,2
-2467281444360141068-2504030818,5,13,7,5,13,2
-2467281444360141068-2504040818,5,13,7,5,13,2
-2467281444360141068-2504050818,5,13,7,5,13,2
-2467281444360141068-2504060818,5,13,7,5,13,2
-2467281444360141068-2504070818,5,13,7,5,13,2
-2467281444360141068-2504080818,5,13,7,5,13,2
-2467281444360141068-2504090818,5,13,7,5,13,2
-2467281444360141068-2504100818,5,13,7,5,13,2
-2467281444360141068-2504110818,5,13,7,5,13,2
-2467281444360141068-2504120818,5,12,7,5,12,1
-2467281444360141068-2504130818,5,12,7,5,12,1
-2467281444360141068-2504140818,5,12,7,5,12,1
-2467281444360141068-2504150818,5,12,7,5,12,1
-2467281444360141068-2504160818,5,12,7,5,12,1
-2467281444360141068-2504170818,5,12,7,5,12,1
-2467281444360141068-2504180818,5,12,7,5,12,1
-2467281444360141068-2504220818,5,13,7,5,13,2
-2467281444360141068-2504230818,5,13,7,5,13,2
-2467281444360141068-2504240818,5,13,7,5,13,2
-2467281444360141068-2504250818,5,13,7,5,13,2
-2467281444360141068-2504260818,5,13,7,5,13,2
-2467281444360141068-2504270818,5,13,7,5,13,2
-2467281444360141068-2504280818,5,13,7,5,13,2
-2467281444360141068-2504290818,5,13,7,5,13,2
-2467281444360141068-2504300818,5,13,7,5,13,2
-2467281444360141068-2505010818,5,13,7,5,13,2
-2467281444360141068-2505020818,5,13,7,5,13,2
-2467281444360141068-2505030818,5,13,7,5,13,2
-2467281444360141068-2505040818,5,13,7,5,13,2
-2467281444360141068-2505050818,5,13,7,5,13,2
-2467281444360141068-2505060818,5,13,7,5,13,2
-2467281444360141068-2505070818,5,13,7,5,13,2
-2467281444360141068-2505080818,5,13,7,5,13,2
-2467281444360141068-2505090818,5,13,7,5,13,2
-2467281444360141068-2505100818,5,13,7,5,13,2
-2467281444360141068-2505110818,5,13,7,5,13,2
-2467281444360141068-2505120818,5,13,7,5,13,2
-2467281444360141068-2505130818,5,13,7,5,13,2
-2467281444360141068-2505140818,5,13,7,5,13,2
-2467281444360141068-2505150818,5,13,7,5,13,2
-2467281444360141068-2505160818,5,13,7,5,13,2
-2467281444360141068-2505170818,5,13,7,5,13,2
-2467281444360141068-2505180736,5,13,7,5,13,2
-2467281444360141068-2505190818,5,13,7,5,13,2
-2467281444360141068-2505200818,5,13,7,5,13,2
-2467281444360141068-2505210818,5,13,7,5,13,2
-2467281444360141068-2505220818,5,13,7,5,13,2
-2467281444360141068-2505230818,5,13,7,5,13,2
-2467281444360141068-2505240818,5,13,7,5,13,2
-2467281444360141068-2505250818,5,13,7,5,13,2
-2467281444360141068-2505260818,5,13,7,5,13,2
-2467281444360141068-2505270818,5,13,7,5,13,2
-2467281444360141068-2505280818,5,13,7,5,13,2
-2467281444360141068-2505290818,5,13,7,5,13,2
-2467281444360141068-2505300818,5,13,7,5,13,2
-2467281444360141068-2505310818,5,13,7,5,13,2
-2467281444360141068-2506010818,5,13,7,5,13,2
-2467281444360141068-2506020818,5,13,7,5,13,2
-2467281444360141068-2506030818,5,13,7,5,13,2
-2467281444360141068-2506040818,5,13,7,5,13,2
-2467281444360141068-2506050818,5,13,7,5,13,2
-2467281444360141068-2506060818,5,13,7,5,13,2
-2467281444360141068-2506070818,5,13,7,5,13,2
-2467281444360141068-2506080818,5,13,7,5,13,2
-2467281444360141068-2506090818,5,13,7,5,13,2
-2467281444360141068-2506100818,5,13,7,5,13,2
-2467281444360141068-2506110818,5,13,7,5,13,2
-2467281444360141068-2506120818,5,13,7,5,13,2
-2467281444360141068-2506130818,5,13,7,5,13,2
-2467281444360141068-2506140818,5,13,7,5,13,2
-2467281444360141068-2506150818,5,13,7,5,13,2
-2467281444360141068-2506160818,5,13,7,5,13,2
-2467281444360141068-2506170818,5,13,7,5,13,2
-2467281444360141068-2506180818,5,14,7,5,14,3
-2467281444360141068-2506190818,5,14,7,5,14,3
-2467281444360141068-2506200818,5,13,7,5,13,2
-2467281444360141068-2506210818,5,13,7,5,13,2
-2467281444360141068-2506220818,5,13,7,5,13,2
-2467281444360141068-2506230818,5,13,7,5,13,2
-2467281444360141068-2506240818,5,13,7,5,13,2
-2467281444360141068-2506250818,5,13,7,5,13,2
-2467281444360141068-2506260818,5,13,7,5,13,2
-2467281444360141068-2506270818,5,14,7,5,14,3
-2467281444360141068-2506280818,5,14,7,5,14,3
-2467281444360141068-2506290818,5,14,7,5,14,3
-2467281444360141068-2506300818,5,14,7,5,14,3
-2467281444360141068-2507010818,5,14,7,5,14,3
-2467281444360141068-2507020818,5,14,7,5,14,3
-2467281444360141068-2507030818,5,14,7,5,14,3
-2467281444360141068-2507040818,5,14,7,5,14,3
-2467281444360141068-2507050818,5,14,7,5,14,3
-2467281444360141068-2507060818,5,14,7,5,14,3
-2467281444360141068-2507070818,5,14,7,5,14,3
-2467281444360141068-2507080818,5,14,7,5,14,3
-2467281444360141068-2507090818,5,14,7,5,14,3
-2467281444360141068-2507100818,5,14,7,5,14,3
-2467281444360141068-2507110818,5,14,7,5,14,3
-2467281444360141068-2507120818,5,13,7,5,13,2
-2467281444360141068-2507130818,5,13,7,5,13,2
-2467281444360141068-2507140818,5,13,7,5,13,2
-2467281444360141068-2507150818,5,13,7,5,13,2
-2467281444360141068-2507160818,5,13,7,5,13,2
-2467281444360141068-2507170818,5,13,7,5,13,2
-2467281444360141068-2507180818,5,13,7,5,13,2
-2467281444360141068-2507190818,5,13,7,5,13,2
-2467281444360141068-2507200818,5,13,7,5,13,2
-2467281444360141068-2507210818,5,13,7,5,13,2
-2467281444360141068-2507220818,5,13,7,5,13,2
-2467281444360141068-2507230818,5,13,7,5,13,2
-2467281444360141068-2507240818,5,13,7,5,13,2
-2467281444360141068-2507250818,5,13,7,5,13,2
-2467281444360141068-2508040719,8,16,7,8,16,2
-2467281444360141068-2508050719,8,16,7,8,16,2
-2467281444360141068-2508060719,8,16,7,8,16,2
-2467281444360141068-2508070719,8,16,7,8,16,2
-2467281444360141068-2508080719,8,16,7,8,16,2
-2467281444360141068-2508090719,8,16,7,8,16,2
-2467281444360141068-2508100719,8,16,7,8,16,2
-2467281444360141068-2508110719,8,16,7,8,16,2
-2467281444360141068-2508120719,8,16,7,8,16,2
-2467281444360141068-2508130719,8,16,7,8,16,2
-2467281444360141068-2508140719,8,16,7,8,16,2
-2467281444360141068-2508150719,8,16,7,8,16,2
-2467281444360141068-2508160719,8,17,8,8,17,2
-2467281444360141068-2508170719,8,17,8,8,17,2
-2467281444360141068-2508180719,8,17,8,8,17,2
-2467281444360141068-2508190719,8,17,8,8,17,2
-2467281444360141068-2508200719,8,17,8,8,17,2
-2467281444360141068-2508210719,8,17,8,8,17,2
-2467281444360141068-2508220719,8,17,8,8,17,2
-2467281444360141068-2508230719,8,17,8,8,17,2
-2467281444360141068-2508240719,8,17,8,8,17,2
-2467281444360141068-2508250718,8,15,7,8,15,1
-2467281444360141068-2508260718,8,15,7,8,15,1
-2467281444360141068-2508270718,8,15,7,8,15,1
-2467281444360141068-2508280718,8,15,7,8,15,1
-2467281444360141068-2508290718,8,15,7,8,15,1
-2467281444360141068-2508300718,8,15,7,8,15,1
-2467281444360141068-2508310718,8,15,7,8,15,1
-2467281444360141068-2509010718,8,15,7,8,15,1
-2467281444360141068-2509020718,8,15,7,8,15,1
-2467281444360141068-2509030718,8,15,7,8,15,1
-2467281444360141068-2509040718,8,15,7,8,15,1
-2467281444360141068-2509050718,8,15,7,8,15,1
-2467281444360141068-2509060718,8,15,7,8,15,1
-2467281444360141068-2509070718,8,15,7,8,15,1
-2467281444360141068-2509080718,8,15,7,8,15,1
-2467281444360141068-2509090719,8,16,7,8,16,2
-2467281444360141068-2509100719,8,16,7,8,16,2
-2467281444360141068-2509110719,8,16,7,8,16,2
-2467281444360141068-2509120719,8,16,7,8,16,2
-2467281444360141068-2509130719,8,16,7,8,16,2
-2467281444360141068-2509140719,8,16,7,8,16,2
-2467281444360141068-2509150719,8,16,7,8,16,2
-2467281444360141068-2509160719,8,16,7,8,16,2
-2467281444360141068-2509170719,8,16,7,8,16,2
-2467281444360141068-2509180719,8,16,7,8,16,2
-2467281444360141068-2509190719,8,16,7,8,16,2
-2467281444360141068-2509200719,8,16,7,8,16,2
-2467281444360141068-2509210719,8,16,7,8,16,2
-2467281444360141068-2509220719,8,16,7,8,16,2
-2467281444360141068-2509230719,8,16,7,8,16,2
-2553426712207437296-2503081030,6,14,7,6,14,2
-2553426712207437296-2503091030,6,14,7,6,14,2
-2553426712207437296-2503101030,6,14,7,6,14,2
-2553426712207437296-2503111030,6,14,7,6,14,2
-2553426712207437296-2503121030,6,14,7,6,14,2
-2553426712207437296-2503131030,6,14,7,6,14,2
-2553426712207437296-2503141030,6,14,7,6,14,2
-2553426712207437296-2503151030,6,14,7,6,14,2
-2553426712207437296-2503161030,6,14,7,6,14,2
-2553426712207437296-2503171030,6,14,7,6,14,2
-2553426712207437296-2503181030,6,14,7,6,14,2
-2553426712207437296-2503191030,6,14,7,6,14,2
-2553426712207437296-2503201030,6,14,7,6,14,2
-2553426712207437296-2503211030,6,14,7,6,14,2
-2553426712207437296-2507261020,6,14,7,6,14,2
-2553426712207437296-2507271020,6,14,7,6,14,2
-2553426712207437296-2507281020,6,14,7,6,14,2
-2553426712207437296-2507291020,6,14,7,6,14,2
-2553426712207437296-2507301020,6,14,7,6,14,2
-2553426712207437296-2507311020,6,14,7,6,14,2
-2553426712207437296-2508011020,6,14,7,6,14,2
-2553426712207437296-2508020937,7,15,7,7,15,2
-2553426712207437296-2508030937,7,15,7,7,15,2
-2553426712207437296-2508120937,6,14,7,6,14,2
-2553426712207437296-2508130937,6,14,7,6,14,2
-2553426712207437296-2508140937,6,14,7,6,14,2
-2553426712207437296-2508150937,6,14,7,6,14,2
-2553426712207437296-2508160937,6,15,8,6,15,2
-2553426712207437296-2508170937,6,15,8,6,15,2
-2553426712207437296-2508180937,6,15,8,6,15,2
-2568257323669627117-2407310819,5,14,8,5,14,2
-2568257323669627117-2408010618,5,13,8,5,13,1
-2568257323669627117-2408040719,5,13,7,5,13,2
-2568257323669627117-2408271219,9,19,9,9,19,2
-2568257323669627117-2409141538,7,14,6,7,14,2
-2568257323669627117-2410171835,8,25,13,8,25,5
-2568257323669627117-2410220534,7,15,7,7,15,2
-2568257323669627117-2410270922,7,14,7,7,14,1
-2568257323669627117-2411131422,9,20,9,9,20,3
-2568257323669627117-2411170719,9,17,7,9,17,2
-2568257323669627117-2411260922,7,14,7,7,14,1
-2568257323669627117-2504201800,5,21,12,5,21,5
-2638916872742442629-2505230652,2,8,6,2,8,1
-2638916872742442629-2512181626,2,102,7,2,102,94
-2699096173797484574-2407110617,5,13,7,5,13,2
-2699096173797484574-2409170534,7,15,7,7,15,2
-2699096173797484574-2409231422,9,18,8,9,18,2
-2699096173797484574-2409240534,7,14,6,7,14,2
-2699096173797484574-2410151338,7,15,7,7,15,2
-2699096173797484574-2410240534,7,15,7,7,15,2
-2699096173797484574-2411050534,7,15,7,7,15,2
-2699096173797484574-2411220534,7,15,7,7,15,2
-2699096173797484574-2412090534,7,15,7,7,15,2
-2699096173797484574-2502070617,5,13,7,5,13,2
-2699096173797484574-2502100617,5,13,7,5,13,2
-2699096173797484574-2502250718,5,13,8,5,13,1
-2699096173797484574-2507020617,5,15,8,5,15,3
-2699096173797484574-2507170617,4,12,7,4,12,2
-2723135214286865161-2504191806,4,21,13,4,21,5
-2723135214286865161-2504221837,4,21,14,4,21,4
-2723135214286865161-2504241837,4,21,13,4,21,5
-2788242893192154341-2510241024,1,10,8,1,10,2
-2843969100800536229-2509191121,3,15,11,3,15,2
-2924048263536998052-2409011553,6,13,6,6,13,2
-2924048263536998052-2409021603,6,13,6,6,13,2
-2924048263536998052-2409031553,6,13,6,6,13,2
-2924048263536998052-2409041553,6,13,6,6,13,2
-2924048263536998052-2409051553,6,13,6,6,13,2
-2924048263536998052-2409061553,6,13,6,6,13,2
-2924048263536998052-2409071553,6,13,6,6,13,2
-2924048263536998052-2409091553,6,13,6,6,13,2
-2924048263536998052-2503091625,6,13,6,6,13,2
-2924048263536998052-2503101625,6,13,6,6,13,2
-2924048263536998052-2503111625,6,13,6,6,13,2
-2924048263536998052-2503121625,6,13,6,6,13,2
-2924048263536998052-2503131625,6,13,6,6,13,2
-2924048263536998052-2503141625,6,13,6,6,13,2
-2924048263536998052-2503161625,6,13,6,6,13,2
-2924048263536998052-2503171625,6,13,6,6,13,2
-2924048263536998052-2503181625,6,13,6,6,13,2
-2924048263536998052-2503191625,6,13,6,6,13,2
-2924048263536998052-2503201625,6,13,6,6,13,2
-2924048263536998052-2503211625,6,13,6,6,13,2
-2924048263536998052-2507271620,6,13,6,6,13,2
-2924048263536998052-2507281620,6,13,6,6,13,2
-2924048263536998052-2507291620,6,13,6,6,13,2
-2924048263536998052-2507301620,6,13,6,6,13,2
-2924048263536998052-2507311620,6,13,6,6,13,2
-2924048263536998052-2508011620,6,13,6,6,13,2
-2924048263536998052-2508021552,6,13,6,6,13,2
-2924048263536998052-2508031552,6,13,6,6,13,2
-2954831050481127767-2407271420,5,13,7,5,13,2
-2954831050481127767-2407281420,5,13,7,5,13,2
-2954831050481127767-2407291420,5,13,7,5,13,2
-2954831050481127767-2407301420,5,13,7,5,13,2
-2954831050481127767-2407311420,5,13,7,5,13,2
-2954831050481127767-2408011420,5,11,6,5,11,1
-2954831050481127767-2408021420,5,11,6,5,11,1
-2954831050481127767-2408031420,5,11,6,5,11,1
-2954831050481127767-2408041420,5,14,8,5,14,2
-2954831050481127767-2408051420,5,11,6,5,11,1
-2954831050481127767-2408061420,5,13,7,5,13,2
-2954831050481127767-2408071420,5,13,7,5,13,2
-2954831050481127767-2408081420,5,14,8,5,14,2
-2954831050481127767-2408091420,5,14,8,5,14,2
-2954831050481127767-2408101420,5,14,8,5,14,2
-2954831050481127767-2408111420,5,14,8,5,14,2
-2954831050481127767-2408121420,5,12,7,5,12,1
-2954831050481127767-2408131420,5,14,8,5,14,2
-2954831050481127767-2408141420,5,15,9,5,15,2
-2954831050481127767-2408151420,5,15,9,5,15,2
-2954831050481127767-2408171422,9,18,8,9,18,2
-2954831050481127767-2408181422,9,18,8,9,18,2
-2954831050481127767-2408191422,9,18,8,9,18,2
-2954831050481127767-2408201422,9,18,8,9,18,2
-2954831050481127767-2408211422,9,18,8,9,18,2
-2954831050481127767-2408221422,9,18,8,9,18,2
-2954831050481127767-2408231422,9,18,8,9,18,2
-2954831050481127767-2408241422,9,18,8,9,18,2
-2954831050481127767-2408251422,9,18,8,9,18,2
-2954831050481127767-2408261422,9,18,8,9,18,2
-2954831050481127767-2408271422,9,18,8,9,18,2
-2954831050481127767-2408281422,9,18,8,9,18,2
-2954831050481127767-2408291422,9,16,7,9,16,1
-2954831050481127767-2408301422,9,16,7,9,16,1
-2954831050481127767-2408311422,9,16,7,9,16,1
-2954831050481127767-2409081422,9,19,9,9,19,2
-2954831050481127767-2409091422,9,16,7,9,16,1
-2954831050481127767-2409101422,9,18,8,9,18,2
-2954831050481127767-2409111422,9,18,8,9,18,2
-2954831050481127767-2409121422,9,18,8,9,18,2
-2954831050481127767-2409131422,9,18,8,9,18,2
-2954831050481127767-2409151422,9,19,9,9,19,2
-2954831050481127767-2409161422,9,19,9,9,19,2
-2954831050481127767-2409171422,9,19,9,9,19,2
-2954831050481127767-2409181422,9,19,9,9,19,2
-2954831050481127767-2409191422,9,19,9,9,19,2
-2954831050481127767-2409201422,9,19,9,9,19,2
-2954831050481127767-2409211422,9,19,9,9,19,2
-2954831050481127767-2409221422,9,19,9,9,19,2
-2954831050481127767-2409231422,9,18,8,9,18,2
-2954831050481127767-2409241422,9,18,8,9,18,2
-2954831050481127767-2409251422,9,18,8,9,18,2
-2954831050481127767-2409261422,9,15,6,9,15,1
-2954831050481127767-2409271422,9,15,6,9,15,1
-2954831050481127767-2409281422,9,15,6,9,15,1
-2954831050481127767-2409291422,9,18,8,9,18,2
-2954831050481127767-2409301422,9,15,6,9,15,1
-2954831050481127767-2410011422,9,15,6,9,15,1
-2954831050481127767-2410021422,9,16,7,9,16,1
-2954831050481127767-2410031422,9,18,8,9,18,2
-2954831050481127767-2410041422,9,18,8,9,18,2
-2954831050481127767-2410051422,9,19,9,9,19,2
-2954831050481127767-2410061422,9,19,9,9,19,2
-2954831050481127767-2410071422,9,17,8,9,17,1
-2954831050481127767-2410081422,9,16,7,9,16,1
-2954831050481127767-2410091422,9,19,9,9,19,2
-2954831050481127767-2410101422,9,19,9,9,19,2
-2954831050481127767-2410111422,9,19,9,9,19,2
-2954831050481127767-2410121422,9,19,9,9,19,2
-2954831050481127767-2410131422,9,19,9,9,19,2
-2954831050481127767-2410141422,9,19,9,9,19,2
-2954831050481127767-2410151422,9,19,9,9,19,2
-2954831050481127767-2410161422,9,19,9,9,19,2
-2954831050481127767-2410171422,9,19,9,9,19,2
-2954831050481127767-2410181422,9,19,9,9,19,2
-2954831050481127767-2410191422,9,19,9,9,19,2
-2954831050481127767-2410201422,9,19,9,9,19,2
-2954831050481127767-2410221422,9,19,9,9,19,2
-2954831050481127767-2410231422,9,19,9,9,19,2
-2954831050481127767-2410241422,9,19,9,9,19,2
-2954831050481127767-2410251422,9,19,9,9,19,2
-2954831050481127767-2410261422,9,19,9,9,19,2
-2954831050481127767-2410271422,9,19,9,9,19,2
-2954831050481127767-2410291422,9,17,8,9,17,1
-2954831050481127767-2410301422,9,16,7,9,16,1
-2954831050481127767-2410311422,9,19,9,9,19,2
-2954831050481127767-2411011422,9,19,9,9,19,2
-2954831050481127767-2411021422,9,19,9,9,19,2
-2954831050481127767-2411031422,9,19,9,9,19,2
-2954831050481127767-2411041422,9,16,7,9,16,1
-2954831050481127767-2411051422,9,19,9,9,19,2
-2954831050481127767-2411061422,9,19,9,9,19,2
-2954831050481127767-2411071422,9,19,9,9,19,2
-2954831050481127767-2411081422,9,19,9,9,19,2
-2954831050481127767-2411091422,9,20,9,9,20,3
-2954831050481127767-2411101422,9,20,9,9,20,3
-2954831050481127767-2411111422,9,20,9,9,20,3
-2954831050481127767-2411121422,9,20,9,9,20,3
-2954831050481127767-2411131422,9,20,9,9,20,3
-2954831050481127767-2411141422,9,20,9,9,20,3
-2954831050481127767-2411151422,9,20,9,9,20,3
-2954831050481127767-2411161422,9,19,8,9,19,3
-2954831050481127767-2411171422,9,19,8,9,19,3
-2954831050481127767-2411181422,9,20,9,9,20,3
-2954831050481127767-2411191422,9,20,9,9,20,3
-2954831050481127767-2411201422,9,20,9,9,20,3
-2954831050481127767-2411211422,9,17,7,9,17,2
-2954831050481127767-2411221422,9,16,7,9,16,1
-2954831050481127767-2411231422,9,16,7,9,16,1
-2954831050481127767-2411241422,9,16,7,9,16,1
-2954831050481127767-2411251422,9,16,7,9,16,1
-2954831050481127767-2411261422,9,16,7,9,16,1
-2954831050481127767-2411271422,9,16,7,9,16,1
-2954831050481127767-2411281422,9,19,9,9,19,2
-2954831050481127767-2411291422,9,19,9,9,19,2
-2954831050481127767-2411301422,9,20,9,9,20,3
-2954831050481127767-2412011422,9,20,9,9,20,3
-2954831050481127767-2412021422,9,16,7,9,16,1
-2954831050481127767-2412031422,9,19,9,9,19,2
-2954831050481127767-2412041422,9,19,9,9,19,2
-2954831050481127767-2412051422,9,19,9,9,19,2
-2954831050481127767-2412061422,9,19,9,9,19,2
-2954831050481127767-2412071422,9,19,9,9,19,2
-2954831050481127767-2412081422,9,19,9,9,19,2
-2954831050481127767-2412091422,9,19,9,9,19,2
-2954831050481127767-2412101422,9,19,9,9,19,2
-2954831050481127767-2412111422,9,19,9,9,19,2
-2954831050481127767-2412121422,9,19,9,9,19,2
-2954831050481127767-2412131422,9,19,9,9,19,2
-2954831050481127767-2412141422,9,19,9,9,19,2
-2954831050481127767-2502081521,5,15,9,5,15,2
-2954831050481127767-2502091521,5,15,9,5,15,2
-2954831050481127767-2502101521,5,15,9,5,15,2
-2954831050481127767-2502111521,5,15,9,5,15,2
-2954831050481127767-2502121521,5,15,9,5,15,2
-2954831050481127767-2502131521,5,12,7,5,12,1
-2954831050481127767-2502141521,5,12,7,5,12,1
-2954831050481127767-2502151521,5,12,7,5,12,1
-2954831050481127767-2502161521,5,15,9,5,15,2
-2954831050481127767-2504191459,5,15,9,5,15,2
-2954831050481127767-2504201459,5,15,9,5,15,2
-2954831050481127767-2504211459,5,15,9,5,15,2
-2954831050481127767-2508041421,9,19,9,9,19,2
-2954831050481127767-2508051421,9,19,9,9,19,2
-2954831050481127767-2508061421,9,19,9,9,19,2
-2954831050481127767-2508071421,9,19,9,9,19,2
-2954831050481127767-2508081421,9,19,9,9,19,2
-2954831050481127767-2508091421,9,19,9,9,19,2
-2954831050481127767-2508101421,9,19,9,9,19,2
-2954831050481127767-2508111421,9,19,9,9,19,2
-2954831050481127767-2508121421,9,19,9,9,19,2
-2954831050481127767-2508131421,9,19,9,9,19,2
-2954831050481127767-2508141421,9,19,9,9,19,2
-2954831050481127767-2508151421,9,19,9,9,19,2
-2954831050481127767-2508161421,9,19,9,9,19,2
-2954831050481127767-2508171421,9,19,9,9,19,2
-2954831050481127767-2508181421,9,19,9,9,19,2
-2954831050481127767-2508191421,9,19,9,9,19,2
-2954831050481127767-2508201421,9,19,9,9,19,2
-2954831050481127767-2508211421,9,19,9,9,19,2
-2954831050481127767-2508221421,9,19,9,9,19,2
-2954831050481127767-2508231421,9,19,9,9,19,2
-2954831050481127767-2508241421,9,19,9,9,19,2
-2954831050481127767-2508251420,9,18,8,9,18,2
-2954831050481127767-2508261420,9,18,8,9,18,2
-2954831050481127767-2508271420,9,18,8,9,18,2
-2954831050481127767-2508281420,9,18,8,9,18,2
-2954831050481127767-2508291420,9,18,8,9,18,2
-2954831050481127767-2508301420,9,18,8,9,18,2
-2954831050481127767-2508311420,9,18,8,9,18,2
-2954831050481127767-2509011420,9,18,8,9,18,2
-2954831050481127767-2509021420,9,18,8,9,18,2
-2954831050481127767-2509031420,9,17,7,9,17,2
-2954831050481127767-2509041421,9,17,7,9,17,2
-2954831050481127767-2509051420,9,17,7,9,17,2
-2954831050481127767-2509061420,9,19,9,9,19,2
-2954831050481127767-2509071420,9,19,9,9,19,2
-2954831050481127767-2509081420,9,19,9,9,19,2
-2954831050481127767-2509091421,9,19,9,9,19,2
-2954831050481127767-2509101421,9,19,9,9,19,2
-2954831050481127767-2509111421,9,19,9,9,19,2
-2954831050481127767-2509121421,9,19,9,9,19,2
-2954831050481127767-2509131420,9,18,8,9,18,2
-2954831050481127767-2509141420,9,18,8,9,18,2
-2954831050481127767-2509151421,9,19,9,9,19,2
-2954831050481127767-2509161421,9,19,9,9,19,2
-2954831050481127767-2509171421,9,19,9,9,19,2
-2954831050481127767-2509181421,9,19,9,9,19,2
-2954831050481127767-2509191421,9,19,9,9,19,2
-2954831050481127767-2509201421,9,16,7,9,16,1
-2954831050481127767-2509211421,9,16,7,9,16,1
-2954831050481127767-2509221421,9,16,7,9,16,1
-2954831050481127767-2509231421,9,19,9,9,19,2
-2957667686167959496-2412151711,2,16,12,2,16,3
-2957667686167959496-2412201711,2,16,12,2,16,3
-2957667686167959496-2412211711,2,16,12,2,16,3
-2957667686167959496-2412221711,2,16,12,2,16,3
-2957667686167959496-2412241711,2,16,12,2,16,3
-2957667686167959496-2412251711,2,16,12,2,16,3
-2957667686167959496-2412271711,2,16,12,2,16,3
-2957667686167959496-2412281711,2,16,12,2,16,3
-2957667686167959496-2412301711,2,16,12,2,16,3
-2957667686167959496-2412311711,2,16,12,2,16,3
-2957667686167959496-2501011711,2,16,12,2,16,3
-2957667686167959496-2501031711,2,16,12,2,16,3
-2957667686167959496-2501041711,2,16,12,2,16,3
-2957667686167959496-2501051711,2,16,12,2,16,3
-2957667686167959496-2501101711,2,16,12,2,16,3
-2957667686167959496-2501111711,2,16,12,2,16,3
-2957667686167959496-2501121711,2,16,12,2,16,3
-2957667686167959496-2501171711,2,16,12,2,16,3
-2957667686167959496-2501181711,2,16,12,2,16,3
-2957667686167959496-2501191711,2,16,12,2,16,3
-2957667686167959496-2501241711,2,16,12,2,16,3
-2957667686167959496-2501251711,2,16,12,2,16,3
-2957667686167959496-2501261711,2,16,12,2,16,3
-2957667686167959496-2501311711,2,16,12,2,16,3
-2957667686167959496-2502011711,2,16,12,2,16,3
-2957667686167959496-2502021711,2,16,12,2,16,3
-2957667686167959496-2502071711,2,16,12,2,16,3
-2957667686167959496-2502081711,2,16,12,2,16,3
-2957667686167959496-2502091711,2,16,12,2,16,3
-2957667686167959496-2502141711,2,15,11,2,15,3
-2957667686167959496-2502151711,2,16,12,2,16,3
-2957667686167959496-2502161711,2,16,12,2,16,3
-2957667686167959496-2502211715,2,16,12,2,16,3
-2957667686167959496-2502221715,2,15,11,2,15,3
-2957667686167959496-2502231715,2,16,12,2,16,3
-2957667686167959496-2502281715,2,16,12,2,16,3
-2957667686167959496-2503011715,2,16,12,2,16,3
-2957667686167959496-2503021715,2,16,12,2,16,3
-2957667686167959496-2503071715,2,16,12,2,16,3
-2957667686167959496-2503081715,2,16,12,2,16,3
-2957667686167959496-2503091715,2,16,12,2,16,3
-2957667686167959496-2503141715,2,16,12,2,16,3
-2957667686167959496-2503211715,2,16,12,2,16,3
-2957667686167959496-2503281715,2,17,12,2,17,4
-2957667686167959496-2503291715,2,17,12,2,17,4
-2957667686167959496-2503301715,2,17,12,2,17,4
-2957667686167959496-2504041715,2,16,12,2,16,3
-2957667686167959496-2504051715,2,16,12,2,16,3
-2957667686167959496-2504061715,2,16,12,2,16,3
-2957667686167959496-2504111715,2,15,11,2,15,3
-2957667686167959496-2504121715,2,16,12,2,16,3
-2957667686167959496-2504131715,2,16,12,2,16,3
-2957667686167959496-2505021711,2,14,11,2,14,2
-2957667686167959496-2505031711,2,14,11,2,14,2
-2957667686167959496-2505041711,2,14,11,2,14,2
-2957667686167959496-2505091711,2,15,12,2,15,2
-2957667686167959496-2505101711,2,15,12,2,15,2
-2957667686167959496-2505111711,2,15,12,2,15,2
-2957667686167959496-2505161711,2,15,12,2,15,2
-2957667686167959496-2505171711,2,15,12,2,15,2
-2957667686167959496-2505181711,2,15,12,2,15,2
-2957667686167959496-2505231711,2,15,12,2,15,2
-2957667686167959496-2505241711,2,15,12,2,15,2
-2957667686167959496-2505251711,2,15,12,2,15,2
-2957667686167959496-2505301711,2,15,12,2,15,2
-2957667686167959496-2505311711,2,15,12,2,15,2
-2957667686167959496-2506011711,2,16,12,2,16,3
-2957667686167959496-2506061711,2,14,11,2,14,2
-3080098822451082675-2411300411,1,12,7,1,12,5
-3080098822451082675-2502221730,1,11,9,1,11,2
-3080098822451082675-2504131427,1,9,8,1,9,1
-3080098822451082675-2506141429,1,8,6,1,8,2
-3080098822451082675-2507311628,1,9,7,1,9,2
-3080098822451082675-2509270634,1,10,8,1,10,2
-3095351286217520651-2603151926,2,9,7,2,9,1
-3095351286217520651-2604181926,2,8,6,2,8,1
-323432728218930197-2507160520,2,12,9,2,12,2
-323524537261309369-2505231452,2,8,6,2,8,1
-323524537261309369-2505241452,2,8,6,2,8,1
-323524537261309369-2505251452,2,8,6,2,8,1
-323524537261309369-2506051452,2,7,5,2,7,1
-3416694834909887024-2509241745,1,7,5,1,7,2
-3416694834909887024-2509251745,1,7,5,1,7,2
-3416694834909887024-2509261745,1,7,5,1,7,2
-3416694834909887024-2509271745,1,7,5,1,7,2
-3416694834909887024-2509281745,1,7,5,1,7,2
-3416694834909887024-2509291745,1,7,5,1,7,2
-3416694834909887024-2509301745,1,7,5,1,7,2
-3416694834909887024-2510011745,1,7,5,1,7,2
-3416694834909887024-2510021745,1,7,5,1,7,2
-3416694834909887024-2510031745,1,7,5,1,7,2
-3416694834909887024-2510041745,1,7,5,1,7,2
-3416694834909887024-2510051745,1,7,5,1,7,2
-3416694834909887024-2510061745,1,7,5,1,7,2
-3416694834909887024-2510071745,1,7,5,1,7,2
-3416694834909887024-2510081745,1,7,5,1,7,2
-3416694834909887024-2510091745,1,7,5,1,7,2
-3416694834909887024-2510101745,1,7,5,1,7,2
-3416694834909887024-2510111642,1,8,7,1,8,1
-3416694834909887024-2510121642,1,8,7,1,8,1
-3416694834909887024-2510131745,1,7,5,1,7,2
-3416694834909887024-2510141745,1,7,5,1,7,2
-3416694834909887024-2510151745,1,9,5,1,9,4
-3416694834909887024-2510161745,1,9,5,1,9,4
-3416694834909887024-2510171745,1,7,5,1,7,2
-3416694834909887024-2510181745,1,7,5,1,7,2
-3416694834909887024-2510191745,1,7,5,1,7,2
-3416694834909887024-2510201745,1,7,5,1,7,2
-3416694834909887024-2510211745,1,7,5,1,7,2
-3416694834909887024-2510221745,1,7,5,1,7,2
-3416694834909887024-2510231745,1,7,5,1,7,2
-3416694834909887024-2510241745,1,7,5,1,7,2
-3416694834909887024-2510261745,1,7,5,1,7,2
-3416694834909887024-2510271745,1,7,5,1,7,2
-3416694834909887024-2510281745,1,7,5,1,7,2
-3416694834909887024-2510291745,1,7,5,1,7,2
-3416694834909887024-2510301745,1,7,5,1,7,2
-3416694834909887024-2510311745,1,7,5,1,7,2
-3416694834909887024-2511011745,1,7,5,1,7,2
-3416694834909887024-2511021745,1,7,5,1,7,2
-3464887539576985945-2508250921,7,14,7,7,14,1
-3464887539576985945-2508260921,7,14,7,7,14,1
-3464887539576985945-2508290921,7,14,7,7,14,1
-3464887539576985945-2508300921,7,14,7,7,14,1
-3464887539576985945-2508310921,7,14,7,7,14,1
-3464887539576985945-2509010921,7,14,7,7,14,1
-3464887539576985945-2509180922,7,15,7,7,15,2
-3479293341390664251-2510051635,1,10,8,1,10,2
-3549496699706047727-2409040550,6,14,7,6,14,2
-3549496699706047727-2502120835,3,11,7,3,11,2
-3595173916293665760-2509241024,1,10,8,1,10,2
-3595173916293665760-2509251024,1,10,8,1,10,2
-3595173916293665760-2509261024,1,10,8,1,10,2
-3595173916293665760-2509271024,1,10,8,1,10,2
-3595173916293665760-2509281024,1,10,8,1,10,2
-3595173916293665760-2509291024,1,10,8,1,10,2
-3595173916293665760-2509301024,1,10,8,1,10,2
-3595173916293665760-2510011024,1,10,8,1,10,2
-3595173916293665760-2510021024,1,10,8,1,10,2
-3595173916293665760-2510031024,1,10,8,1,10,2
-3595173916293665760-2510041024,1,10,8,1,10,2
-3595173916293665760-2510051024,1,10,8,1,10,2
-3595173916293665760-2510061024,1,10,8,1,10,2
-3595173916293665760-2510071024,1,10,8,1,10,2
-3595173916293665760-2510081024,1,10,8,1,10,2
-3595173916293665760-2510091024,1,10,8,1,10,2
-3595173916293665760-2510101024,1,10,8,1,10,2
-3595173916293665760-2510111024,1,10,9,1,10,1
-3595173916293665760-2510121024,1,10,9,1,10,1
-3595173916293665760-2510131024,1,10,8,1,10,2
-3595173916293665760-2510141024,1,10,8,1,10,2
-3595173916293665760-2510151024,1,10,8,1,10,2
-3595173916293665760-2510161024,1,10,8,1,10,2
-3595173916293665760-2510171024,1,10,8,1,10,2
-3595173916293665760-2510181024,1,7,6,1,7,1
-3595173916293665760-2510191024,1,7,6,1,7,1
-3595173916293665760-2510201024,1,10,8,1,10,2
-3595173916293665760-2510211024,1,10,8,1,10,2
-3595173916293665760-2510221024,1,10,8,1,10,2
-3595173916293665760-2510231024,1,10,8,1,10,2
-3595173916293665760-2510241024,1,10,8,1,10,2
-3595173916293665760-2510261024,1,7,6,1,7,1
-3595173916293665760-2510271024,1,7,6,1,7,1
-3595173916293665760-2510281024,1,7,6,1,7,1
-3595173916293665760-2510301024,1,7,6,1,7,1
-3595173916293665760-2510311024,1,7,6,1,7,1
-3595173916293665760-2511011024,1,7,6,1,7,1
-3595173916293665760-2511021024,1,7,6,1,7,1
-3644755988741268463-2408130920,5,13,7,5,13,2
-3644755988741268463-2409280922,7,14,6,7,14,2
-3644755988741268463-2501061920,5,22,13,5,22,5
-3644755988741268463-2502121017,5,13,7,5,13,2
-3703501554306515089-2509110520,2,12,9,2,12,2
-3783829201967449571-2407010617,5,13,7,5,13,2
-3783829201967449571-2407020617,5,13,7,5,13,2
-3783829201967449571-2407030617,5,13,7,5,13,2
-3783829201967449571-2407040617,5,13,7,5,13,2
-3783829201967449571-2407050617,5,13,7,5,13,2
-3783829201967449571-2407060617,5,13,7,5,13,2
-3783829201967449571-2407080617,5,13,7,5,13,2
-3783829201967449571-2407090617,5,13,7,5,13,2
-3783829201967449571-2407100617,5,13,7,5,13,2
-3783829201967449571-2407110617,5,13,7,5,13,2
-3783829201967449571-2407120617,5,13,7,5,13,2
-3783829201967449571-2407130617,5,13,7,5,13,2
-3783829201967449571-2407150617,5,13,7,5,13,2
-3783829201967449571-2407160617,5,13,7,5,13,2
-3783829201967449571-2407170617,5,13,7,5,13,2
-3783829201967449571-2407180617,5,13,7,5,13,2
-3783829201967449571-2407190617,5,13,7,5,13,2
-3783829201967449571-2407200617,5,13,7,5,13,2
-3783829201967449571-2407220617,5,13,7,5,13,2
-3783829201967449571-2407230617,5,13,7,5,13,2
-3783829201967449571-2407240617,5,13,7,5,13,2
-3783829201967449571-2407250617,5,13,7,5,13,2
-3783829201967449571-2407260617,5,13,7,5,13,2
-3783829201967449571-2407270513,7,15,7,7,15,2
-3783829201967449571-2407290513,7,15,7,7,15,2
-3783829201967449571-2407300513,7,15,7,7,15,2
-3783829201967449571-2407310513,7,15,7,7,15,2
-3783829201967449571-2408010513,7,15,7,7,15,2
-3783829201967449571-2408020513,7,15,7,7,15,2
-3783829201967449571-2408030513,7,15,7,7,15,2
-3783829201967449571-2408050513,7,15,7,7,15,2
-3783829201967449571-2408060513,7,15,7,7,15,2
-3783829201967449571-2408070513,7,15,7,7,15,2
-3783829201967449571-2408080513,7,15,7,7,15,2
-3783829201967449571-2408090513,7,15,7,7,15,2
-3783829201967449571-2408100511,7,15,7,7,15,2
-3783829201967449571-2408120508,7,15,7,7,15,2
-3783829201967449571-2408130508,7,15,7,7,15,2
-3783829201967449571-2408140508,7,15,7,7,15,2
-3783829201967449571-2408150508,7,15,7,7,15,2
-3783829201967449571-2408160617,5,13,7,5,13,2
-3783829201967449571-2408170534,7,15,7,7,15,2
-3783829201967449571-2408190534,7,15,7,7,15,2
-3783829201967449571-2408200534,7,15,7,7,15,2
-3783829201967449571-2408210534,7,15,7,7,15,2
-3783829201967449571-2408220534,7,15,7,7,15,2
-3783829201967449571-2408230534,7,15,7,7,15,2
-3783829201967449571-2408240534,7,15,7,7,15,2
-3783829201967449571-2408260534,7,15,7,7,15,2
-3783829201967449571-2408270534,7,15,7,7,15,2
-3783829201967449571-2408280534,7,15,7,7,15,2
-3783829201967449571-2408290534,7,15,7,7,15,2
-3783829201967449571-2408300534,7,15,7,7,15,2
-3783829201967449571-2408310534,7,15,7,7,15,2
-3783829201967449571-2409090534,7,15,7,7,15,2
-3783829201967449571-2409100534,7,15,7,7,15,2
-3783829201967449571-2409110534,7,15,7,7,15,2
-3783829201967449571-2409120534,7,15,7,7,15,2
-3783829201967449571-2409130534,7,15,7,7,15,2
-3783829201967449571-2409140534,7,15,7,7,15,2
-3783829201967449571-2409160534,7,15,7,7,15,2
-3783829201967449571-2409170534,7,15,7,7,15,2
-3783829201967449571-2409180534,7,15,7,7,15,2
-3783829201967449571-2409190534,7,15,7,7,15,2
-3783829201967449571-2409200534,7,15,8,7,15,1
-3783829201967449571-2409210534,7,15,8,7,15,1
-3783829201967449571-2409230534,7,15,8,7,15,1
-3783829201967449571-2409240534,7,14,6,7,14,2
-3783829201967449571-2409250534,7,14,6,7,14,2
-3783829201967449571-2409260534,7,14,6,7,14,2
-3783829201967449571-2409270534,7,14,6,7,14,2
-3783829201967449571-2409280534,7,14,6,7,14,2
-3783829201967449571-2409300534,7,14,6,7,14,2
-3783829201967449571-2410010534,7,14,6,7,14,2
-3783829201967449571-2410020534,7,14,6,7,14,2
-3783829201967449571-2410030534,7,14,6,7,14,2
-3783829201967449571-2410040534,7,14,6,7,14,2
-3783829201967449571-2410050534,7,15,7,7,15,2
-3783829201967449571-2410070534,7,15,7,7,15,2
-3783829201967449571-2410080534,7,15,7,7,15,2
-3783829201967449571-2410090534,7,15,7,7,15,2
-3783829201967449571-2410100534,7,15,7,7,15,2
-3783829201967449571-2410110534,7,15,7,7,15,2
-3783829201967449571-2410120534,7,15,7,7,15,2
-3783829201967449571-2410140534,7,15,7,7,15,2
-3783829201967449571-2410150534,7,15,7,7,15,2
-3783829201967449571-2410160534,7,15,7,7,15,2
-3783829201967449571-2410170534,7,15,7,7,15,2
-3783829201967449571-2410180534,7,15,7,7,15,2
-3783829201967449571-2410190534,7,15,7,7,15,2
-3783829201967449571-2410210534,7,15,7,7,15,2
-3783829201967449571-2410220534,7,15,7,7,15,2
-3783829201967449571-2410230534,7,15,7,7,15,2
-3783829201967449571-2410240534,7,15,7,7,15,2
-3783829201967449571-2410250534,7,15,7,7,15,2
-3783829201967449571-2410260534,7,15,8,7,15,1
-3783829201967449571-2410280534,7,15,8,7,15,1
-3783829201967449571-2410290534,7,15,8,7,15,1
-3783829201967449571-2410300534,7,15,8,7,15,1
-3783829201967449571-2410310534,7,15,8,7,15,1
-3783829201967449571-2411010534,7,15,8,7,15,1
-3783829201967449571-2411020534,7,15,7,7,15,2
-3783829201967449571-2411040534,7,15,7,7,15,2
-3783829201967449571-2411050534,7,15,7,7,15,2
-3783829201967449571-2411060534,7,15,7,7,15,2
-3783829201967449571-2411070534,7,15,7,7,15,2
-3783829201967449571-2411080534,7,15,7,7,15,2
-3783829201967449571-2411090534,7,15,7,7,15,2
-3783829201967449571-2411110534,7,15,7,7,15,2
-3783829201967449571-2411120534,7,15,7,7,15,2
-3783829201967449571-2411130534,7,15,7,7,15,2
-3783829201967449571-2411140534,7,15,7,7,15,2
-3783829201967449571-2411150534,7,15,7,7,15,2
-3783829201967449571-2411160534,7,15,7,7,15,2
-3783829201967449571-2411180534,7,15,7,7,15,2
-3783829201967449571-2411190534,7,15,7,7,15,2
-3783829201967449571-2411200534,7,15,7,7,15,2
-3783829201967449571-2411210534,7,15,7,7,15,2
-3783829201967449571-2411220534,7,15,7,7,15,2
-3783829201967449571-2411230534,7,15,8,7,15,1
-3783829201967449571-2411250534,7,15,8,7,15,1
-3783829201967449571-2411260534,7,15,8,7,15,1
-3783829201967449571-2411270534,7,15,8,7,15,1
-3783829201967449571-2411280534,7,15,8,7,15,1
-3783829201967449571-2411290534,7,15,8,7,15,1
-3783829201967449571-2411300534,7,17,7,7,17,4
-3783829201967449571-2412020534,7,15,7,7,15,2
-3783829201967449571-2412030534,7,15,7,7,15,2
-3783829201967449571-2412040534,7,15,7,7,15,2
-3783829201967449571-2412050534,7,15,7,7,15,2
-3783829201967449571-2412060534,7,15,7,7,15,2
-3783829201967449571-2412070534,7,15,7,7,15,2
-3783829201967449571-2412090534,7,15,7,7,15,2
-3783829201967449571-2412100534,7,15,7,7,15,2
-3783829201967449571-2412110534,7,15,7,7,15,2
-3783829201967449571-2412120534,7,15,7,7,15,2
-3783829201967449571-2412130534,7,15,7,7,15,2
-3783829201967449571-2412140534,7,15,7,7,15,2
-3783829201967449571-2412150617,5,13,7,5,13,2
-3783829201967449571-2412160617,5,13,7,5,13,2
-3783829201967449571-2412170617,5,13,7,5,13,2
-3783829201967449571-2412180617,5,13,7,5,13,2
-3783829201967449571-2412190617,5,13,7,5,13,2
-3783829201967449571-2412200617,5,13,7,5,13,2
-3783829201967449571-2412210617,5,13,7,5,13,2
-3783829201967449571-2412220617,5,13,7,5,13,2
-3783829201967449571-2412230617,5,13,7,5,13,2
-3783829201967449571-2412240617,5,13,7,5,13,2
-3783829201967449571-2412250617,5,13,7,5,13,2
-3783829201967449571-2412260617,5,13,7,5,13,2
-3783829201967449571-2412270617,5,13,7,5,13,2
-3783829201967449571-2412280617,5,13,7,5,13,2
-3783829201967449571-2412290617,5,13,7,5,13,2
-3783829201967449571-2412300617,5,13,7,5,13,2
-3783829201967449571-2412310617,5,13,7,5,13,2
-3783829201967449571-2501010617,5,13,7,5,13,2
-3783829201967449571-2501020617,5,13,7,5,13,2
-3783829201967449571-2501030617,5,13,7,5,13,2
-3783829201967449571-2501040617,5,13,7,5,13,2
-3783829201967449571-2501050617,5,13,7,5,13,2
-3783829201967449571-2501060617,5,13,7,5,13,2
-3783829201967449571-2501070617,5,13,7,5,13,2
-3783829201967449571-2501080617,5,13,7,5,13,2
-3783829201967449571-2501090617,5,13,7,5,13,2
-3783829201967449571-2501100617,5,13,7,5,13,2
-3783829201967449571-2501110617,5,13,7,5,13,2
-3783829201967449571-2501120617,5,13,7,5,13,2
-3783829201967449571-2501130617,5,13,7,5,13,2
-3783829201967449571-2501140617,5,13,7,5,13,2
-3783829201967449571-2501150617,5,13,7,5,13,2
-3783829201967449571-2501160617,5,13,7,5,13,2
-3783829201967449571-2501170617,5,13,7,5,13,2
-3783829201967449571-2501180617,5,13,7,5,13,2
-3783829201967449571-2501190617,5,13,7,5,13,2
-3783829201967449571-2501200617,5,13,7,5,13,2
-3783829201967449571-2501210617,5,13,7,5,13,2
-3783829201967449571-2501220617,5,13,7,5,13,2
-3783829201967449571-2501230617,5,13,7,5,13,2
-3783829201967449571-2501240617,5,13,7,5,13,2
-3783829201967449571-2501250617,5,13,7,5,13,2
-3783829201967449571-2501260617,5,13,7,5,13,2
-3783829201967449571-2501270617,5,13,7,5,13,2
-3783829201967449571-2501280617,5,13,7,5,13,2
-3783829201967449571-2501290617,5,13,7,5,13,2
-3783829201967449571-2501300617,5,13,7,5,13,2
-3783829201967449571-2501310617,5,13,7,5,13,2
-3783829201967449571-2502010617,5,13,7,5,13,2
-3783829201967449571-2502020617,5,13,7,5,13,2
-3783829201967449571-2502030617,5,13,7,5,13,2
-3783829201967449571-2502040617,5,13,7,5,13,2
-3783829201967449571-2502050617,5,13,7,5,13,2
-3783829201967449571-2502060617,5,13,7,5,13,2
-3783829201967449571-2502070617,5,13,7,5,13,2
-3783829201967449571-2502080617,5,13,7,5,13,2
-3783829201967449571-2502090617,5,13,7,5,13,2
-3783829201967449571-2502100617,5,13,7,5,13,2
-3783829201967449571-2502110617,5,13,7,5,13,2
-3783829201967449571-2502120617,5,13,7,5,13,2
-3783829201967449571-2502130617,5,13,7,5,13,2
-3783829201967449571-2502140617,5,13,7,5,13,2
-3783829201967449571-2502150617,5,13,7,5,13,2
-3783829201967449571-2502160617,5,13,7,5,13,2
-3783829201967449571-2502170617,5,13,7,5,13,2
-3783829201967449571-2502180617,5,13,7,5,13,2
-3783829201967449571-2502190617,5,13,7,5,13,2
-3783829201967449571-2502200617,5,13,7,5,13,2
-3783829201967449571-2502210617,5,13,7,5,13,2
-3783829201967449571-2502220617,5,13,7,5,13,2
-3783829201967449571-2502230617,5,13,7,5,13,2
-3783829201967449571-2502240617,5,13,7,5,13,2
-3783829201967449571-2502250617,5,13,7,5,13,2
-3783829201967449571-2502260617,5,13,7,5,13,2
-3783829201967449571-2502270617,5,13,7,5,13,2
-3783829201967449571-2502280617,5,13,7,5,13,2
-3783829201967449571-2503010617,5,13,7,5,13,2
-3783829201967449571-2503020617,5,13,7,5,13,2
-3783829201967449571-2503030617,5,13,7,5,13,2
-3783829201967449571-2503040617,5,13,7,5,13,2
-3783829201967449571-2503050617,5,13,7,5,13,2
-3783829201967449571-2503060617,5,13,7,5,13,2
-3783829201967449571-2503070617,5,13,7,5,13,2
-3783829201967449571-2503240617,5,13,7,5,13,2
-3783829201967449571-2503250617,5,15,7,5,15,4
-3783829201967449571-2503260617,5,15,7,5,15,4
-3783829201967449571-2503270617,5,14,7,5,14,3
-3783829201967449571-2503280617,5,14,7,5,14,3
-3783829201967449571-2503290617,5,14,7,5,14,3
-3783829201967449571-2503300617,5,14,7,5,14,3
-3783829201967449571-2503310617,5,13,7,5,13,2
-3783829201967449571-2504010617,5,13,7,5,13,2
-3783829201967449571-2504020617,5,13,7,5,13,2
-3783829201967449571-2504030617,5,13,7,5,13,2
-3783829201967449571-2504040617,5,13,7,5,13,2
-3783829201967449571-2504050617,5,13,7,5,13,2
-3783829201967449571-2504060617,5,13,7,5,13,2
-3783829201967449571-2504070617,5,13,7,5,13,2
-3783829201967449571-2504080617,5,13,7,5,13,2
-3783829201967449571-2504090617,5,13,7,5,13,2
-3783829201967449571-2504100617,5,13,7,5,13,2
-3783829201967449571-2504110617,5,13,7,5,13,2
-3783829201967449571-2504120617,5,12,7,5,12,1
-3783829201967449571-2504130617,5,12,7,5,12,1
-3783829201967449571-2504140617,5,12,7,5,12,1
-3783829201967449571-2504150617,5,12,7,5,12,1
-3783829201967449571-2504160617,5,12,7,5,12,1
-3783829201967449571-2504170617,5,12,7,5,12,1
-3783829201967449571-2504180617,5,12,7,5,12,1
-3783829201967449571-2504220617,5,13,7,5,13,2
-3783829201967449571-2504230617,5,13,7,5,13,2
-3783829201967449571-2504240617,5,13,7,5,13,2
-3783829201967449571-2504250617,5,13,7,5,13,2
-3783829201967449571-2504260617,5,13,7,5,13,2
-3783829201967449571-2504270617,5,13,7,5,13,2
-3783829201967449571-2504280617,5,13,7,5,13,2
-3783829201967449571-2504290617,5,13,7,5,13,2
-3783829201967449571-2504300617,5,13,7,5,13,2
-3783829201967449571-2505010617,5,13,7,5,13,2
-3783829201967449571-2505020617,5,13,7,5,13,2
-3783829201967449571-2505030617,5,13,7,5,13,2
-3783829201967449571-2505040617,5,13,7,5,13,2
-3783829201967449571-2505050617,5,13,7,5,13,2
-3783829201967449571-2505060617,5,13,7,5,13,2
-3783829201967449571-2505070617,5,13,7,5,13,2
-3783829201967449571-2505080617,5,13,7,5,13,2
-3783829201967449571-2505090617,5,13,7,5,13,2
-3783829201967449571-2505100617,5,13,7,5,13,2
-3783829201967449571-2505110617,5,13,7,5,13,2
-3783829201967449571-2505120617,5,13,7,5,13,2
-3783829201967449571-2505130617,5,13,7,5,13,2
-3783829201967449571-2505140617,5,13,7,5,13,2
-3783829201967449571-2505150617,5,13,7,5,13,2
-3783829201967449571-2505160617,5,13,7,5,13,2
-3783829201967449571-2505170617,5,13,7,5,13,2
-3783829201967449571-2505180525,5,13,7,5,13,2
-3783829201967449571-2505190617,5,13,7,5,13,2
-3783829201967449571-2505200617,5,13,7,5,13,2
-3783829201967449571-2505210617,5,13,7,5,13,2
-3783829201967449571-2505220617,5,13,7,5,13,2
-3783829201967449571-2505230617,5,13,7,5,13,2
-3783829201967449571-2505240617,5,13,7,5,13,2
-3783829201967449571-2505250617,5,13,7,5,13,2
-3783829201967449571-2505260617,5,13,7,5,13,2
-3783829201967449571-2505270617,5,13,7,5,13,2
-3783829201967449571-2505280617,5,13,7,5,13,2
-3783829201967449571-2505290617,5,13,7,5,13,2
-3783829201967449571-2505300617,5,13,7,5,13,2
-3783829201967449571-2505310617,5,13,7,5,13,2
-3783829201967449571-2506010617,5,13,7,5,13,2
-3783829201967449571-2506020617,5,13,7,5,13,2
-3783829201967449571-2506030617,5,13,7,5,13,2
-3783829201967449571-2506040617,5,13,7,5,13,2
-3783829201967449571-2506050617,5,13,7,5,13,2
-3783829201967449571-2506060617,5,13,7,5,13,2
-3783829201967449571-2506070617,5,13,7,5,13,2
-3783829201967449571-2506090617,5,13,7,5,13,2
-3783829201967449571-2506100617,5,13,7,5,13,2
-3783829201967449571-2506110617,5,13,7,5,13,2
-3783829201967449571-2506120617,5,13,7,5,13,2
-3783829201967449571-2506130617,5,13,7,5,13,2
-3783829201967449571-2506140617,5,13,7,5,13,2
-3783829201967449571-2506150617,5,13,7,5,13,2
-3783829201967449571-2506160617,5,13,7,5,13,2
-3783829201967449571-2506170617,5,13,7,5,13,2
-3783829201967449571-2506180617,5,14,7,5,14,3
-3783829201967449571-2506190617,5,14,7,5,14,3
-3783829201967449571-2506200617,5,13,7,5,13,2
-3783829201967449571-2506210617,5,13,7,5,13,2
-3783829201967449571-2506220617,5,13,7,5,13,2
-3783829201967449571-2506230617,5,13,7,5,13,2
-3783829201967449571-2506240617,5,13,7,5,13,2
-3783829201967449571-2506250617,5,13,7,5,13,2
-3783829201967449571-2506260617,5,13,7,5,13,2
-3783829201967449571-2506270617,5,15,8,5,15,3
-3783829201967449571-2506280617,5,15,8,5,15,3
-3783829201967449571-2506290617,5,15,8,5,15,3
-3783829201967449571-2506300617,5,15,8,5,15,3
-3783829201967449571-2507010617,5,15,8,5,15,3
-3783829201967449571-2507020617,5,15,8,5,15,3
-3783829201967449571-2507030617,5,15,8,5,15,3
-3783829201967449571-2507040617,5,15,8,5,15,3
-3783829201967449571-2507050617,5,15,8,5,15,3
-3783829201967449571-2507060617,5,15,8,5,15,3
-3783829201967449571-2507070617,5,15,8,5,15,3
-3783829201967449571-2507080617,5,15,8,5,15,3
-3783829201967449571-2507090617,5,15,8,5,15,3
-3783829201967449571-2507100617,5,15,8,5,15,3
-3783829201967449571-2507110617,5,15,8,5,15,3
-3783829201967449571-2507120617,5,13,7,5,13,2
-3783829201967449571-2507130617,5,13,7,5,13,2
-3783829201967449571-2507140617,5,13,7,5,13,2
-3783829201967449571-2507150617,5,13,7,5,13,2
-3783829201967449571-2507160617,5,13,7,5,13,2
-3783829201967449571-2507170617,4,12,7,4,12,2
-3783829201967449571-2507180617,4,12,7,4,12,2
-3783829201967449571-2507190617,4,12,7,4,12,2
-3783829201967449571-2507200617,4,12,7,4,12,2
-3783829201967449571-2507210617,4,12,7,4,12,2
-3783829201967449571-2507220617,4,12,7,4,12,2
-3783829201967449571-2507230617,5,13,7,5,13,2
-3783829201967449571-2507240617,5,13,7,5,13,2
-3783829201967449571-2507250617,5,13,7,5,13,2
-3783829201967449571-2508040533,7,15,7,7,15,2
-3783829201967449571-2508050533,7,15,7,7,15,2
-3783829201967449571-2508060533,7,15,7,7,15,2
-3783829201967449571-2508070533,7,15,7,7,15,2
-3783829201967449571-2508080533,7,15,7,7,15,2
-3783829201967449571-2508090533,7,15,7,7,15,2
-3783829201967449571-2508100533,7,15,7,7,15,2
-3783829201967449571-2508110533,7,15,7,7,15,2
-3783829201967449571-2508120533,7,15,7,7,15,2
-3783829201967449571-2508130533,7,15,7,7,15,2
-3783829201967449571-2508140533,7,15,7,7,15,2
-3783829201967449571-2508150533,7,15,7,7,15,2
-3783829201967449571-2508160533,7,16,8,7,16,2
-3783829201967449571-2508170533,7,16,8,7,16,2
-3783829201967449571-2508180533,7,16,8,7,16,2
-3783829201967449571-2508190533,7,16,8,7,16,2
-3783829201967449571-2508200533,7,16,8,7,16,2
-3783829201967449571-2508210533,7,16,8,7,16,2
-3783829201967449571-2508220533,7,16,8,7,16,2
-3783829201967449571-2508230533,7,16,8,7,16,2
-3783829201967449571-2508240533,7,16,8,7,16,2
-3783829201967449571-2509090533,7,15,7,7,15,2
-3783829201967449571-2509100533,7,15,7,7,15,2
-3783829201967449571-2509110533,7,15,7,7,15,2
-3783829201967449571-2509120533,7,15,7,7,15,2
-3783829201967449571-2509130533,7,15,7,7,15,2
-3783829201967449571-2509140533,7,15,7,7,15,2
-3783829201967449571-2509150533,7,15,7,7,15,2
-3783829201967449571-2509160533,7,15,7,7,15,2
-3783829201967449571-2509170533,7,15,7,7,15,2
-3783829201967449571-2509180533,7,15,7,7,15,2
-3783829201967449571-2509190533,7,15,7,7,15,2
-3783829201967449571-2509200533,7,15,7,7,15,2
-3783829201967449571-2509210533,7,15,7,7,15,2
-3783829201967449571-2509220533,7,15,7,7,15,2
-3783829201967449571-2509230533,7,15,7,7,15,2
-3921861298823971223-2409090432,9,19,9,9,19,2
-3921861298823971223-2409301422,9,15,6,9,15,1
-3921861298823971223-2410061422,9,19,9,9,19,2
-3921861298823971223-2410071422,8,16,8,8,16,1
-3921861298823971223-2410141422,8,18,9,8,18,2
-3921861298823971223-2411041422,8,15,7,8,15,1
-3921861298823971223-2411101422,9,20,9,9,20,3
-3921861298823971223-2507160512,6,16,9,6,16,2
-3954651480672119408-2408161419,5,13,7,5,13,2
-3954651480672119408-2408280922,7,15,7,7,15,2
-3954651480672119408-2409121338,7,15,7,7,15,2
-3954651480672119408-2501051419,5,13,7,5,13,2
-4078009203887553258-2509191526,1,13,11,1,13,2
-4078009203887553258-2510011542,1,8,6,1,8,2
-4078009203887553258-2510260836,1,8,7,1,8,1
-4178118149125373983-2410051437,8,18,9,8,18,2
-4227032981570865545-2510141234,1,7,6,1,7,1
-4227032981570865545-2510271234,1,8,7,1,8,1
-4234053143345121617-2503290842,5,11,6,5,11,1
-4234053143345121617-2503300842,5,11,6,5,11,1
-4234053143345121617-2503310842,5,11,6,5,11,1
-4234053143345121617-2504010842,5,11,6,5,11,1
-4234053143345121617-2505230950,5,11,6,5,11,1
-4234053143345121617-2505240950,5,11,6,5,11,1
-4234053143345121617-2505250950,5,11,6,5,11,1
-4254886968714061199-2510210424,2,9,6,2,9,2
-4254886968714061199-2510220424,2,12,8,2,12,3
-4324280241454539459-2510151635,1,10,8,1,10,2
-4338595686106298072-2412011049,9,15,6,9,15,1
-445616691397146565-2409040550,6,14,7,6,14,2
-445616691397146565-2409060852,6,16,9,6,16,2
-445616691397146565-2503141831,6,15,8,6,15,2
-4503530441970809798-2407011419,5,13,7,5,13,2
-4503530441970809798-2407021419,5,13,7,5,13,2
-4503530441970809798-2407031419,5,13,7,5,13,2
-4503530441970809798-2407041419,5,13,7,5,13,2
-4503530441970809798-2407051419,5,13,7,5,13,2
-4503530441970809798-2407061419,5,13,7,5,13,2
-4503530441970809798-2407071419,5,13,7,5,13,2
-4503530441970809798-2407081419,5,13,7,5,13,2
-4503530441970809798-2407091419,5,13,7,5,13,2
-4503530441970809798-2407101419,5,13,7,5,13,2
-4503530441970809798-2407111419,5,13,7,5,13,2
-4503530441970809798-2407121419,5,13,7,5,13,2
-4503530441970809798-2407131419,5,13,7,5,13,2
-4503530441970809798-2407141419,5,13,7,5,13,2
-4503530441970809798-2407151419,5,13,7,5,13,2
-4503530441970809798-2407161419,5,13,7,5,13,2
-4503530441970809798-2407171419,5,13,7,5,13,2
-4503530441970809798-2407181419,5,13,7,5,13,2
-4503530441970809798-2407191419,5,13,7,5,13,2
-4503530441970809798-2407201419,5,13,7,5,13,2
-4503530441970809798-2407211419,5,13,7,5,13,2
-4503530441970809798-2407221419,5,13,7,5,13,2
-4503530441970809798-2407231419,5,13,7,5,13,2
-4503530441970809798-2407241419,5,13,7,5,13,2
-4503530441970809798-2407251419,5,13,7,5,13,2
-4503530441970809798-2407261419,5,13,7,5,13,2
-4503530441970809798-2407271319,5,13,7,5,13,2
-4503530441970809798-2407281319,5,13,7,5,13,2
-4503530441970809798-2407291319,5,13,7,5,13,2
-4503530441970809798-2407301319,5,13,7,5,13,2
-4503530441970809798-2407311319,5,13,7,5,13,2
-4503530441970809798-2408011319,5,13,7,5,13,2
-4503530441970809798-2408021319,5,13,7,5,13,2
-4503530441970809798-2408031319,5,13,7,5,13,2
-4503530441970809798-2408041319,5,13,7,5,13,2
-4503530441970809798-2408051319,5,13,7,5,13,2
-4503530441970809798-2408061319,5,13,7,5,13,2
-4503530441970809798-2408071319,5,13,7,5,13,2
-4503530441970809798-2408081319,5,13,7,5,13,2
-4503530441970809798-2408091319,5,13,7,5,13,2
-4503530441970809798-2408101319,5,13,7,5,13,2
-4503530441970809798-2408121319,5,13,7,5,13,2
-4503530441970809798-2408131319,5,13,7,5,13,2
-4503530441970809798-2408141319,5,13,7,5,13,2
-4503530441970809798-2408151319,5,13,7,5,13,2
-4503530441970809798-2408161419,5,13,7,5,13,2
-4503530441970809798-2408171338,7,15,7,7,15,2
-4503530441970809798-2408191338,7,15,7,7,15,2
-4503530441970809798-2408201338,7,15,7,7,15,2
-4503530441970809798-2408211338,7,15,7,7,15,2
-4503530441970809798-2408221338,7,15,7,7,15,2
-4503530441970809798-2408231338,7,15,7,7,15,2
-4503530441970809798-2408241338,7,15,7,7,15,2
-4503530441970809798-2408261338,7,15,7,7,15,2
-4503530441970809798-2408271338,7,15,7,7,15,2
-4503530441970809798-2408281338,7,15,7,7,15,2
-4503530441970809798-2408291338,7,15,7,7,15,2
-4503530441970809798-2408301338,7,15,7,7,15,2
-4503530441970809798-2408311338,7,15,7,7,15,2
-4503530441970809798-2409011338,7,15,7,7,15,2
-4503530441970809798-2409021338,7,15,7,7,15,2
-4503530441970809798-2409031338,7,15,7,7,15,2
-4503530441970809798-2409041338,7,15,7,7,15,2
-4503530441970809798-2409051338,7,15,7,7,15,2
-4503530441970809798-2409061338,7,15,7,7,15,2
-4503530441970809798-2409071338,7,15,7,7,15,2
-4503530441970809798-2409081338,7,15,7,7,15,2
-4503530441970809798-2409091338,7,15,7,7,15,2
-4503530441970809798-2409101338,7,15,7,7,15,2
-4503530441970809798-2409111338,7,15,7,7,15,2
-4503530441970809798-2409121338,7,15,7,7,15,2
-4503530441970809798-2409131338,7,15,7,7,15,2
-4503530441970809798-2409151338,7,15,7,7,15,2
-4503530441970809798-2409161338,7,15,7,7,15,2
-4503530441970809798-2409171338,7,15,7,7,15,2
-4503530441970809798-2409181338,7,15,7,7,15,2
-4503530441970809798-2409191338,7,15,7,7,15,2
-4503530441970809798-2409201338,7,15,8,7,15,1
-4503530441970809798-2409211338,7,15,8,7,15,1
-4503530441970809798-2409221338,7,15,8,7,15,1
-4503530441970809798-2409231338,7,14,7,7,14,1
-4503530441970809798-2409241338,7,14,6,7,14,2
-4503530441970809798-2409251338,7,14,6,7,14,2
-4503530441970809798-2409261338,7,14,6,7,14,2
-4503530441970809798-2409271338,7,14,6,7,14,2
-4503530441970809798-2409281338,7,14,6,7,14,2
-4503530441970809798-2409291338,7,14,6,7,14,2
-4503530441970809798-2409301338,7,14,6,7,14,2
-4503530441970809798-2410011338,7,14,6,7,14,2
-4503530441970809798-2410021338,7,14,6,7,14,2
-4503530441970809798-2410031338,7,14,6,7,14,2
-4503530441970809798-2410041338,7,14,6,7,14,2
-4503530441970809798-2410051338,7,15,7,7,15,2
-4503530441970809798-2410061338,7,15,7,7,15,2
-4503530441970809798-2410071338,7,15,7,7,15,2
-4503530441970809798-2410081338,7,15,7,7,15,2
-4503530441970809798-2410091338,7,15,7,7,15,2
-4503530441970809798-2410101338,7,15,7,7,15,2
-4503530441970809798-2410111338,7,15,7,7,15,2
-4503530441970809798-2410121338,7,15,7,7,15,2
-4503530441970809798-2410131338,7,15,7,7,15,2
-4503530441970809798-2410141338,7,15,7,7,15,2
-4503530441970809798-2410151338,7,15,7,7,15,2
-4503530441970809798-2410161338,7,15,7,7,15,2
-4503530441970809798-2410171338,7,15,7,7,15,2
-4503530441970809798-2410181338,7,15,7,7,15,2
-4503530441970809798-2410191338,7,15,7,7,15,2
-4503530441970809798-2410201338,7,15,7,7,15,2
-4503530441970809798-2410211338,7,15,7,7,15,2
-4503530441970809798-2410221338,7,15,7,7,15,2
-4503530441970809798-2410231338,7,15,7,7,15,2
-4503530441970809798-2410241338,7,15,7,7,15,2
-4503530441970809798-2410251338,7,15,7,7,15,2
-4503530441970809798-2410261338,7,15,8,7,15,1
-4503530441970809798-2410271338,7,15,8,7,15,1
-4503530441970809798-2410281338,7,15,8,7,15,1
-4503530441970809798-2410291338,7,15,8,7,15,1
-4503530441970809798-2410301338,7,15,8,7,15,1
-4503530441970809798-2410311338,7,15,8,7,15,1
-4503530441970809798-2411011338,7,15,8,7,15,1
-4503530441970809798-2411021338,7,15,7,7,15,2
-4503530441970809798-2411031338,7,15,7,7,15,2
-4503530441970809798-2411041338,7,15,7,7,15,2
-4503530441970809798-2411051338,7,15,7,7,15,2
-4503530441970809798-2411061338,7,15,7,7,15,2
-4503530441970809798-2411071338,7,15,7,7,15,2
-4503530441970809798-2411081338,7,15,7,7,15,2
-4503530441970809798-2411091338,7,15,7,7,15,2
-4503530441970809798-2411101338,7,15,7,7,15,2
-4503530441970809798-2411111338,7,15,7,7,15,2
-4503530441970809798-2411121338,7,15,7,7,15,2
-4503530441970809798-2411131338,7,15,7,7,15,2
-4503530441970809798-2411141338,7,15,7,7,15,2
-4503530441970809798-2411151338,7,15,7,7,15,2
-4503530441970809798-2411161338,7,15,7,7,15,2
-4503530441970809798-2411171338,7,15,7,7,15,2
-4503530441970809798-2411181338,7,15,7,7,15,2
-4503530441970809798-2411191338,7,15,7,7,15,2
-4503530441970809798-2411201338,7,15,7,7,15,2
-4503530441970809798-2411211338,7,15,7,7,15,2
-4503530441970809798-2411221338,7,15,7,7,15,2
-4503530441970809798-2411231338,7,15,8,7,15,1
-4503530441970809798-2411241338,7,15,8,7,15,1
-4503530441970809798-2411251338,7,15,8,7,15,1
-4503530441970809798-2411261338,7,15,8,7,15,1
-4503530441970809798-2411271338,7,15,8,7,15,1
-4503530441970809798-2411281338,7,15,8,7,15,1
-4503530441970809798-2411291338,7,15,8,7,15,1
-4503530441970809798-2411301338,7,17,7,7,17,4
-4503530441970809798-2412011338,7,17,7,7,17,4
-4503530441970809798-2412021338,7,15,7,7,15,2
-4503530441970809798-2412031338,7,15,7,7,15,2
-4503530441970809798-2412041338,7,15,7,7,15,2
-4503530441970809798-2412051338,7,15,7,7,15,2
-4503530441970809798-2412061338,7,15,7,7,15,2
-4503530441970809798-2412071338,7,15,7,7,15,2
-4503530441970809798-2412081338,7,15,7,7,15,2
-4503530441970809798-2412091338,7,15,7,7,15,2
-4503530441970809798-2412101338,7,15,7,7,15,2
-4503530441970809798-2412111338,7,15,7,7,15,2
-4503530441970809798-2412121338,7,15,7,7,15,2
-4503530441970809798-2412131338,7,15,7,7,15,2
-4503530441970809798-2412141338,7,15,7,7,15,2
-4503530441970809798-2412151419,5,13,7,5,13,2
-4503530441970809798-2412161419,5,13,7,5,13,2
-4503530441970809798-2412171419,5,13,7,5,13,2
-4503530441970809798-2412181419,5,13,7,5,13,2
-4503530441970809798-2412191419,5,13,7,5,13,2
-4503530441970809798-2412201419,5,13,7,5,13,2
-4503530441970809798-2412211419,5,13,7,5,13,2
-4503530441970809798-2412221419,5,13,7,5,13,2
-4503530441970809798-2412231419,5,13,7,5,13,2
-4503530441970809798-2412241419,5,13,7,5,13,2
-4503530441970809798-2412251419,5,13,7,5,13,2
-4503530441970809798-2412261419,5,13,7,5,13,2
-4503530441970809798-2412271419,5,13,7,5,13,2
-4503530441970809798-2412281419,5,13,7,5,13,2
-4503530441970809798-2412291419,5,13,7,5,13,2
-4503530441970809798-2412301419,5,13,7,5,13,2
-4503530441970809798-2412311419,5,13,7,5,13,2
-4503530441970809798-2501011419,5,13,7,5,13,2
-4503530441970809798-2501021419,5,13,7,5,13,2
-4503530441970809798-2501031419,5,13,7,5,13,2
-4503530441970809798-2501041419,5,13,7,5,13,2
-4503530441970809798-2501051419,5,13,7,5,13,2
-4503530441970809798-2501061419,5,13,7,5,13,2
-4503530441970809798-2501071419,5,13,7,5,13,2
-4503530441970809798-2501081419,5,13,7,5,13,2
-4503530441970809798-2501091419,5,13,7,5,13,2
-4503530441970809798-2501101419,5,13,7,5,13,2
-4503530441970809798-2501111419,5,13,7,5,13,2
-4503530441970809798-2501121419,5,13,7,5,13,2
-4503530441970809798-2501131419,5,13,7,5,13,2
-4503530441970809798-2501141419,5,13,7,5,13,2
-4503530441970809798-2501151419,5,13,7,5,13,2
-4503530441970809798-2501161419,5,13,7,5,13,2
-4503530441970809798-2501171419,5,13,7,5,13,2
-4503530441970809798-2501181419,5,13,7,5,13,2
-4503530441970809798-2501191419,5,13,7,5,13,2
-4503530441970809798-2501201419,5,13,7,5,13,2
-4503530441970809798-2501211419,5,13,7,5,13,2
-4503530441970809798-2501221419,5,13,7,5,13,2
-4503530441970809798-2501231419,5,13,7,5,13,2
-4503530441970809798-2501241419,5,13,7,5,13,2
-4503530441970809798-2501251419,5,13,7,5,13,2
-4503530441970809798-2501261419,5,13,7,5,13,2
-4503530441970809798-2501271419,5,13,7,5,13,2
-4503530441970809798-2501281419,5,13,7,5,13,2
-4503530441970809798-2501291419,5,13,7,5,13,2
-4503530441970809798-2501301419,5,13,7,5,13,2
-4503530441970809798-2501311419,5,13,7,5,13,2
-4503530441970809798-2502011419,5,13,7,5,13,2
-4503530441970809798-2502021419,5,13,7,5,13,2
-4503530441970809798-2502031419,5,13,7,5,13,2
-4503530441970809798-2502041419,5,13,7,5,13,2
-4503530441970809798-2502051419,5,13,7,5,13,2
-4503530441970809798-2502061419,5,13,7,5,13,2
-4503530441970809798-2502071419,5,13,7,5,13,2
-4503530441970809798-2502081419,5,13,7,5,13,2
-4503530441970809798-2502091419,5,13,7,5,13,2
-4503530441970809798-2502101419,5,13,7,5,13,2
-4503530441970809798-2502111419,5,13,7,5,13,2
-4503530441970809798-2502121419,5,13,7,5,13,2
-4503530441970809798-2502131419,5,13,7,5,13,2
-4503530441970809798-2502141419,5,13,7,5,13,2
-4503530441970809798-2502151419,5,13,7,5,13,2
-4503530441970809798-2502161419,5,13,7,5,13,2
-4503530441970809798-2502171419,5,13,7,5,13,2
-4503530441970809798-2502181419,5,13,7,5,13,2
-4503530441970809798-2502191419,5,13,7,5,13,2
-4503530441970809798-2502201419,5,13,7,5,13,2
-4503530441970809798-2502211419,5,13,7,5,13,2
-4503530441970809798-2502221419,5,13,7,5,13,2
-4503530441970809798-2502231419,5,13,7,5,13,2
-4503530441970809798-2502241419,5,13,7,5,13,2
-4503530441970809798-2502251419,5,13,7,5,13,2
-4503530441970809798-2502261419,5,13,7,5,13,2
-4503530441970809798-2502271419,5,13,7,5,13,2
-4503530441970809798-2502281419,5,13,7,5,13,2
-4503530441970809798-2503011419,5,13,7,5,13,2
-4503530441970809798-2503021419,5,13,7,5,13,2
-4503530441970809798-2503031419,5,13,7,5,13,2
-4503530441970809798-2503041419,5,13,7,5,13,2
-4503530441970809798-2503051419,5,13,7,5,13,2
-4503530441970809798-2503061419,5,13,7,5,13,2
-4503530441970809798-2503071419,5,13,7,5,13,2
-4503530441970809798-2503241419,5,13,7,5,13,2
-4503530441970809798-2503251419,5,15,7,5,15,4
-4503530441970809798-2503261419,5,15,7,5,15,4
-4503530441970809798-2503271419,5,14,7,5,14,3
-4503530441970809798-2503281419,5,14,7,5,14,3
-4503530441970809798-2503291419,5,14,7,5,14,3
-4503530441970809798-2503301419,5,14,7,5,14,3
-4503530441970809798-2503311419,5,13,7,5,13,2
-4503530441970809798-2504011419,5,13,7,5,13,2
-4503530441970809798-2504021419,5,13,7,5,13,2
-4503530441970809798-2504031419,5,13,7,5,13,2
-4503530441970809798-2504041419,5,13,7,5,13,2
-4503530441970809798-2504051419,5,13,7,5,13,2
-4503530441970809798-2504061419,5,13,7,5,13,2
-4503530441970809798-2504071419,5,13,7,5,13,2
-4503530441970809798-2504081419,5,13,7,5,13,2
-4503530441970809798-2504091419,5,13,7,5,13,2
-4503530441970809798-2504101419,5,13,7,5,13,2
-4503530441970809798-2504111419,5,13,7,5,13,2
-4503530441970809798-2504121419,5,12,7,5,12,1
-4503530441970809798-2504131419,5,12,7,5,12,1
-4503530441970809798-2504141419,5,12,7,5,12,1
-4503530441970809798-2504151419,5,12,7,5,12,1
-4503530441970809798-2504161419,5,12,7,5,12,1
-4503530441970809798-2504171419,5,12,7,5,12,1
-4503530441970809798-2504181419,5,12,7,5,12,1
-4503530441970809798-2504221419,5,13,7,5,13,2
-4503530441970809798-2504231419,5,13,7,5,13,2
-4503530441970809798-2504241419,5,13,7,5,13,2
-4503530441970809798-2504251419,5,13,7,5,13,2
-4503530441970809798-2504261419,5,13,7,5,13,2
-4503530441970809798-2504271419,5,13,7,5,13,2
-4503530441970809798-2504281419,5,13,7,5,13,2
-4503530441970809798-2504291419,5,13,7,5,13,2
-4503530441970809798-2504301419,5,13,7,5,13,2
-4503530441970809798-2505011419,5,13,7,5,13,2
-4503530441970809798-2505021419,5,13,7,5,13,2
-4503530441970809798-2505031419,5,13,7,5,13,2
-4503530441970809798-2505041419,5,13,7,5,13,2
-4503530441970809798-2505051419,5,13,7,5,13,2
-4503530441970809798-2505061419,5,13,7,5,13,2
-4503530441970809798-2505071419,5,13,7,5,13,2
-4503530441970809798-2505081419,5,13,7,5,13,2
-4503530441970809798-2505091419,5,13,7,5,13,2
-4503530441970809798-2505101419,5,13,7,5,13,2
-4503530441970809798-2505111419,5,13,7,5,13,2
-4503530441970809798-2505121419,5,13,7,5,13,2
-4503530441970809798-2505131419,5,13,7,5,13,2
-4503530441970809798-2505141419,5,13,7,5,13,2
-4503530441970809798-2505151419,5,13,7,5,13,2
-4503530441970809798-2505161419,5,13,7,5,13,2
-4503530441970809798-2505171419,5,13,7,5,13,2
-4503530441970809798-2505181419,5,13,7,5,13,2
-4503530441970809798-2505191419,5,13,7,5,13,2
-4503530441970809798-2505201419,5,13,7,5,13,2
-4503530441970809798-2505211419,5,13,7,5,13,2
-4503530441970809798-2505221419,5,13,7,5,13,2
-4503530441970809798-2505231419,5,13,7,5,13,2
-4503530441970809798-2505241419,5,13,7,5,13,2
-4503530441970809798-2505251419,5,13,7,5,13,2
-4503530441970809798-2505261419,5,13,7,5,13,2
-4503530441970809798-2505271419,5,13,7,5,13,2
-4503530441970809798-2505281419,5,13,7,5,13,2
-4503530441970809798-2505291419,5,13,7,5,13,2
-4503530441970809798-2505301419,5,13,7,5,13,2
-4503530441970809798-2505311419,5,13,7,5,13,2
-4503530441970809798-2506011419,5,14,7,5,14,3
-4503530441970809798-2506021419,5,13,7,5,13,2
-4503530441970809798-2506031419,5,13,7,5,13,2
-4503530441970809798-2506041419,5,13,7,5,13,2
-4503530441970809798-2506051419,5,13,6,5,13,3
-4503530441970809798-2506061419,5,13,7,5,13,2
-4503530441970809798-2506071419,5,13,7,5,13,2
-4503530441970809798-2506081419,5,13,7,5,13,2
-4503530441970809798-2506091419,5,13,7,5,13,2
-4503530441970809798-2506101419,5,13,7,5,13,2
-4503530441970809798-2506111419,5,13,7,5,13,2
-4503530441970809798-2506121419,5,13,7,5,13,2
-4503530441970809798-2506131419,5,13,7,5,13,2
-4503530441970809798-2506141419,5,13,7,5,13,2
-4503530441970809798-2506151419,5,13,7,5,13,2
-4503530441970809798-2506161419,5,13,7,5,13,2
-4503530441970809798-2506171419,5,13,7,5,13,2
-4503530441970809798-2506181419,5,14,7,5,14,3
-4503530441970809798-2506191419,5,14,7,5,14,3
-4503530441970809798-2506201419,5,13,7,5,13,2
-4503530441970809798-2506211419,5,13,7,5,13,2
-4503530441970809798-2506221419,5,13,7,5,13,2
-4503530441970809798-2506231419,5,13,7,5,13,2
-4503530441970809798-2506241419,5,13,7,5,13,2
-4503530441970809798-2506251419,5,13,7,5,13,2
-4503530441970809798-2506261419,5,13,7,5,13,2
-4503530441970809798-2506271419,5,14,7,5,14,3
-4503530441970809798-2506281419,5,14,7,5,14,3
-4503530441970809798-2506291419,5,14,7,5,14,3
-4503530441970809798-2506301419,5,17,9,5,17,4
-4503530441970809798-2507011419,5,17,9,5,17,4
-4503530441970809798-2507021419,5,17,9,5,17,4
-4503530441970809798-2507031419,5,14,7,5,14,3
-4503530441970809798-2507041419,5,14,7,5,14,3
-4503530441970809798-2507051419,5,14,7,5,14,3
-4503530441970809798-2507061419,5,14,7,5,14,3
-4503530441970809798-2507071419,5,14,7,5,14,3
-4503530441970809798-2507081419,5,14,7,5,14,3
-4503530441970809798-2507091419,5,14,7,5,14,3
-4503530441970809798-2507101419,5,17,9,5,17,4
-4503530441970809798-2507111419,5,17,9,5,17,4
-4503530441970809798-2507121419,5,13,7,5,13,2
-4503530441970809798-2507131419,5,13,7,5,13,2
-4503530441970809798-2507141419,5,13,7,5,13,2
-4503530441970809798-2507151419,4,12,7,4,12,2
-4503530441970809798-2507161419,4,12,7,4,12,2
-4503530441970809798-2507171419,4,12,7,4,12,2
-4503530441970809798-2507181419,4,12,7,4,12,2
-4503530441970809798-2507191419,4,12,7,4,12,2
-4503530441970809798-2507201419,4,12,7,4,12,2
-4503530441970809798-2507211419,4,12,7,4,12,2
-4503530441970809798-2507221419,4,12,7,4,12,2
-4503530441970809798-2507231419,5,13,7,5,13,2
-4503530441970809798-2507241419,5,13,7,5,13,2
-4503530441970809798-2507251419,5,13,7,5,13,2
-4503530441970809798-2508041334,8,16,7,8,16,2
-4503530441970809798-2508051334,8,16,7,8,16,2
-4503530441970809798-2508061334,8,16,7,8,16,2
-4503530441970809798-2508071334,8,16,7,8,16,2
-4503530441970809798-2508081334,8,16,7,8,16,2
-4503530441970809798-2508091334,8,16,7,8,16,2
-4503530441970809798-2508101334,8,16,7,8,16,2
-4503530441970809798-2508111334,8,16,7,8,16,2
-4503530441970809798-2508121334,8,16,7,8,16,2
-4503530441970809798-2508131334,8,16,7,8,16,2
-4503530441970809798-2508141334,8,16,7,8,16,2
-4503530441970809798-2508151334,8,16,7,8,16,2
-4503530441970809798-2508161334,8,17,8,8,17,2
-4503530441970809798-2508171334,8,17,8,8,17,2
-4503530441970809798-2508181334,8,17,8,8,17,2
-4503530441970809798-2508191334,8,17,8,8,17,2
-4503530441970809798-2508201334,8,17,8,8,17,2
-4503530441970809798-2508211334,8,17,8,8,17,2
-4503530441970809798-2508221334,8,17,8,8,17,2
-4503530441970809798-2508231334,8,17,8,8,17,2
-4503530441970809798-2508241334,8,17,8,8,17,2
-4503530441970809798-2508251334,8,15,7,8,15,1
-4503530441970809798-2508261334,8,15,7,8,15,1
-4503530441970809798-2508271334,8,15,7,8,15,1
-4503530441970809798-2508281334,8,15,7,8,15,1
-4503530441970809798-2508291334,8,15,7,8,15,1
-4503530441970809798-2508301334,8,15,7,8,15,1
-4503530441970809798-2508311334,8,15,7,8,15,1
-4503530441970809798-2509011334,8,15,7,8,15,1
-4503530441970809798-2509021334,8,15,7,8,15,1
-4503530441970809798-2509031333,8,15,7,8,15,1
-4503530441970809798-2509041333,8,15,7,8,15,1
-4503530441970809798-2509051333,8,15,7,8,15,1
-4503530441970809798-2509061333,8,15,7,8,15,1
-4503530441970809798-2509071333,8,15,7,8,15,1
-4503530441970809798-2509081333,8,15,7,8,15,1
-4503530441970809798-2509091334,8,16,7,8,16,2
-4503530441970809798-2509101334,8,16,7,8,16,2
-4503530441970809798-2509111334,8,16,7,8,16,2
-4503530441970809798-2509121334,8,16,7,8,16,2
-4503530441970809798-2509131334,8,16,7,8,16,2
-4503530441970809798-2509141334,8,16,7,8,16,2
-4503530441970809798-2509151334,8,16,7,8,16,2
-4503530441970809798-2509161334,8,16,7,8,16,2
-4503530441970809798-2509171334,8,16,7,8,16,2
-4503530441970809798-2509181334,8,16,7,8,16,2
-4503530441970809798-2509191334,8,16,7,8,16,2
-4503530441970809798-2509201334,8,16,7,8,16,2
-4503530441970809798-2509211334,8,16,7,8,16,2
-4503530441970809798-2509221334,8,16,7,8,16,2
-4503530441970809798-2509231334,8,16,7,8,16,2
-4538190099459305426-2408170742,9,19,9,9,19,2
-4538190099459305426-2408180742,9,19,9,9,19,2
-4538190099459305426-2408190742,9,19,9,9,19,2
-4538190099459305426-2408200742,9,19,9,9,19,2
-4538190099459305426-2408210742,9,19,9,9,19,2
-4538190099459305426-2408220742,9,19,9,9,19,2
-4538190099459305426-2408230742,9,19,9,9,19,2
-4538190099459305426-2408240742,9,19,9,9,19,2
-4538190099459305426-2408250742,9,19,9,9,19,2
-4538190099459305426-2408260742,9,19,9,9,19,2
-4538190099459305426-2408270742,9,19,9,9,19,2
-4538190099459305426-2408280742,9,19,9,9,19,2
-4538190099459305426-2408290742,9,19,9,9,19,2
-4538190099459305426-2408300742,9,19,9,9,19,2
-4538190099459305426-2408310742,9,18,8,9,18,2
-4538190099459305426-2409010742,9,18,8,9,18,2
-4538190099459305426-2409020742,9,19,9,9,19,2
-4538190099459305426-2409030742,9,19,9,9,19,2
-4538190099459305426-2409040742,9,19,9,9,19,2
-4538190099459305426-2409050742,9,19,9,9,19,2
-4538190099459305426-2409060742,9,19,9,9,19,2
-4538190099459305426-2409070742,9,19,9,9,19,2
-4538190099459305426-2409080742,9,19,9,9,19,2
-4538190099459305426-2409090742,9,19,9,9,19,2
-4538190099459305426-2409100742,9,19,9,9,19,2
-4538190099459305426-2409110742,9,19,9,9,19,2
-4538190099459305426-2409120742,9,19,9,9,19,2
-4538190099459305426-2409130742,9,19,9,9,19,2
-4538190099459305426-2409140742,9,19,9,9,19,2
-4538190099459305426-2409150742,9,19,9,9,19,2
-4538190099459305426-2409160742,9,19,9,9,19,2
-4538190099459305426-2409170742,9,19,9,9,19,2
-4538190099459305426-2409180742,9,19,9,9,19,2
-4538190099459305426-2409190742,9,19,9,9,19,2
-4538190099459305426-2409200742,9,17,8,9,17,1
-4538190099459305426-2409210742,9,17,8,9,17,1
-4538190099459305426-2409220742,9,17,8,9,17,1
-4538190099459305426-2409230742,9,16,7,9,16,1
-4538190099459305426-2409240742,9,18,8,9,18,2
-4538190099459305426-2409250742,9,18,8,9,18,2
-4538190099459305426-2409260742,9,18,8,9,18,2
-4538190099459305426-2409270742,9,18,8,9,18,2
-4538190099459305426-2409280742,9,18,8,9,18,2
-4538190099459305426-2409290742,9,18,8,9,18,2
-4538190099459305426-2409300742,9,18,8,9,18,2
-4538190099459305426-2410010742,9,18,8,9,18,2
-4538190099459305426-2410020742,9,18,8,9,18,2
-4538190099459305426-2410030742,9,18,8,9,18,2
-4538190099459305426-2410040742,9,18,8,9,18,2
-4538190099459305426-2410050742,9,19,9,9,19,2
-4538190099459305426-2410060742,9,19,9,9,19,2
-4538190099459305426-2410070742,9,19,9,9,19,2
-4538190099459305426-2410080742,9,19,9,9,19,2
-4538190099459305426-2410090742,9,19,9,9,19,2
-4538190099459305426-2410100742,9,19,9,9,19,2
-4538190099459305426-2410110742,9,19,9,9,19,2
-4538190099459305426-2410120742,9,19,9,9,19,2
-4538190099459305426-2410130742,9,19,9,9,19,2
-4538190099459305426-2410140742,9,19,9,9,19,2
-4538190099459305426-2410150742,9,19,9,9,19,2
-4538190099459305426-2410160742,9,19,9,9,19,2
-4538190099459305426-2410170742,9,19,9,9,19,2
-4538190099459305426-2410180742,9,19,9,9,19,2
-4538190099459305426-2410190742,9,19,9,9,19,2
-4538190099459305426-2410200742,9,19,9,9,19,2
-4538190099459305426-2410210742,9,19,9,9,19,2
-4538190099459305426-2410220742,9,19,9,9,19,2
-4538190099459305426-2410230742,9,19,9,9,19,2
-4538190099459305426-2410240742,9,19,9,9,19,2
-4538190099459305426-2410250742,9,19,9,9,19,2
-4538190099459305426-2410260742,9,17,8,9,17,1
-4538190099459305426-2410270742,9,17,8,9,17,1
-4538190099459305426-2410280742,9,17,8,9,17,1
-4538190099459305426-2410290742,9,17,8,9,17,1
-4538190099459305426-2410300742,9,17,8,9,17,1
-4538190099459305426-2410310742,9,17,8,9,17,1
-4538190099459305426-2411010742,9,17,8,9,17,1
-4538190099459305426-2411020742,9,19,9,9,19,2
-4538190099459305426-2411030742,9,19,9,9,19,2
-4538190099459305426-2411040742,9,19,9,9,19,2
-4538190099459305426-2411050742,9,19,9,9,19,2
-4538190099459305426-2411060742,9,19,9,9,19,2
-4538190099459305426-2411070742,9,19,9,9,19,2
-4538190099459305426-2411080742,9,19,9,9,19,2
-4538190099459305426-2411090742,9,20,9,9,20,3
-4538190099459305426-2411100742,9,20,9,9,20,3
-4538190099459305426-2411110742,9,20,9,9,20,3
-4538190099459305426-2411120742,9,20,9,9,20,3
-4538190099459305426-2411130742,9,20,9,9,20,3
-4538190099459305426-2411140742,9,20,9,9,20,3
-4538190099459305426-2411150742,9,20,9,9,20,3
-4538190099459305426-2411160742,9,20,9,9,20,3
-4538190099459305426-2411170742,9,20,9,9,20,3
-4538190099459305426-2411180742,9,20,9,9,20,3
-4538190099459305426-2411190742,9,20,9,9,20,3
-4538190099459305426-2411200742,9,20,9,9,20,3
-4538190099459305426-2411210742,9,20,9,9,20,3
-4538190099459305426-2411220742,9,19,9,9,19,2
-4538190099459305426-2411230742,9,17,8,9,17,1
-4538190099459305426-2411240742,9,17,8,9,17,1
-4538190099459305426-2411250742,9,17,8,9,17,1
-4538190099459305426-2411260742,9,17,8,9,17,1
-4538190099459305426-2411270742,9,17,8,9,17,1
-4538190099459305426-2411280742,9,17,8,9,17,1
-4538190099459305426-2411290742,9,17,8,9,17,1
-4538190099459305426-2411300742,9,17,7,9,17,2
-4538190099459305426-2412010742,9,17,7,9,17,2
-4538190099459305426-2412020742,9,19,9,9,19,2
-4538190099459305426-2412030742,9,19,9,9,19,2
-4538190099459305426-2412040742,9,19,9,9,19,2
-4538190099459305426-2412050742,9,19,9,9,19,2
-4538190099459305426-2412060742,9,19,9,9,19,2
-4538190099459305426-2412070742,9,19,9,9,19,2
-4538190099459305426-2412080742,9,19,9,9,19,2
-4538190099459305426-2412090742,9,19,9,9,19,2
-4538190099459305426-2412100742,9,19,9,9,19,2
-4538190099459305426-2412110742,9,19,9,9,19,2
-4538190099459305426-2412120742,9,19,9,9,19,2
-4538190099459305426-2412130742,9,19,9,9,19,2
-4538190099459305426-2412140742,9,19,9,9,19,2
-4538190099459305426-2508050742,9,19,9,9,19,2
-4538190099459305426-2508060742,9,19,9,9,19,2
-4538190099459305426-2508070742,9,19,9,9,19,2
-4538190099459305426-2508080742,9,19,9,9,19,2
-4538190099459305426-2508090742,9,19,9,9,19,2
-4538190099459305426-2508100742,9,19,9,9,19,2
-4538190099459305426-2508110742,9,19,9,9,19,2
-4538190099459305426-2508120742,9,19,9,9,19,2
-4538190099459305426-2508130742,9,19,9,9,19,2
-4538190099459305426-2508140742,9,19,9,9,19,2
-4538190099459305426-2508150742,9,19,9,9,19,2
-4538190099459305426-2508160742,9,19,9,9,19,2
-4538190099459305426-2508170742,9,19,9,9,19,2
-4538190099459305426-2508180742,9,19,9,9,19,2
-4538190099459305426-2508190742,9,19,9,9,19,2
-4538190099459305426-2508200742,9,19,9,9,19,2
-4538190099459305426-2508210742,9,19,9,9,19,2
-4538190099459305426-2508220742,9,19,9,9,19,2
-4538190099459305426-2508230742,9,19,9,9,19,2
-4538190099459305426-2508240742,9,19,9,9,19,2
-4538190099459305426-2508250741,9,18,8,9,18,2
-4538190099459305426-2508260741,9,18,8,9,18,2
-4538190099459305426-2508270741,9,18,8,9,18,2
-4538190099459305426-2508280741,9,18,8,9,18,2
-4538190099459305426-2508290741,9,18,8,9,18,2
-4538190099459305426-2508300741,9,18,8,9,18,2
-4538190099459305426-2508310741,9,18,8,9,18,2
-4538190099459305426-2509010741,9,18,8,9,18,2
-4538190099459305426-2509020741,9,18,8,9,18,2
-4538190099459305426-2509030741,9,18,8,9,18,2
-4538190099459305426-2509040741,9,18,8,9,18,2
-4538190099459305426-2509050741,9,18,8,9,18,2
-4538190099459305426-2509060741,9,19,9,9,19,2
-4538190099459305426-2509070741,9,19,9,9,19,2
-4538190099459305426-2509080741,9,19,9,9,19,2
-4538190099459305426-2509090742,9,19,9,9,19,2
-4538190099459305426-2509100742,9,19,9,9,19,2
-4538190099459305426-2509110742,9,19,9,9,19,2
-4538190099459305426-2509120742,9,19,9,9,19,2
-4538190099459305426-2509130742,9,19,9,9,19,2
-4538190099459305426-2509140742,9,19,9,9,19,2
-4538190099459305426-2509150742,9,19,9,9,19,2
-4538190099459305426-2509160742,9,19,9,9,19,2
-4538190099459305426-2509170742,9,19,9,9,19,2
-4538190099459305426-2509180742,9,19,9,9,19,2
-4538190099459305426-2509190742,9,19,9,9,19,2
-4538190099459305426-2509200742,9,16,7,9,16,1
-4538190099459305426-2509210742,9,16,7,9,16,1
-4538190099459305426-2509220742,9,16,7,9,16,1
-4538190099459305426-2509230742,9,19,9,9,19,2
-4565179745074490004-2407180818,5,13,7,5,13,2
-4565179745074490004-2408080618,5,13,8,5,13,1
-4565179745074490004-2507041818,5,16,8,5,16,4
-4565179745074490004-2508191020,9,17,8,9,17,1
-4701266111681895247-2603141226,2,102,7,2,102,94
-4701266111681895247-2603151226,2,103,8,2,103,94
-4719355773313123767-2411300628,1,11,7,1,11,4
-4731433304668581082-2510221345,1,7,5,1,7,2
-4803413020616385260-2407011118,5,13,8,5,13,1
-4803413020616385260-2407021118,5,13,8,5,13,1
-4803413020616385260-2407031118,5,13,8,5,13,1
-4803413020616385260-2407041118,5,13,8,5,13,1
-4803413020616385260-2407051118,5,13,8,5,13,1
-4803413020616385260-2407061118,5,13,8,5,13,1
-4803413020616385260-2407071118,5,13,8,5,13,1
-4803413020616385260-2407081118,5,13,8,5,13,1
-4803413020616385260-2407091118,5,13,8,5,13,1
-4803413020616385260-2407101118,5,13,8,5,13,1
-4803413020616385260-2407111118,5,13,8,5,13,1
-4803413020616385260-2407121118,5,13,8,5,13,1
-4803413020616385260-2407131118,5,13,8,5,13,1
-4803413020616385260-2407141118,5,13,8,5,13,1
-4803413020616385260-2407151118,5,13,8,5,13,1
-4803413020616385260-2407161118,5,13,8,5,13,1
-4803413020616385260-2407171118,5,13,8,5,13,1
-4803413020616385260-2407181118,5,13,8,5,13,1
-4803413020616385260-2407191118,5,13,8,5,13,1
-4803413020616385260-2407201118,5,13,8,5,13,1
-4803413020616385260-2407211118,5,13,8,5,13,1
-4803413020616385260-2407221118,5,13,8,5,13,1
-4803413020616385260-2407231118,5,13,8,5,13,1
-4803413020616385260-2407241118,5,13,8,5,13,1
-4803413020616385260-2407251118,5,13,8,5,13,1
-4803413020616385260-2407261118,5,13,8,5,13,1
-4803413020616385260-2407271018,5,13,8,5,13,1
-4803413020616385260-2407281018,5,13,8,5,13,1
-4803413020616385260-2407291018,5,13,8,5,13,1
-4803413020616385260-2407301018,5,13,8,5,13,1
-4803413020616385260-2407311018,5,13,8,5,13,1
-4803413020616385260-2408011018,5,13,8,5,13,1
-4803413020616385260-2408021018,5,13,8,5,13,1
-4803413020616385260-2408031018,5,13,8,5,13,1
-4803413020616385260-2408041018,5,13,8,5,13,1
-4803413020616385260-2408051018,5,13,8,5,13,1
-4803413020616385260-2408061018,5,13,8,5,13,1
-4803413020616385260-2408071018,5,13,8,5,13,1
-4803413020616385260-2408081018,5,13,8,5,13,1
-4803413020616385260-2408091018,5,13,8,5,13,1
-4803413020616385260-2408101018,5,13,8,5,13,1
-4803413020616385260-2408111018,5,13,8,5,13,1
-4803413020616385260-2408121018,5,13,8,5,13,1
-4803413020616385260-2408131018,5,13,8,5,13,1
-4803413020616385260-2408141018,5,13,8,5,13,1
-4803413020616385260-2408151018,5,13,8,5,13,1
-4803413020616385260-2408161118,5,13,8,5,13,1
-4803413020616385260-2408171036,8,16,8,8,16,1
-4803413020616385260-2408181036,8,16,8,8,16,1
-4803413020616385260-2408191036,8,16,8,8,16,1
-4803413020616385260-2408201036,8,16,8,8,16,1
-4803413020616385260-2408211036,8,16,8,8,16,1
-4803413020616385260-2408221036,8,16,8,8,16,1
-4803413020616385260-2408231036,8,16,8,8,16,1
-4803413020616385260-2408241036,8,16,8,8,16,1
-4803413020616385260-2408251036,8,16,8,8,16,1
-4803413020616385260-2408261036,8,16,8,8,16,1
-4803413020616385260-2408271036,8,16,8,8,16,1
-4803413020616385260-2408281036,8,16,8,8,16,1
-4803413020616385260-2408291036,8,16,8,8,16,1
-4803413020616385260-2408301036,8,16,8,8,16,1
-4803413020616385260-2408311039,8,16,8,8,16,1
-4803413020616385260-2409081036,8,16,8,8,16,1
-4803413020616385260-2409091036,8,16,8,8,16,1
-4803413020616385260-2409101036,8,16,8,8,16,1
-4803413020616385260-2409111036,8,16,8,8,16,1
-4803413020616385260-2409121036,8,16,8,8,16,1
-4803413020616385260-2409131036,8,16,8,8,16,1
-4803413020616385260-2409141036,8,16,8,8,16,1
-4803413020616385260-2409151036,8,16,8,8,16,1
-4803413020616385260-2409161036,8,16,8,8,16,1
-4803413020616385260-2409171036,8,16,8,8,16,1
-4803413020616385260-2409181036,8,16,8,8,16,1
-4803413020616385260-2409191036,8,16,8,8,16,1
-4803413020616385260-2409201036,8,16,8,8,16,1
-4803413020616385260-2409211036,8,16,8,8,16,1
-4803413020616385260-2409221036,8,16,8,8,16,1
-4803413020616385260-2409231036,8,15,7,8,15,1
-4803413020616385260-2409241036,8,15,7,8,15,1
-4803413020616385260-2409251036,8,15,7,8,15,1
-4803413020616385260-2409261036,8,15,7,8,15,1
-4803413020616385260-2409271036,8,15,7,8,15,1
-4803413020616385260-2409281036,8,15,7,8,15,1
-4803413020616385260-2409291036,8,15,7,8,15,1
-4803413020616385260-2409301036,8,15,7,8,15,1
-4803413020616385260-2410011036,8,15,7,8,15,1
-4803413020616385260-2410021036,8,15,7,8,15,1
-4803413020616385260-2410031036,8,15,7,8,15,1
-4803413020616385260-2410041036,8,15,7,8,15,1
-4803413020616385260-2410051036,8,16,8,8,16,1
-4803413020616385260-2410061036,8,16,8,8,16,1
-4803413020616385260-2410071036,8,16,8,8,16,1
-4803413020616385260-2410081036,8,16,8,8,16,1
-4803413020616385260-2410091036,8,16,8,8,16,1
-4803413020616385260-2410101036,8,16,8,8,16,1
-4803413020616385260-2410111036,8,16,8,8,16,1
-4803413020616385260-2410121036,8,16,8,8,16,1
-4803413020616385260-2410131036,8,16,8,8,16,1
-4803413020616385260-2410141036,8,16,8,8,16,1
-4803413020616385260-2410151036,8,16,8,8,16,1
-4803413020616385260-2410161036,8,16,8,8,16,1
-4803413020616385260-2410171036,8,16,8,8,16,1
-4803413020616385260-2410181036,8,16,8,8,16,1
-4803413020616385260-2410191036,8,16,8,8,16,1
-4803413020616385260-2410201036,8,16,8,8,16,1
-4803413020616385260-2410211036,8,16,8,8,16,1
-4803413020616385260-2410221036,8,16,8,8,16,1
-4803413020616385260-2410231036,8,16,8,8,16,1
-4803413020616385260-2410241036,8,16,8,8,16,1
-4803413020616385260-2410251036,8,16,8,8,16,1
-4803413020616385260-2410261035,8,16,8,8,16,1
-4803413020616385260-2410271035,8,16,8,8,16,1
-4803413020616385260-2410281035,8,16,8,8,16,1
-4803413020616385260-2410291035,8,16,8,8,16,1
-4803413020616385260-2410301035,8,16,8,8,16,1
-4803413020616385260-2410311035,8,16,8,8,16,1
-4803413020616385260-2411011035,8,16,8,8,16,1
-4803413020616385260-2411021036,8,16,8,8,16,1
-4803413020616385260-2411031036,8,16,8,8,16,1
-4803413020616385260-2411041036,8,16,8,8,16,1
-4803413020616385260-2411051036,8,16,8,8,16,1
-4803413020616385260-2411061036,8,16,8,8,16,1
-4803413020616385260-2411071036,8,16,8,8,16,1
-4803413020616385260-2411081036,8,16,8,8,16,1
-4803413020616385260-2411091036,8,17,8,8,17,2
-4803413020616385260-2411101036,8,17,8,8,17,2
-4803413020616385260-2411111036,8,17,8,8,17,2
-4803413020616385260-2411121036,8,17,8,8,17,2
-4803413020616385260-2411131036,8,17,8,8,17,2
-4803413020616385260-2411141036,8,17,8,8,17,2
-4803413020616385260-2411151036,8,17,8,8,17,2
-4803413020616385260-2411161036,8,17,8,8,17,2
-4803413020616385260-2411171036,8,17,8,8,17,2
-4803413020616385260-2411181036,8,17,8,8,17,2
-4803413020616385260-2411191036,8,17,8,8,17,2
-4803413020616385260-2411201036,8,17,8,8,17,2
-4803413020616385260-2411211036,8,17,8,8,17,2
-4803413020616385260-2411221036,8,16,8,8,16,1
-4803413020616385260-2411231036,8,17,9,8,17,1
-4803413020616385260-2411241036,8,17,9,8,17,1
-4803413020616385260-2411251036,8,17,9,8,17,1
-4803413020616385260-2411261036,8,17,9,8,17,1
-4803413020616385260-2411271036,8,17,9,8,17,1
-4803413020616385260-2411281036,8,17,9,8,17,1
-4803413020616385260-2411291036,8,17,9,8,17,1
-4803413020616385260-2411301036,8,17,8,8,17,2
-4803413020616385260-2412011036,8,17,8,8,17,2
-4803413020616385260-2412021036,8,16,8,8,16,1
-4803413020616385260-2412031036,8,16,8,8,16,1
-4803413020616385260-2412041036,8,16,8,8,16,1
-4803413020616385260-2412051036,8,16,8,8,16,1
-4803413020616385260-2412061036,8,16,8,8,16,1
-4803413020616385260-2412071036,8,16,8,8,16,1
-4803413020616385260-2412081036,8,16,8,8,16,1
-4803413020616385260-2412091036,8,16,8,8,16,1
-4803413020616385260-2412101036,8,16,8,8,16,1
-4803413020616385260-2412111036,8,16,8,8,16,1
-4803413020616385260-2412121036,8,16,8,8,16,1
-4803413020616385260-2412131036,8,16,8,8,16,1
-4803413020616385260-2412141036,8,16,8,8,16,1
-4803413020616385260-2412151118,5,13,8,5,13,1
-4803413020616385260-2412161118,5,13,8,5,13,1
-4803413020616385260-2412171118,5,13,8,5,13,1
-4803413020616385260-2412181118,5,13,8,5,13,1
-4803413020616385260-2412191118,5,13,8,5,13,1
-4803413020616385260-2412201118,5,13,8,5,13,1
-4803413020616385260-2412211118,5,13,8,5,13,1
-4803413020616385260-2412221118,5,13,8,5,13,1
-4803413020616385260-2412231118,5,13,8,5,13,1
-4803413020616385260-2412241118,5,13,8,5,13,1
-4803413020616385260-2412251118,5,13,8,5,13,1
-4803413020616385260-2412261118,5,13,8,5,13,1
-4803413020616385260-2412271118,5,13,8,5,13,1
-4803413020616385260-2412281118,5,13,8,5,13,1
-4803413020616385260-2412291118,5,13,8,5,13,1
-4803413020616385260-2412301118,5,13,8,5,13,1
-4803413020616385260-2412311118,5,13,8,5,13,1
-4803413020616385260-2501011118,5,13,8,5,13,1
-4803413020616385260-2501021118,5,13,8,5,13,1
-4803413020616385260-2501031118,5,13,8,5,13,1
-4803413020616385260-2501041118,5,13,8,5,13,1
-4803413020616385260-2501051118,5,13,8,5,13,1
-4803413020616385260-2501061118,5,13,8,5,13,1
-4803413020616385260-2501071118,5,13,8,5,13,1
-4803413020616385260-2501081118,5,13,8,5,13,1
-4803413020616385260-2501091118,5,13,8,5,13,1
-4803413020616385260-2501101118,5,13,8,5,13,1
-4803413020616385260-2501111118,5,13,8,5,13,1
-4803413020616385260-2501121118,5,13,8,5,13,1
-4803413020616385260-2501131118,5,13,8,5,13,1
-4803413020616385260-2501141118,5,13,8,5,13,1
-4803413020616385260-2501151118,5,13,8,5,13,1
-4803413020616385260-2501161118,5,13,8,5,13,1
-4803413020616385260-2501171118,5,13,8,5,13,1
-4803413020616385260-2501181118,5,13,8,5,13,1
-4803413020616385260-2501191118,5,13,8,5,13,1
-4803413020616385260-2501201118,5,13,8,5,13,1
-4803413020616385260-2501211118,5,13,8,5,13,1
-4803413020616385260-2501221118,5,13,8,5,13,1
-4803413020616385260-2501231118,5,13,8,5,13,1
-4803413020616385260-2501241118,5,13,8,5,13,1
-4803413020616385260-2501251118,5,13,8,5,13,1
-4803413020616385260-2501261118,5,13,8,5,13,1
-4803413020616385260-2501271118,5,13,8,5,13,1
-4803413020616385260-2501281118,5,13,8,5,13,1
-4803413020616385260-2501291118,5,13,8,5,13,1
-4803413020616385260-2501301118,5,13,8,5,13,1
-4803413020616385260-2501311118,5,13,8,5,13,1
-4803413020616385260-2502011118,5,13,8,5,13,1
-4803413020616385260-2502021118,5,13,8,5,13,1
-4803413020616385260-2502031118,5,13,8,5,13,1
-4803413020616385260-2502041118,5,13,8,5,13,1
-4803413020616385260-2502051118,5,13,8,5,13,1
-4803413020616385260-2502061118,5,13,8,5,13,1
-4803413020616385260-2502071118,5,13,8,5,13,1
-4803413020616385260-2502081118,5,13,8,5,13,1
-4803413020616385260-2502091118,5,13,8,5,13,1
-4803413020616385260-2502101118,5,13,8,5,13,1
-4803413020616385260-2502111118,5,13,8,5,13,1
-4803413020616385260-2502121118,5,13,8,5,13,1
-4803413020616385260-2502131118,5,13,8,5,13,1
-4803413020616385260-2502141118,5,13,8,5,13,1
-4803413020616385260-2502151118,5,13,8,5,13,1
-4803413020616385260-2502161118,5,13,8,5,13,1
-4803413020616385260-2502171118,5,13,8,5,13,1
-4803413020616385260-2502181118,5,13,8,5,13,1
-4803413020616385260-2502191118,5,13,8,5,13,1
-4803413020616385260-2502201118,5,13,8,5,13,1
-4803413020616385260-2502211118,5,13,8,5,13,1
-4803413020616385260-2502221118,5,13,8,5,13,1
-4803413020616385260-2502231118,5,13,8,5,13,1
-4803413020616385260-2502241118,5,13,8,5,13,1
-4803413020616385260-2502251118,5,13,8,5,13,1
-4803413020616385260-2502261118,5,13,8,5,13,1
-4803413020616385260-2502271118,5,13,8,5,13,1
-4803413020616385260-2502281118,5,13,8,5,13,1
-4803413020616385260-2503011118,5,13,8,5,13,1
-4803413020616385260-2503021118,5,13,8,5,13,1
-4803413020616385260-2503031118,5,13,8,5,13,1
-4803413020616385260-2503041118,5,13,8,5,13,1
-4803413020616385260-2503051118,5,13,8,5,13,1
-4803413020616385260-2503061118,5,13,8,5,13,1
-4803413020616385260-2503071118,5,13,8,5,13,1
-4803413020616385260-2503221055,5,13,8,5,13,1
-4803413020616385260-2503231055,5,13,8,5,13,1
-4803413020616385260-2503241118,5,13,8,5,13,1
-4803413020616385260-2503251118,5,15,8,5,15,3
-4803413020616385260-2503261118,5,15,8,5,15,3
-4803413020616385260-2503271118,5,13,8,5,13,1
-4803413020616385260-2503281118,5,13,8,5,13,1
-4803413020616385260-2503291118,5,13,8,5,13,1
-4803413020616385260-2503301118,5,13,8,5,13,1
-4803413020616385260-2503311118,5,13,8,5,13,1
-4803413020616385260-2504011118,5,13,8,5,13,1
-4803413020616385260-2504021118,5,13,8,5,13,1
-4803413020616385260-2504031118,5,13,8,5,13,1
-4803413020616385260-2504041118,5,13,8,5,13,1
-4803413020616385260-2504051118,5,13,8,5,13,1
-4803413020616385260-2504061118,5,13,8,5,13,1
-4803413020616385260-2504071118,5,13,8,5,13,1
-4803413020616385260-2504081118,5,13,8,5,13,1
-4803413020616385260-2504091118,5,13,8,5,13,1
-4803413020616385260-2504101118,5,13,8,5,13,1
-4803413020616385260-2504111118,5,13,8,5,13,1
-4803413020616385260-2504121118,5,13,8,5,13,1
-4803413020616385260-2504131118,5,13,8,5,13,1
-4803413020616385260-2504141118,5,13,8,5,13,1
-4803413020616385260-2504151118,5,13,8,5,13,1
-4803413020616385260-2504161118,5,13,8,5,13,1
-4803413020616385260-2504171118,5,13,8,5,13,1
-4803413020616385260-2504181118,5,13,8,5,13,1
-4803413020616385260-2504191059,5,13,8,5,13,1
-4803413020616385260-2504201059,5,13,8,5,13,1
-4803413020616385260-2504211059,5,13,8,5,13,1
-4803413020616385260-2504221118,5,13,8,5,13,1
-4803413020616385260-2504231118,5,13,8,5,13,1
-4803413020616385260-2504241118,5,13,8,5,13,1
-4803413020616385260-2504251118,5,13,8,5,13,1
-4803413020616385260-2504261118,5,13,8,5,13,1
-4803413020616385260-2504271118,5,13,8,5,13,1
-4803413020616385260-2504281118,5,13,8,5,13,1
-4803413020616385260-2504291118,5,13,8,5,13,1
-4803413020616385260-2504301118,5,13,8,5,13,1
-4803413020616385260-2505011118,5,13,8,5,13,1
-4803413020616385260-2505021118,5,13,8,5,13,1
-4803413020616385260-2505031118,5,13,8,5,13,1
-4803413020616385260-2505041118,5,13,8,5,13,1
-4803413020616385260-2505051118,5,13,8,5,13,1
-4803413020616385260-2505061118,5,13,8,5,13,1
-4803413020616385260-2505071118,5,13,8,5,13,1
-4803413020616385260-2505081118,5,13,8,5,13,1
-4803413020616385260-2505091118,5,13,8,5,13,1
-4803413020616385260-2505101118,5,13,8,5,13,1
-4803413020616385260-2505111118,5,13,8,5,13,1
-4803413020616385260-2505121118,5,13,8,5,13,1
-4803413020616385260-2505131118,5,13,8,5,13,1
-4803413020616385260-2505141118,5,13,8,5,13,1
-4803413020616385260-2505151118,5,13,8,5,13,1
-4803413020616385260-2505161118,5,13,8,5,13,1
-4803413020616385260-2505171118,5,13,8,5,13,1
-4803413020616385260-2505181034,5,13,8,5,13,1
-4803413020616385260-2505191118,5,13,8,5,13,1
-4803413020616385260-2505201118,5,13,8,5,13,1
-4803413020616385260-2505211118,5,13,8,5,13,1
-4803413020616385260-2505221118,5,13,8,5,13,1
-4803413020616385260-2505231118,5,13,8,5,13,1
-4803413020616385260-2505241118,5,13,8,5,13,1
-4803413020616385260-2505251118,5,13,8,5,13,1
-4803413020616385260-2505261118,5,13,8,5,13,1
-4803413020616385260-2505271118,5,13,8,5,13,1
-4803413020616385260-2505281118,5,13,8,5,13,1
-4803413020616385260-2505291118,5,13,8,5,13,1
-4803413020616385260-2505301118,5,13,8,5,13,1
-4803413020616385260-2505311118,5,13,8,5,13,1
-4803413020616385260-2506011118,5,13,8,5,13,1
-4803413020616385260-2506021118,5,13,8,5,13,1
-4803413020616385260-2506031118,5,13,8,5,13,1
-4803413020616385260-2506041118,5,13,8,5,13,1
-4803413020616385260-2506061118,5,13,8,5,13,1
-4803413020616385260-2506071118,5,13,8,5,13,1
-4803413020616385260-2506081118,5,13,8,5,13,1
-4803413020616385260-2506101118,5,13,8,5,13,1
-4803413020616385260-2506111118,5,13,8,5,13,1
-4803413020616385260-2506121118,5,13,8,5,13,1
-4803413020616385260-2506131118,5,13,8,5,13,1
-4803413020616385260-2506141118,5,13,8,5,13,1
-4803413020616385260-2506151118,5,13,8,5,13,1
-4803413020616385260-2506161118,5,13,8,5,13,1
-4803413020616385260-2506171118,5,13,8,5,13,1
-4803413020616385260-2506181118,5,13,8,5,13,1
-4803413020616385260-2506191118,5,13,8,5,13,1
-4803413020616385260-2506201118,5,13,8,5,13,1
-4803413020616385260-2506211118,5,13,8,5,13,1
-4803413020616385260-2506221118,5,13,8,5,13,1
-4803413020616385260-2506231118,5,13,8,5,13,1
-4803413020616385260-2506241118,5,13,8,5,13,1
-4803413020616385260-2506251118,5,13,8,5,13,1
-4803413020616385260-2506261118,5,13,8,5,13,1
-4803413020616385260-2507121118,5,13,8,5,13,1
-4803413020616385260-2507131118,5,13,8,5,13,1
-4803413020616385260-2507141118,5,13,8,5,13,1
-4803413020616385260-2507151118,4,12,8,4,12,1
-4803413020616385260-2507161118,4,12,8,4,12,1
-4803413020616385260-2507171118,4,12,8,4,12,1
-4803413020616385260-2507181118,4,12,8,4,12,1
-4803413020616385260-2507191118,4,12,8,4,12,1
-4803413020616385260-2507201118,4,12,8,4,12,1
-4803413020616385260-2507211118,4,12,8,4,12,1
-4803413020616385260-2507221118,4,12,8,4,12,1
-4803413020616385260-2507231118,5,13,8,5,13,1
-4803413020616385260-2507241118,5,13,8,5,13,1
-4803413020616385260-2507251118,5,13,8,5,13,1
-4803413020616385260-2508041020,9,17,8,9,17,1
-4803413020616385260-2508051020,9,17,8,9,17,1
-4803413020616385260-2508061020,9,17,8,9,17,1
-4803413020616385260-2508071020,9,17,8,9,17,1
-4803413020616385260-2508081020,9,17,8,9,17,1
-4803413020616385260-2508091020,9,17,8,9,17,1
-4803413020616385260-2508101020,9,17,8,9,17,1
-4803413020616385260-2508111020,9,17,8,9,17,1
-4803413020616385260-2508121020,9,17,8,9,17,1
-4803413020616385260-2508131020,9,17,8,9,17,1
-4803413020616385260-2508141020,9,17,8,9,17,1
-4803413020616385260-2508151020,9,17,8,9,17,1
-4803413020616385260-2508161020,9,17,8,9,17,1
-4803413020616385260-2508171020,9,17,8,9,17,1
-4803413020616385260-2508181020,9,17,8,9,17,1
-4803413020616385260-2508191020,9,17,8,9,17,1
-4803413020616385260-2508201020,9,17,8,9,17,1
-4803413020616385260-2508211020,9,17,8,9,17,1
-4803413020616385260-2508221020,9,17,8,9,17,1
-4803413020616385260-2508231020,9,17,8,9,17,1
-4803413020616385260-2508241020,9,17,8,9,17,1
-4803413020616385260-2508251019,9,16,7,9,16,1
-4803413020616385260-2508261019,9,16,7,9,16,1
-4803413020616385260-2508271019,9,16,7,9,16,1
-4803413020616385260-2508281019,9,16,7,9,16,1
-4803413020616385260-2508291019,9,16,7,9,16,1
-4803413020616385260-2508301019,9,16,7,9,16,1
-4803413020616385260-2508311019,9,16,7,9,16,1
-4803413020616385260-2509011019,9,16,7,9,16,1
-4803413020616385260-2509021019,9,16,7,9,16,1
-4803413020616385260-2509031019,9,16,7,9,16,1
-4803413020616385260-2509041019,9,16,7,9,16,1
-4803413020616385260-2509051019,9,16,7,9,16,1
-4803413020616385260-2509061019,9,17,8,9,17,1
-4803413020616385260-2509071019,9,17,8,9,17,1
-4803413020616385260-2509081019,9,17,8,9,17,1
-4803413020616385260-2509091020,9,17,8,9,17,1
-4803413020616385260-2509101020,9,17,8,9,17,1
-4803413020616385260-2509111020,9,17,8,9,17,1
-4803413020616385260-2509121020,9,17,8,9,17,1
-4803413020616385260-2509131020,9,17,8,9,17,1
-4803413020616385260-2509141020,9,17,8,9,17,1
-4803413020616385260-2509151020,9,17,8,9,17,1
-4803413020616385260-2509161020,9,17,8,9,17,1
-4803413020616385260-2509171020,9,17,8,9,17,1
-4803413020616385260-2509181020,9,17,8,9,17,1
-4803413020616385260-2509191020,9,17,8,9,17,1
-4803413020616385260-2509201020,9,17,8,9,17,1
-4803413020616385260-2509211020,9,17,8,9,17,1
-4803413020616385260-2509221020,9,17,8,9,17,1
-4803413020616385260-2509231020,9,17,8,9,17,1
-4846895909861410011-2603141226,2,102,7,2,102,94
-4889324990086999703-2411220628,1,9,7,1,9,2
-4889324990086999703-2411230628,1,9,8,1,9,1
-4889324990086999703-2411240628,1,9,8,1,9,1
-4889324990086999703-2411250628,1,9,8,1,9,1
-4889324990086999703-2411260628,1,9,8,1,9,1
-4889324990086999703-2411270628,1,9,8,1,9,1
-4889324990086999703-2411280628,1,9,8,1,9,1
-4889324990086999703-2411290628,1,9,8,1,9,1
-4889324990086999703-2411300628,1,11,7,1,11,4
-4889324990086999703-2412010628,1,11,7,1,11,4
-4889324990086999703-2412020628,1,9,7,1,9,2
-4889324990086999703-2412030628,1,9,7,1,9,2
-4889324990086999703-2412040628,1,9,7,1,9,2
-4889324990086999703-2412050628,1,9,7,1,9,2
-4889324990086999703-2412060628,1,9,7,1,9,2
-4889324990086999703-2412070628,1,9,7,1,9,2
-4889324990086999703-2412080628,1,9,7,1,9,2
-4889324990086999703-2412090628,1,9,7,1,9,2
-4889324990086999703-2412100628,1,9,7,1,9,2
-4889324990086999703-2412110628,1,9,7,1,9,2
-4889324990086999703-2412120628,1,9,7,1,9,2
-4889324990086999703-2412130628,1,9,7,1,9,2
-4889324990086999703-2412140628,1,9,7,1,9,2
-4889324990086999703-2509240545,1,8,6,1,8,2
-4889324990086999703-2509250545,1,8,6,1,8,2
-4889324990086999703-2509260545,1,8,6,1,8,2
-4889324990086999703-2509290545,1,8,6,1,8,2
-4889324990086999703-2509300545,1,8,6,1,8,2
-4889324990086999703-2510010545,1,8,6,1,8,2
-4889324990086999703-2510020545,1,8,6,1,8,2
-4889324990086999703-2510030545,1,8,6,1,8,2
-4889324990086999703-2510060545,1,8,6,1,8,2
-4889324990086999703-2510070545,1,8,6,1,8,2
-4889324990086999703-2510080545,1,8,6,1,8,2
-4889324990086999703-2510090545,1,8,6,1,8,2
-4889324990086999703-2510100545,1,8,6,1,8,2
-4889324990086999703-2510130545,1,8,6,1,8,2
-4889324990086999703-2510140545,1,8,6,1,8,2
-4889324990086999703-2510150545,1,8,6,1,8,2
-4889324990086999703-2510160545,1,8,6,1,8,2
-4889324990086999703-2510170545,1,8,6,1,8,2
-4889324990086999703-2510200545,1,8,6,1,8,2
-4889324990086999703-2510210545,1,8,6,1,8,2
-4889324990086999703-2510220545,1,8,6,1,8,2
-4889324990086999703-2510230545,1,8,6,1,8,2
-4889324990086999703-2510240545,1,8,6,1,8,2
-4889324990086999703-2510270545,1,8,6,1,8,2
-4889324990086999703-2510280545,1,8,6,1,8,2
-4889324990086999703-2510300545,1,8,6,1,8,2
-4889324990086999703-2510310545,1,8,6,1,8,2
-5113031122831473656-2503151618,2,17,15,2,17,1
-5113031122831473656-2503161618,2,17,15,2,17,1
-5180759239033235917-2412151317,2,15,12,2,15,2
-5180759239033235917-2412161317,2,15,12,2,15,2
-5180759239033235917-2412171317,2,15,12,2,15,2
-5180759239033235917-2412181317,2,15,12,2,15,2
-5180759239033235917-2412191317,2,15,12,2,15,2
-5180759239033235917-2412201317,2,15,12,2,15,2
-5180759239033235917-2412211317,2,15,12,2,15,2
-5180759239033235917-2412221317,2,15,12,2,15,2
-5180759239033235917-2412231317,2,15,12,2,15,2
-5180759239033235917-2412241317,2,15,12,2,15,2
-5180759239033235917-2412251317,2,15,12,2,15,2
-5180759239033235917-2412261317,2,15,12,2,15,2
-5180759239033235917-2412271317,2,15,12,2,15,2
-5180759239033235917-2412281317,2,15,12,2,15,2
-5180759239033235917-2412291317,2,15,12,2,15,2
-5180759239033235917-2412301317,2,15,12,2,15,2
-5180759239033235917-2412311317,2,15,12,2,15,2
-5180759239033235917-2501011317,2,15,12,2,15,2
-5180759239033235917-2501021317,2,15,12,2,15,2
-5180759239033235917-2501031317,2,15,12,2,15,2
-5180759239033235917-2501041317,2,15,12,2,15,2
-5180759239033235917-2501051317,2,15,12,2,15,2
-5180759239033235917-2501061317,2,15,12,2,15,2
-5180759239033235917-2501071317,2,15,12,2,15,2
-5180759239033235917-2501081317,2,15,12,2,15,2
-5180759239033235917-2501091317,2,15,12,2,15,2
-5180759239033235917-2501101317,2,15,12,2,15,2
-5180759239033235917-2501111317,2,15,12,2,15,2
-5180759239033235917-2501121317,2,15,12,2,15,2
-5180759239033235917-2501131317,2,15,12,2,15,2
-5180759239033235917-2501141317,2,15,12,2,15,2
-5180759239033235917-2501151317,2,15,12,2,15,2
-5180759239033235917-2501161317,2,15,12,2,15,2
-5180759239033235917-2501171317,2,15,12,2,15,2
-5180759239033235917-2501181317,2,15,12,2,15,2
-5180759239033235917-2501191317,2,15,12,2,15,2
-5180759239033235917-2501201317,2,15,12,2,15,2
-5180759239033235917-2501211317,2,15,12,2,15,2
-5180759239033235917-2501221317,2,15,12,2,15,2
-5180759239033235917-2501231317,2,15,12,2,15,2
-5180759239033235917-2501241317,2,15,12,2,15,2
-5180759239033235917-2501251317,2,15,12,2,15,2
-5180759239033235917-2501261317,2,15,12,2,15,2
-5180759239033235917-2501271317,2,15,12,2,15,2
-5180759239033235917-2501281317,2,15,12,2,15,2
-5180759239033235917-2501291317,2,15,12,2,15,2
-5180759239033235917-2501301317,2,15,12,2,15,2
-5180759239033235917-2501311317,2,15,12,2,15,2
-5180759239033235917-2502011317,2,15,12,2,15,2
-5180759239033235917-2502021317,2,15,12,2,15,2
-5180759239033235917-2502031317,2,15,12,2,15,2
-5180759239033235917-2502041317,2,15,12,2,15,2
-5180759239033235917-2502051317,2,15,12,2,15,2
-5180759239033235917-2502061317,2,15,12,2,15,2
-5180759239033235917-2502071317,2,15,12,2,15,2
-5180759239033235917-2502081317,2,15,12,2,15,2
-5180759239033235917-2502091317,2,15,12,2,15,2
-5180759239033235917-2502101317,2,15,12,2,15,2
-5180759239033235917-2502111317,2,15,12,2,15,2
-5180759239033235917-2502121317,2,15,12,2,15,2
-5180759239033235917-2502131317,2,15,12,2,15,2
-5180759239033235917-2502141317,2,15,12,2,15,2
-5180759239033235917-2502151317,2,15,12,2,15,2
-5180759239033235917-2502161317,2,15,12,2,15,2
-5180759239033235917-2502171317,2,15,12,2,15,2
-5180759239033235917-2502181314,2,15,12,2,15,2
-5180759239033235917-2502191314,2,15,12,2,15,2
-5180759239033235917-2502201314,2,15,12,2,15,2
-5180759239033235917-2502211314,2,15,12,2,15,2
-5180759239033235917-2502221314,2,15,12,2,15,2
-5180759239033235917-2502231314,2,15,12,2,15,2
-5180759239033235917-2502241314,2,15,12,2,15,2
-5180759239033235917-2502251314,2,15,12,2,15,2
-5180759239033235917-2502261314,2,15,12,2,15,2
-5180759239033235917-2502271314,2,15,12,2,15,2
-5180759239033235917-2502281314,2,15,12,2,15,2
-5180759239033235917-2503011314,2,15,12,2,15,2
-5180759239033235917-2503021314,2,15,12,2,15,2
-5180759239033235917-2503031314,2,15,12,2,15,2
-5180759239033235917-2503041314,2,15,12,2,15,2
-5180759239033235917-2503051314,2,15,12,2,15,2
-5180759239033235917-2503061314,2,15,12,2,15,2
-5180759239033235917-2503071314,2,15,12,2,15,2
-5180759239033235917-2503081314,2,15,12,2,15,2
-5207852983072556698-2410211348,2,10,7,2,10,2
-5345525213145068174-2509241145,1,8,6,1,8,2
-5345525213145068174-2510040634,1,10,8,1,10,2
-5357697315807538038-2502231034,3,11,7,3,11,2
-5465822835688463644-2510021525,1,16,15,1,16,1
-5465822835688463644-2510061434,1,10,8,1,10,2
-5465822835688463644-2510091234,1,7,6,1,7,1
-5637273003019273937-2408310738,7,15,7,7,15,2
-5637273003019273937-2409020737,7,15,7,7,15,2
-5637273003019273937-2409030737,7,15,7,7,15,2
-5637273003019273937-2409040737,7,15,7,7,15,2
-5637273003019273937-2409050737,7,15,7,7,15,2
-5637273003019273937-2409060737,7,15,7,7,15,2
-5637273003019273937-2501280835,3,11,7,3,11,2
-5637273003019273937-2501290835,3,11,7,3,11,2
-5637273003019273937-2501300835,3,11,7,3,11,2
-5637273003019273937-2501310835,3,11,7,3,11,2
-5637273003019273937-2502010835,3,11,7,3,11,2
-5637273003019273937-2502030835,3,11,7,3,11,2
-5637273003019273937-2502040835,3,11,7,3,11,2
-5637273003019273937-2502050835,3,11,7,3,11,2
-5637273003019273937-2502060835,3,11,7,3,11,2
-5637273003019273937-2502070835,3,11,7,3,11,2
-5637273003019273937-2502100835,3,11,7,3,11,2
-5637273003019273937-2502110835,3,11,7,3,11,2
-5637273003019273937-2502120835,3,11,7,3,11,2
-5637273003019273937-2502130835,3,11,7,3,11,2
-5637273003019273937-2502140835,3,11,7,3,11,2
-5637273003019273937-2502170835,3,11,7,3,11,2
-5637273003019273937-2502180835,3,11,7,3,11,2
-5637273003019273937-2502190835,3,11,7,3,11,2
-5637273003019273937-2502200835,3,11,7,3,11,2
-5637273003019273937-2502210835,3,11,7,3,11,2
-5637273003019273937-2503080831,6,14,7,6,14,2
-5637273003019273937-2503090831,6,14,7,6,14,2
-5637273003019273937-2503100831,6,14,7,6,14,2
-5637273003019273937-2503110831,6,14,7,6,14,2
-5637273003019273937-2503120831,6,14,7,6,14,2
-5637273003019273937-2503130831,6,14,7,6,14,2
-5637273003019273937-2503140831,6,14,7,6,14,2
-5637273003019273937-2503150831,6,14,7,6,14,2
-5637273003019273937-2503160831,6,14,7,6,14,2
-5637273003019273937-2503170831,6,14,7,6,14,2
-5637273003019273937-2503180831,6,14,7,6,14,2
-5637273003019273937-2503190831,6,14,7,6,14,2
-5637273003019273937-2503200831,6,14,7,6,14,2
-5637273003019273937-2503210831,6,14,7,6,14,2
-5637273003019273937-2507260819,6,14,7,6,14,2
-5637273003019273937-2507270819,6,14,7,6,14,2
-5637273003019273937-2507280819,6,14,7,6,14,2
-5637273003019273937-2507290819,6,14,7,6,14,2
-5637273003019273937-2507300819,6,14,7,6,14,2
-5637273003019273937-2507310819,6,14,7,6,14,2
-5637273003019273937-2508010819,6,14,7,6,14,2
-5637273003019273937-2508020737,7,15,7,7,15,2
-5637273003019273937-2508030737,7,15,7,7,15,2
-5677226851623452763-2408181927,1,7,6,1,7,1
-5677226851623452763-2408191927,1,7,6,1,7,1
-5677226851623452763-2408201927,1,7,6,1,7,1
-5677226851623452763-2408211927,1,7,6,1,7,1
-5677226851623452763-2408221927,1,7,6,1,7,1
-5677226851623452763-2408231927,1,7,6,1,7,1
-5677226851623452763-2408241927,1,7,6,1,7,1
-5677226851623452763-2408251927,1,7,6,1,7,1
-5677226851623452763-2408261927,1,7,6,1,7,1
-5677226851623452763-2408271927,1,7,6,1,7,1
-5677226851623452763-2408291927,1,7,6,1,7,1
-5677226851623452763-2408301927,1,7,6,1,7,1
-59093815330381166-2509242054,1,13,10,1,13,3
-59093815330381166-2509252054,1,13,10,1,13,3
-59093815330381166-2509262055,1,13,10,1,13,3
-59093815330381166-2509272054,1,13,10,1,13,3
-59093815330381166-2509282054,1,13,10,1,13,3
-59093815330381166-2509292054,1,13,10,1,13,3
-59093815330381166-2509302054,1,14,11,1,14,3
-59093815330381166-2510012055,1,15,11,1,15,4
-59093815330381166-2510022055,1,14,11,1,14,3
-59093815330381166-2510032054,1,15,11,1,15,4
-59093815330381166-2510042054,1,15,11,1,15,4
-59093815330381166-2510052054,1,14,11,1,14,3
-59093815330381166-2510062054,1,15,11,1,15,4
-59093815330381166-2510072055,1,15,11,1,15,4
-59093815330381166-2510082055,1,15,12,1,15,3
-59093815330381166-2510092054,1,15,11,1,15,4
-59093815330381166-2510102025,1,16,13,1,16,3
-59093815330381166-2510111953,1,16,13,1,16,3
-59093815330381166-2510122025,1,15,12,1,15,3
-59093815330381166-2510132054,1,14,10,1,14,4
-59093815330381166-2510142054,1,15,11,1,15,4
-59093815330381166-2510152054,1,15,11,1,15,4
-59093815330381166-2510162054,1,15,11,1,15,4
-59093815330381166-2510172055,1,14,11,1,14,3
-59093815330381166-2510182054,1,15,11,1,15,4
-59093815330381166-2510192054,1,15,11,1,15,4
-59093815330381166-2510202054,1,15,11,1,15,4
-59093815330381166-2510212055,1,15,11,1,15,4
-59093815330381166-2510222054,1,15,11,1,15,4
-59093815330381166-2510232054,1,15,11,1,15,4
-59093815330381166-2510242054,1,15,11,1,15,4
-59093815330381166-2510262054,1,15,11,1,15,4
-59093815330381166-2510272054,1,13,10,1,13,3
-59093815330381166-2510282055,1,13,10,1,13,3
-59093815330381166-2510292054,1,13,10,1,13,3
-59093815330381166-2510302054,1,15,11,1,15,4
-59093815330381166-2510312054,1,15,11,1,15,4
-59093815330381166-2511012054,1,15,11,1,15,4
-59093815330381166-2511022054,1,15,14,1,15,1
-59093815330381166-2604252127,1,17,16,1,17,1
-59093815330381166-2604262127,1,17,16,1,17,1
-59093815330381166-2604272127,1,17,16,1,17,1
-59093815330381166-2604282127,1,16,15,1,16,1
-59093815330381166-2604292127,1,16,15,1,16,1
-59093815330381166-2604302127,1,17,16,1,17,1
-59093815330381166-2605012127,1,17,16,1,17,1
-59093815330381166-2605022127,1,17,15,1,17,2
-59093815330381166-2605032127,1,16,15,1,16,1
-59093815330381166-2605042127,1,17,16,1,17,1
-59093815330381166-2605052127,1,17,16,1,17,1
-59093815330381166-2605062127,1,17,16,1,17,1
-59093815330381166-2605072127,1,17,16,1,17,1
-59093815330381166-2606072127,1,17,16,1,17,1
-5972138610189741789-2503081204,3,11,7,3,11,2
-5972138610189741789-2503091204,3,11,7,3,11,2
-5972138610189741789-2503101204,3,11,7,3,11,2
-5972138610189741789-2503111204,3,11,7,3,11,2
-5972138610189741789-2503121204,3,11,7,3,11,2
-5972138610189741789-2503131204,3,11,7,3,11,2
-5972138610189741789-2503141204,3,11,7,3,11,2
-5972138610189741789-2503151204,3,11,7,3,11,2
-5972138610189741789-2503161204,3,11,7,3,11,2
-5972138610189741789-2503171204,3,11,7,3,11,2
-5972138610189741789-2503181204,3,11,7,3,11,2
-5972138610189741789-2503191204,3,11,7,3,11,2
-5972138610189741789-2503201204,3,11,7,3,11,2
-5972138610189741789-2503211204,3,11,7,3,11,2
-600838471401957610-2504051116,3,16,12,3,16,2
-6080558991885453434-2509240945,1,8,6,1,8,2
-6080558991885453434-2509250945,1,8,6,1,8,2
-6080558991885453434-2509260945,1,8,6,1,8,2
-6080558991885453434-2509270945,1,8,6,1,8,2
-6080558991885453434-2509280945,1,8,6,1,8,2
-6080558991885453434-2509290945,1,8,6,1,8,2
-6080558991885453434-2509300945,1,8,6,1,8,2
-6080558991885453434-2510010945,1,8,6,1,8,2
-6080558991885453434-2510020945,1,8,6,1,8,2
-6080558991885453434-2510030945,1,8,6,1,8,2
-6080558991885453434-2510040945,1,8,6,1,8,2
-6080558991885453434-2510050945,1,8,6,1,8,2
-6080558991885453434-2510060945,1,8,6,1,8,2
-6080558991885453434-2510070945,1,8,6,1,8,2
-6080558991885453434-2510080945,1,8,6,1,8,2
-6080558991885453434-2510090945,1,8,6,1,8,2
-6080558991885453434-2510100945,1,8,6,1,8,2
-6080558991885453434-2510110845,1,9,8,1,9,1
-6080558991885453434-2510120845,1,9,8,1,9,1
-6080558991885453434-2510130945,1,8,6,1,8,2
-6080558991885453434-2510140945,1,8,6,1,8,2
-6080558991885453434-2510150945,1,8,6,1,8,2
-6080558991885453434-2510160945,1,8,6,1,8,2
-6080558991885453434-2510170945,1,8,6,1,8,2
-6080558991885453434-2510180945,1,8,6,1,8,2
-6080558991885453434-2510190945,1,8,6,1,8,2
-6080558991885453434-2510200945,1,8,6,1,8,2
-6080558991885453434-2510210945,1,8,6,1,8,2
-6080558991885453434-2510220945,1,8,6,1,8,2
-6080558991885453434-2510230945,1,8,6,1,8,2
-6080558991885453434-2510240945,1,8,6,1,8,2
-6080558991885453434-2510260945,1,8,6,1,8,2
-6080558991885453434-2510270945,1,8,6,1,8,2
-6080558991885453434-2510280945,1,8,6,1,8,2
-6080558991885453434-2510300945,1,8,6,1,8,2
-6080558991885453434-2510310945,1,8,6,1,8,2
-6080558991885453434-2511010945,1,8,6,1,8,2
-6080558991885453434-2511020945,1,8,6,1,8,2
-6215715687594090920-2603031942,2,100,9,2,100,90
-622458082523712292-2509120422,2,11,7,2,11,3
-626358022602495024-2503180519,2,12,9,2,12,2
-638343903751650246-2510191434,1,7,6,1,7,1
-638343903751650246-2510211434,1,10,8,1,10,2
-6398889258066708341-2408020618,5,13,8,5,13,1
-6438300576270022384-2510201234,1,8,7,1,8,1
-6438300576270022384-2511011434,1,7,6,1,7,1
-6440169042159375642-2509020921,7,14,7,7,14,1
-6440169042159375642-2509040921,7,14,7,7,14,1
-6518039448031222435-2411270742,9,16,7,9,16,1
-6526750742950907812-2407061421,12,19,6,12,19,2
-6526750742950907812-2407131421,12,19,6,12,19,2
-6526750742950907812-2407201421,12,19,6,12,19,2
-6526750742950907812-2412211420,13,20,6,13,20,2
-6526750742950907812-2412281420,13,20,6,13,20,2
-6526750742950907812-2412311420,13,20,6,13,20,2
-6526750742950907812-2501041420,13,20,6,13,20,2
-6526750742950907812-2501111420,13,20,6,13,20,2
-6526750742950907812-2501181420,13,20,6,13,20,2
-6526750742950907812-2501251420,13,20,6,13,20,2
-6526750742950907812-2502011420,13,20,6,13,20,2
-6526750742950907812-2503011420,13,20,6,13,20,2
-6526750742950907812-2503081420,13,20,6,13,20,2
-6526750742950907812-2503151420,13,20,6,13,20,2
-6526750742950907812-2503291420,13,20,6,13,20,2
-6526750742950907812-2504051420,13,20,6,13,20,2
-6526750742950907812-2504121352,6,13,7,6,13,1
-6526750742950907812-2504181340,6,13,7,6,13,1
-6526750742950907812-2504261356,6,13,6,6,13,2
-6526750742950907812-2505031356,6,13,6,6,13,2
-6526750742950907812-2505101356,6,13,6,6,13,2
-6526750742950907812-2505171356,6,13,6,6,13,2
-6526750742950907812-2505241356,6,13,6,6,13,2
-6526750742950907812-2505311420,13,20,6,13,20,2
-6526750742950907812-2506071420,12,19,6,12,19,2
-6526750742950907812-2506081420,12,19,6,12,19,2
-6526750742950907812-2506141420,12,19,6,12,19,2
-6526750742950907812-2506211420,13,20,6,13,20,2
-6526750742950907812-2506281420,13,24,7,13,24,5
-6526750742950907812-2507051420,13,24,7,13,24,5
-6526750742950907812-2507121420,13,20,6,13,20,2
-6526750742950907812-2507191420,13,20,6,13,20,2
-6526750742950907812-2507261420,13,20,6,13,20,2
-6538375888244339712-2504240649,2,15,11,2,15,3
-655443310011398117-2503100527,5,15,9,5,15,2
-655443310011398117-2503110527,5,15,9,5,15,2
-655443310011398117-2503120527,5,15,9,5,15,2
-655443310011398117-2503130527,5,15,9,5,15,2
-655443310011398117-2503140527,5,15,9,5,15,2
-655443310011398117-2503170527,5,15,9,5,15,2
-655443310011398117-2503180527,5,15,9,5,15,2
-655443310011398117-2503190527,5,15,9,5,15,2
-655443310011398117-2503200527,5,15,9,5,15,2
-655443310011398117-2503210527,5,15,9,5,15,2
-655443310011398117-2507280527,5,15,9,5,15,2
-655443310011398117-2507290527,5,15,9,5,15,2
-655443310011398117-2507300527,5,15,9,5,15,2
-655443310011398117-2507310527,5,15,9,5,15,2
-655443310011398117-2508010527,5,15,9,5,15,2
-655443310011398117-2508040449,7,17,9,7,17,2
-6667977420267730178-2411161103,10,18,7,10,18,2
-6667977420267730178-2411171103,10,18,7,10,18,2
-6667977420267730178-2411181103,10,18,7,10,18,2
-6667977420267730178-2411211103,10,18,7,10,18,2
-6667977420267730178-2411221050,9,17,7,9,17,2
-6803497576864333946-2407070828,1,9,7,1,9,2
-6803497576864333946-2407140828,1,9,7,1,9,2
-6803497576864333946-2407210828,1,9,7,1,9,2
-6803497576864333946-2407280754,1,9,7,1,9,2
-6803497576864333946-2408040754,1,9,7,1,9,2
-6803497576864333946-2408110754,1,9,7,1,9,2
-6803497576864333946-2408180828,1,9,7,1,9,2
-6803497576864333946-2408250828,1,9,7,1,9,2
-6803497576864333946-2409010828,1,9,7,1,9,2
-6803497576864333946-2409080828,1,9,7,1,9,2
-6803497576864333946-2409150828,1,9,7,1,9,2
-6803497576864333946-2409220828,1,9,8,1,9,1
-6803497576864333946-2409290828,1,8,6,1,8,2
-6803497576864333946-2410060828,1,9,7,1,9,2
-6803497576864333946-2410130828,1,9,7,1,9,2
-6803497576864333946-2410200828,1,9,7,1,9,2
-6803497576864333946-2410270828,1,9,8,1,9,1
-6803497576864333946-2411030828,1,9,7,1,9,2
-6803497576864333946-2411100828,1,9,7,1,9,2
-6803497576864333946-2411170828,1,9,7,1,9,2
-6803497576864333946-2412010828,1,11,7,1,11,4
-6803497576864333946-2412080828,1,9,7,1,9,2
-6803497576864333946-2509240742,1,8,6,1,8,2
-6803497576864333946-2509250742,1,8,6,1,8,2
-6803497576864333946-2509260742,1,8,6,1,8,2
-6803497576864333946-2509270742,1,8,6,1,8,2
-6803497576864333946-2509280742,1,8,6,1,8,2
-6803497576864333946-2509290742,1,8,6,1,8,2
-6803497576864333946-2509300742,1,8,6,1,8,2
-6803497576864333946-2510010742,1,8,6,1,8,2
-6803497576864333946-2510020742,1,8,6,1,8,2
-6803497576864333946-2510030742,1,8,6,1,8,2
-6803497576864333946-2510040742,1,8,6,1,8,2
-6803497576864333946-2510050742,1,8,6,1,8,2
-6803497576864333946-2510060742,1,8,6,1,8,2
-6803497576864333946-2510070742,1,8,6,1,8,2
-6803497576864333946-2510080742,1,8,6,1,8,2
-6803497576864333946-2510090742,1,8,6,1,8,2
-6803497576864333946-2510100742,1,8,6,1,8,2
-6803497576864333946-2510110722,1,9,8,1,9,1
-6803497576864333946-2510120722,1,9,8,1,9,1
-6803497576864333946-2510130742,1,8,6,1,8,2
-6803497576864333946-2510140742,1,8,6,1,8,2
-6803497576864333946-2510150742,1,8,6,1,8,2
-6803497576864333946-2510160742,1,8,6,1,8,2
-6803497576864333946-2510170742,1,8,6,1,8,2
-6803497576864333946-2510180742,1,8,6,1,8,2
-6803497576864333946-2510190742,1,8,6,1,8,2
-6803497576864333946-2510200742,1,8,6,1,8,2
-6803497576864333946-2510210742,1,8,6,1,8,2
-6803497576864333946-2510220742,1,8,6,1,8,2
-6803497576864333946-2510230742,1,8,6,1,8,2
-6803497576864333946-2510240742,1,8,6,1,8,2
-6803497576864333946-2510260742,1,8,6,1,8,2
-6803497576864333946-2510270742,1,8,6,1,8,2
-6803497576864333946-2510280742,1,8,6,1,8,2
-6803497576864333946-2510300742,1,8,6,1,8,2
-6803497576864333946-2510310742,1,8,6,1,8,2
-6803497576864333946-2511010742,1,8,6,1,8,2
-6803497576864333946-2511020742,1,8,6,1,8,2
-6803497576864333946-2511130742,1,9,8,1,9,1
-7028546172490408445-2409120423,2,11,7,2,11,3
-7029968941391677408-2408081552,2,8,6,2,8,1
-7029968941391677408-2408091552,2,8,6,2,8,1
-7029968941391677408-2408101552,2,8,6,2,8,1
-7029968941391677408-2408111552,2,8,6,2,8,1
-7029968941391677408-2408121552,2,8,6,2,8,1
-7029968941391677408-2408131552,2,8,6,2,8,1
-7029968941391677408-2408141552,2,8,6,2,8,1
-7029968941391677408-2408151552,2,8,6,2,8,1
-7029968941391677408-2505231652,2,8,6,2,8,1
-7029968941391677408-2505241652,2,8,6,2,8,1
-7029968941391677408-2505251652,2,8,6,2,8,1
-7042619960957587775-2407170617,5,13,7,5,13,2
-7042619960957587775-2408041319,5,13,7,5,13,2
-7042619960957587775-2408050920,5,13,7,5,13,2
-7042619960957587775-2409261338,7,14,6,7,14,2
-7042619960957587775-2410291338,7,15,8,7,15,1
-7042619960957587775-2501071419,5,13,7,5,13,2
-7116795812767315997-2510311234,1,8,7,1,8,1
-7138074359361066746-2407011919,5,21,12,5,21,5
-7138074359361066746-2407021919,5,21,12,5,21,5
-7138074359361066746-2407031919,5,21,12,5,21,5
-7138074359361066746-2407041919,5,21,12,5,21,5
-7138074359361066746-2407051919,5,21,12,5,21,5
-7138074359361066746-2407061919,5,21,12,5,21,5
-7138074359361066746-2407071919,5,21,12,5,21,5
-7138074359361066746-2407081919,5,21,12,5,21,5
-7138074359361066746-2407091919,5,21,12,5,21,5
-7138074359361066746-2407101919,5,21,12,5,21,5
-7138074359361066746-2407111919,5,21,12,5,21,5
-7138074359361066746-2407121919,5,21,12,5,21,5
-7138074359361066746-2407131919,5,21,12,5,21,5
-7138074359361066746-2407141919,5,21,12,5,21,5
-7138074359361066746-2407161919,5,20,12,5,20,4
-7138074359361066746-2407171919,5,20,12,5,20,4
-7138074359361066746-2407181919,5,20,12,5,20,4
-7138074359361066746-2407191919,5,20,12,5,20,4
-7138074359361066746-2407201919,5,20,12,5,20,4
-7138074359361066746-2407211919,5,20,12,5,20,4
-7138074359361066746-2407221919,5,19,11,5,19,4
-7138074359361066746-2407231919,5,20,12,5,20,4
-7138074359361066746-2407241919,5,20,12,5,20,4
-7138074359361066746-2407251919,5,20,12,5,20,4
-7138074359361066746-2407261819,5,19,12,5,19,3
-7138074359361066746-2407271819,5,19,12,5,19,3
-7138074359361066746-2407281819,5,19,12,5,19,3
-7138074359361066746-2407291819,5,19,12,5,19,3
-7138074359361066746-2407301819,5,19,12,5,19,3
-7138074359361066746-2407311819,5,19,12,5,19,3
-7138074359361066746-2408011819,5,17,11,5,17,2
-7138074359361066746-2408021819,5,16,11,5,16,1
-7138074359361066746-2408031819,5,17,11,5,17,2
-7138074359361066746-2408041819,5,19,12,5,19,3
-7138074359361066746-2408051819,5,19,12,5,19,3
-7138074359361066746-2408061819,5,19,12,5,19,3
-7138074359361066746-2408071819,5,19,12,5,19,3
-7138074359361066746-2408081851,5,21,13,5,21,4
-7138074359361066746-2408091851,5,21,13,5,21,4
-7138074359361066746-2408101851,5,20,12,5,20,4
-7138074359361066746-2408111851,5,21,13,5,21,4
-7138074359361066746-2408121819,5,21,13,5,21,4
-7138074359361066746-2408131853,5,21,13,5,21,4
-7138074359361066746-2408141819,5,20,13,5,20,3
-7138074359361066746-2408151819,5,19,13,5,19,2
-7138074359361066746-2408161819,5,21,13,5,21,4
-7138074359361066746-2408171735,5,21,13,5,21,4
-7138074359361066746-2408181735,8,24,12,8,24,5
-7138074359361066746-2408191735,8,24,13,8,24,4
-7138074359361066746-2408201735,8,23,12,8,23,4
-7138074359361066746-2408211735,8,24,13,8,24,4
-7138074359361066746-2408221737,9,26,13,9,26,5
-7138074359361066746-2408231737,9,26,13,9,26,5
-7138074359361066746-2408241737,9,26,13,9,26,5
-7138074359361066746-2408251737,9,26,13,9,26,5
-7138074359361066746-2408261737,9,26,13,9,26,5
-7138074359361066746-2408271737,9,26,13,9,26,5
-7138074359361066746-2408281737,9,26,13,9,26,5
-7138074359361066746-2408291737,9,26,13,9,26,5
-7138074359361066746-2408301737,9,25,12,9,25,5
-7138074359361066746-2408311737,9,25,12,9,25,5
-7138074359361066746-2409011737,9,26,13,9,26,5
-7138074359361066746-2409021737,9,26,13,9,26,5
-7138074359361066746-2409031737,9,26,13,9,26,5
-7138074359361066746-2409041725,9,27,14,9,27,5
-7138074359361066746-2409051737,9,26,13,9,26,5
-7138074359361066746-2409061737,9,27,13,9,27,6
-7138074359361066746-2409071737,9,25,12,9,25,5
-7138074359361066746-2409081737,9,26,13,9,26,5
-7138074359361066746-2409091737,9,26,13,9,26,5
-7138074359361066746-2409101737,9,26,13,9,26,5
-7138074359361066746-2409111737,9,26,13,9,26,5
-7138074359361066746-2409121835,8,25,13,8,25,5
-7138074359361066746-2409131835,8,25,13,8,25,5
-7138074359361066746-2409141835,8,25,13,8,25,5
-7138074359361066746-2409151835,8,25,13,8,25,5
-7138074359361066746-2409161835,8,25,13,8,25,5
-7138074359361066746-2409171835,8,25,13,8,25,5
-7138074359361066746-2409181835,8,25,13,8,25,5
-7138074359361066746-2409191835,8,25,13,8,25,5
-7138074359361066746-2409201835,8,24,13,8,24,4
-7138074359361066746-2409211835,8,25,13,8,25,5
-7138074359361066746-2409221835,8,25,13,8,25,5
-7138074359361066746-2409231835,8,24,12,8,24,5
-7138074359361066746-2409241835,8,24,12,8,24,5
-7138074359361066746-2409251835,8,24,12,8,24,5
-7138074359361066746-2409261835,7,23,12,7,23,5
-7138074359361066746-2409271835,8,23,13,8,23,3
-7138074359361066746-2409281835,8,23,13,8,23,3
-7138074359361066746-2409291835,8,23,13,8,23,3
-7138074359361066746-2409301835,8,22,12,8,22,3
-7138074359361066746-2410011835,8,24,12,8,24,5
-7138074359361066746-2410021835,8,24,12,8,24,5
-7138074359361066746-2410031835,8,24,12,8,24,5
-7138074359361066746-2410041536,8,25,13,8,25,5
-7138074359361066746-2410051550,8,24,13,8,24,4
-7138074359361066746-2410061536,8,25,13,8,25,5
-7138074359361066746-2410071535,8,24,13,8,24,4
-7138074359361066746-2410081535,8,24,13,8,24,4
-7138074359361066746-2410091535,8,24,13,8,24,4
-7138074359361066746-2410101535,8,24,13,8,24,4
-7138074359361066746-2410111835,8,25,13,8,25,5
-7138074359361066746-2410121835,8,25,13,8,25,5
-7138074359361066746-2410131835,8,25,13,8,25,5
-7138074359361066746-2410141835,8,25,13,8,25,5
-7138074359361066746-2410151835,8,25,13,8,25,5
-7138074359361066746-2410161835,8,25,13,8,25,5
-7138074359361066746-2410171835,8,25,13,8,25,5
-7138074359361066746-2410181835,8,25,13,8,25,5
-7138074359361066746-2410191835,8,25,13,8,25,5
-7138074359361066746-2410201835,8,25,13,8,25,5
-7138074359361066746-2410211835,8,25,13,8,25,5
-7138074359361066746-2410221835,8,25,13,8,25,5
-7138074359361066746-2410231835,8,25,13,8,25,5
-7138074359361066746-2410241835,8,25,13,8,25,5
-7138074359361066746-2410251835,8,25,13,8,25,5
-7138074359361066746-2410261835,8,25,13,8,25,5
-7138074359361066746-2410271835,8,25,13,8,25,5
-7138074359361066746-2410281835,8,23,12,8,23,4
-7138074359361066746-2410291835,8,25,13,8,25,5
-7138074359361066746-2410301835,8,25,13,8,25,5
-7138074359361066746-2410311835,8,25,13,8,25,5
-7138074359361066746-2411011835,8,22,13,8,22,2
-7138074359361066746-2411021835,8,21,12,8,21,2
-7138074359361066746-2411031835,8,25,13,8,25,5
-7138074359361066746-2411041835,8,25,13,8,25,5
-7138074359361066746-2411051835,8,25,13,8,25,5
-7138074359361066746-2411061835,8,25,13,8,25,5
-7138074359361066746-2411071835,8,25,13,8,25,5
-7138074359361066746-2411081835,8,24,13,8,24,4
-7138074359361066746-2411091835,8,24,13,8,24,4
-7138074359361066746-2411101835,8,23,12,8,23,4
-7138074359361066746-2411111835,8,23,12,8,23,4
-7138074359361066746-2411121835,8,23,12,8,23,4
-7138074359361066746-2411131835,8,23,12,8,23,4
-7138074359361066746-2411141835,8,23,12,8,23,4
-7138074359361066746-2411151750,9,24,14,9,24,2
-7138074359361066746-2411161750,9,24,14,9,24,2
-7138074359361066746-2411171750,9,24,14,9,24,2
-7138074359361066746-2411181835,8,25,14,8,25,4
-7138074359361066746-2411191835,8,24,14,8,24,3
-7138074359361066746-2411201835,8,24,14,8,24,3
-7138074359361066746-2411211835,8,25,15,8,25,3
-7138074359361066746-2411221835,8,26,13,8,26,6
-7138074359361066746-2411231835,8,24,7,8,24,10
-7138074359361066746-2411241835,8,24,13,8,24,4
-7138074359361066746-2411251835,8,25,13,8,25,5
-7138074359361066746-2411261835,8,25,13,8,25,5
-7138074359361066746-2411271835,8,25,13,8,25,5
-7138074359361066746-2411281835,8,25,13,8,25,5
-7138074359361066746-2411291835,8,25,13,8,25,5
-7138074359361066746-2411301835,8,26,13,8,26,6
-7138074359361066746-2412011835,7,25,13,7,25,6
-7138074359361066746-2412021835,8,25,13,8,25,5
-7138074359361066746-2412031835,8,25,13,8,25,5
-7138074359361066746-2412041835,8,25,13,8,25,5
-7138074359361066746-2412051835,8,25,13,8,25,5
-7138074359361066746-2412061835,8,25,13,8,25,5
-7138074359361066746-2412071835,8,25,13,8,25,5
-7138074359361066746-2412081835,8,24,12,8,24,5
-7138074359361066746-2412091835,8,22,11,8,22,4
-7138074359361066746-2412101835,8,25,13,8,25,5
-7138074359361066746-2412111835,8,24,13,8,24,4
-7138074359361066746-2412121835,8,24,13,8,24,4
-7138074359361066746-2412131835,8,25,13,8,25,5
-7138074359361066746-2412141835,8,25,13,8,25,5
-7138074359361066746-2412151920,5,22,13,5,22,5
-7138074359361066746-2412161920,5,22,13,5,22,5
-7138074359361066746-2412171920,5,22,13,5,22,5
-7138074359361066746-2412181920,5,22,13,5,22,5
-7138074359361066746-2412191920,5,22,13,5,22,5
-7138074359361066746-2412201920,5,22,13,5,22,5
-7138074359361066746-2412211920,5,22,13,5,22,5
-7138074359361066746-2412221920,5,22,13,5,22,5
-7138074359361066746-2412231920,5,22,13,5,22,5
-7138074359361066746-2412241920,5,22,13,5,22,5
-7138074359361066746-2412251920,5,22,13,5,22,5
-7138074359361066746-2412261920,5,22,13,5,22,5
-7138074359361066746-2412271920,5,22,13,5,22,5
-7138074359361066746-2412281920,5,22,13,5,22,5
-7138074359361066746-2412291920,5,22,13,5,22,5
-7138074359361066746-2412301920,5,22,13,5,22,5
-7138074359361066746-2412311920,5,22,13,5,22,5
-7138074359361066746-2501011920,5,22,13,5,22,5
-7138074359361066746-2501021919,5,22,13,5,22,5
-7138074359361066746-2501031916,5,22,13,5,22,5
-7138074359361066746-2501041920,5,22,13,5,22,5
-7138074359361066746-2501051920,5,21,13,5,21,4
-7138074359361066746-2501061920,5,22,13,5,22,5
-7138074359361066746-2501071920,5,22,13,5,22,5
-7138074359361066746-2501081920,5,22,13,5,22,5
-7138074359361066746-2501091920,5,22,13,5,22,5
-7138074359361066746-2501101920,5,21,13,5,21,4
-7138074359361066746-2501111920,5,21,12,5,21,5
-7138074359361066746-2501121920,5,21,12,5,21,5
-7138074359361066746-2501131920,5,21,12,5,21,5
-7138074359361066746-2501141920,5,21,12,5,21,5
-7138074359361066746-2501151920,5,21,12,5,21,5
-7138074359361066746-2501161920,5,21,12,5,21,5
-7138074359361066746-2501171920,5,21,12,5,21,5
-7138074359361066746-2501181920,5,21,12,5,21,5
-7138074359361066746-2501191920,5,21,12,5,21,5
-7138074359361066746-2501201920,5,21,12,5,21,5
-7138074359361066746-2501211920,5,21,12,5,21,5
-7138074359361066746-2501221920,5,20,11,5,20,5
-7138074359361066746-2501231920,5,21,12,5,21,5
-7138074359361066746-2501241920,5,21,12,5,21,5
-7138074359361066746-2501251920,5,21,12,5,21,5
-7138074359361066746-2501261920,5,21,12,5,21,5
-7138074359361066746-2501271920,5,21,12,5,21,5
-7138074359361066746-2501281919,5,21,12,5,21,5
-7138074359361066746-2501291920,5,21,12,5,21,5
-7138074359361066746-2501301920,5,21,12,5,21,5
-7138074359361066746-2501311920,5,21,12,5,21,5
-7138074359361066746-2502011920,5,21,12,5,21,5
-7138074359361066746-2502021920,5,21,12,5,21,5
-7138074359361066746-2502031920,5,21,12,5,21,5
-7138074359361066746-2502041920,5,21,12,5,21,5
-7138074359361066746-2502051920,5,21,12,5,21,5
-7138074359361066746-2502061920,5,21,12,5,21,5
-7138074359361066746-2502071920,5,20,11,5,20,5
-7138074359361066746-2502081920,5,20,11,5,20,5
-7138074359361066746-2502091920,5,20,11,5,20,5
-7138074359361066746-2502111920,5,21,12,5,21,5
-7138074359361066746-2502131920,5,20,11,5,20,5
-7138074359361066746-2502141920,5,20,12,5,20,4
-7138074359361066746-2502151920,5,20,12,5,20,4
-7138074359361066746-2502161920,5,21,12,5,21,5
-7138074359361066746-2502181902,5,20,12,5,20,4
-7138074359361066746-2502191902,5,21,12,5,21,5
-7138074359361066746-2502201901,5,21,12,5,21,5
-7138074359361066746-2502211920,5,21,12,5,21,5
-7138074359361066746-2502221827,5,16,11,5,16,1
-7138074359361066746-2502231920,5,21,12,5,21,5
-7138074359361066746-2502241920,5,21,12,5,21,5
-7138074359361066746-2502251920,5,21,12,5,21,5
-7138074359361066746-2502261920,5,21,12,5,21,5
-7138074359361066746-2502271920,5,21,12,5,21,5
-7138074359361066746-2502281915,5,21,12,5,21,5
-7138074359361066746-2503011920,5,21,12,5,21,5
-7138074359361066746-2503021920,5,21,12,5,21,5
-7138074359361066746-2503031856,5,21,12,5,21,5
-7138074359361066746-2503041856,5,21,12,5,21,5
-7138074359361066746-2503051856,5,20,12,5,20,4
-7138074359361066746-2503061920,5,21,12,5,21,5
-7138074359361066746-2503071920,5,21,12,5,21,5
-7138074359361066746-2503221854,5,21,12,5,21,5
-7138074359361066746-2503231854,5,21,12,5,21,5
-7138074359361066746-2503241920,5,22,12,5,22,6
-7138074359361066746-2503251920,5,22,12,5,22,6
-7138074359361066746-2503271920,5,21,12,5,21,5
-7138074359361066746-2503281920,5,21,12,5,21,5
-7138074359361066746-2503291920,5,19,11,5,19,4
-7138074359361066746-2503301920,5,21,12,5,21,5
-7138074359361066746-2503311856,5,21,12,5,21,5
-7138074359361066746-2504011856,5,20,11,5,20,5
-7138074359361066746-2504021856,5,21,12,5,21,5
-7138074359361066746-2504031920,5,21,12,5,21,5
-7138074359361066746-2504041920,5,21,12,5,21,5
-7138074359361066746-2504051920,5,21,12,5,21,5
-7138074359361066746-2504061920,5,20,11,5,20,5
-7138074359361066746-2504071920,5,21,12,5,21,5
-7138074359361066746-2504081920,5,21,12,5,21,5
-7138074359361066746-2504091920,5,21,12,5,21,5
-7138074359361066746-2504101920,5,21,12,5,21,5
-7138074359361066746-2504111920,5,21,12,5,21,5
-7138074359361066746-2504121920,5,21,12,5,21,5
-7138074359361066746-2504131920,5,21,12,5,21,5
-7138074359361066746-2504141920,5,21,12,5,21,5
-7138074359361066746-2504151920,5,20,12,5,20,4
-7138074359361066746-2504161920,5,21,12,5,21,5
-7138074359361066746-2504171856,5,22,13,5,22,5
-7138074359361066746-2504181813,5,22,13,5,22,5
-7138074359361066746-2504201850,5,21,12,5,21,5
-7138074359361066746-2504211850,5,20,12,5,20,4
-7138074359361066746-2504231901,5,20,12,5,20,4
-7138074359361066746-2504251828,5,18,11,5,18,3
-7138074359361066746-2504261828,5,18,11,5,18,3
-7138074359361066746-2504271800,5,20,12,5,20,4
-7138074359361066746-2504281836,5,21,12,5,21,5
-7138074359361066746-2504291800,5,21,13,5,21,4
-7138074359361066746-2504301800,5,22,13,5,22,5
-7138074359361066746-2505011824,5,20,12,5,20,4
-7138074359361066746-2505021919,5,19,11,5,19,4
-7138074359361066746-2505031919,5,19,11,5,19,4
-7138074359361066746-2505041919,5,21,12,5,21,5
-7138074359361066746-2505051920,5,21,12,5,21,5
-7138074359361066746-2505061920,5,21,12,5,21,5
-7138074359361066746-2505071920,5,21,12,5,21,5
-7138074359361066746-2505081920,5,21,12,5,21,5
-7138074359361066746-2505091920,5,22,13,5,22,5
-7138074359361066746-2505101920,5,21,12,5,21,5
-7138074359361066746-2505111920,5,20,12,5,20,4
-7138074359361066746-2505121920,5,21,12,5,21,5
-7138074359361066746-2505131920,5,20,12,5,20,4
-7138074359361066746-2505141920,5,21,12,5,21,5
-7138074359361066746-2505151856,5,21,12,5,21,5
-7138074359361066746-2505161856,5,21,12,5,21,5
-7138074359361066746-2505171856,5,21,12,5,21,5
-7138074359361066746-2505181920,5,21,12,5,21,5
-7138074359361066746-2505191920,5,21,12,5,21,5
-7138074359361066746-2505201920,5,21,12,5,21,5
-7138074359361066746-2505211920,5,20,12,5,20,4
-7138074359361066746-2505221920,5,21,12,5,21,5
-7138074359361066746-2505231920,5,21,13,5,21,4
-7138074359361066746-2505241920,5,21,12,5,21,5
-7138074359361066746-2505261856,5,20,11,5,20,5
-7138074359361066746-2505271856,5,20,11,5,20,5
-7138074359361066746-2505281856,5,21,12,5,21,5
-7138074359361066746-2505291920,5,21,12,5,21,5
-7138074359361066746-2505301920,5,21,13,5,21,4
-7138074359361066746-2505311920,5,21,12,5,21,5
-7138074359361066746-2506011920,5,20,12,5,20,4
-7138074359361066746-2506021920,5,19,11,5,19,4
-7138074359361066746-2506031920,5,19,11,5,19,4
-7138074359361066746-2506041920,5,19,11,5,19,4
-7138074359361066746-2506051920,5,20,12,5,20,4
-7138074359361066746-2506061920,5,21,12,5,21,5
-7138074359361066746-2506071920,5,21,12,5,21,5
-7138074359361066746-2506081920,5,20,11,5,20,5
-7138074359361066746-2506091920,5,20,11,5,20,5
-7138074359361066746-2506111920,5,21,12,5,21,5
-7138074359361066746-2506121856,5,21,12,5,21,5
-7138074359361066746-2506131856,5,20,11,5,20,5
-7138074359361066746-2506141856,5,20,11,5,20,5
-7138074359361066746-2506151920,5,20,11,5,20,5
-7138074359361066746-2506161920,5,21,12,5,21,5
-7138074359361066746-2506171920,5,21,12,5,21,5
-7138074359361066746-2506181920,5,21,12,5,21,5
-7138074359361066746-2506191920,5,21,12,5,21,5
-7138074359361066746-2506201920,5,21,12,5,21,5
-7138074359361066746-2506211920,5,21,12,5,21,5
-7138074359361066746-2506221920,5,21,12,5,21,5
-7138074359361066746-2506231920,5,21,12,5,21,5
-7138074359361066746-2506241919,5,20,11,5,20,5
-7138074359361066746-2506251920,5,21,12,5,21,5
-7138074359361066746-2506261920,5,21,12,5,21,5
-7138074359361066746-2506271920,5,21,12,5,21,5
-7138074359361066746-2506281920,5,21,12,5,21,5
-7138074359361066746-2506291920,5,21,12,5,21,5
-7138074359361066746-2506301920,5,21,12,5,21,5
-7138074359361066746-2507011920,5,21,12,5,21,5
-7138074359361066746-2507021920,5,21,12,5,21,5
-7138074359361066746-2507031920,5,21,12,5,21,5
-7138074359361066746-2507041920,5,18,12,5,18,2
-7138074359361066746-2507051920,5,20,12,5,20,4
-7138074359361066746-2507061920,5,20,12,5,20,4
-7138074359361066746-2507071920,5,21,12,5,21,5
-7138074359361066746-2507081920,5,19,11,5,19,4
-7138074359361066746-2507091920,5,21,12,5,21,5
-7138074359361066746-2507101920,5,21,12,5,21,5
-7138074359361066746-2507111920,5,21,12,5,21,5
-7138074359361066746-2507121920,5,21,12,5,21,5
-7138074359361066746-2507131920,5,21,12,5,21,5
-7138074359361066746-2507141920,5,21,12,5,21,5
-7138074359361066746-2507151920,4,19,12,4,19,4
-7138074359361066746-2507161920,4,19,12,4,19,4
-7138074359361066746-2507171920,4,19,12,4,19,4
-7138074359361066746-2507181920,4,19,12,4,19,4
-7138074359361066746-2507191920,4,19,12,4,19,4
-7138074359361066746-2507201920,4,19,12,4,19,4
-7138074359361066746-2507211920,4,19,12,4,19,4
-7138074359361066746-2507221920,4,19,12,4,19,4
-7138074359361066746-2507231920,5,20,11,5,20,5
-7138074359361066746-2507241920,5,21,12,5,21,5
-7138074359361066746-2507251920,5,21,12,5,21,5
-7138074359361066746-2508041836,7,23,12,7,23,5
-7138074359361066746-2508051836,7,23,12,7,23,5
-7138074359361066746-2508061836,7,23,12,7,23,5
-7138074359361066746-2508071836,7,23,12,7,23,5
-7138074359361066746-2508081836,7,23,12,7,23,5
-7138074359361066746-2508091836,7,22,11,7,22,5
-7138074359361066746-2508101836,7,23,12,7,23,5
-7138074359361066746-2508111836,7,23,12,7,23,5
-7138074359361066746-2508121836,7,23,12,7,23,5
-7138074359361066746-2508131836,7,23,12,7,23,5
-7138074359361066746-2508141836,7,23,12,7,23,5
-7138074359361066746-2508151836,7,23,12,7,23,5
-7138074359361066746-2508161836,7,23,12,7,23,5
-7138074359361066746-2508171836,7,24,13,7,24,5
-7138074359361066746-2508181836,7,23,12,7,23,5
-7138074359361066746-2508191836,7,23,12,7,23,5
-7138074359361066746-2508201836,7,23,12,7,23,5
-7138074359361066746-2508211836,7,23,12,7,23,5
-7138074359361066746-2508221831,7,21,11,7,21,4
-7138074359361066746-2508231836,7,23,12,7,23,5
-7138074359361066746-2508241836,7,23,12,7,23,5
-7138074359361066746-2508251836,7,23,12,7,23,5
-7138074359361066746-2508261836,7,23,12,7,23,5
-7138074359361066746-2508271836,7,23,12,7,23,5
-7138074359361066746-2508281836,7,23,12,7,23,5
-7138074359361066746-2508291836,7,23,12,7,23,5
-7138074359361066746-2508301836,7,23,12,7,23,5
-7138074359361066746-2508311836,7,22,12,7,22,4
-7138074359361066746-2509011836,7,23,12,7,23,5
-7138074359361066746-2509021836,7,23,12,7,23,5
-7138074359361066746-2509031836,7,23,12,7,23,5
-7138074359361066746-2509041836,7,23,12,7,23,5
-7138074359361066746-2509051836,7,22,12,7,22,4
-7138074359361066746-2509061836,7,22,12,7,22,4
-7138074359361066746-2509071836,7,22,12,7,22,4
-7138074359361066746-2509081836,7,22,12,7,22,4
-7138074359361066746-2509091836,7,22,12,7,22,4
-7138074359361066746-2509101836,7,22,12,7,22,4
-7138074359361066746-2509111836,7,22,12,7,22,4
-7138074359361066746-2509121836,7,23,12,7,23,5
-7138074359361066746-2509131836,7,20,11,7,20,3
-7138074359361066746-2509141836,7,20,11,7,20,3
-7138074359361066746-2509151836,7,20,11,7,20,3
-7138074359361066746-2509161836,7,19,10,7,19,3
-7138074359361066746-2509171836,7,20,10,7,20,4
-7138074359361066746-2509181836,7,20,11,7,20,3
-7138074359361066746-2509191836,7,22,11,7,22,5
-7138074359361066746-2509201836,7,21,11,7,21,4
-7138074359361066746-2509211836,7,21,11,7,21,4
-7138074359361066746-2509221836,7,21,11,7,21,4
-7138074359361066746-2509231836,7,21,11,7,21,4
-7138410051225202863-2603282320,2,16,13,2,16,2
-7138410051225202863-2603292320,2,19,16,2,19,2
-7138410051225202863-2603302320,2,19,16,2,19,2
-7138410051225202863-2603312320,2,19,16,2,19,2
-7138410051225202863-2604042320,2,15,12,2,15,2
-7138410051225202863-2604052320,2,19,16,2,19,2
-7138410051225202863-2604092320,2,19,16,2,19,2
-7138410051225202863-2604112320,2,19,16,2,19,2
-7138410051225202863-2604122320,2,19,16,2,19,2
-7138410051225202863-2604142320,2,19,16,2,19,2
-7138410051225202863-2604152320,2,15,12,2,15,2
-7138410051225202863-2604162320,2,15,12,2,15,2
-7138410051225202863-2604182320,2,16,13,2,16,2
-7138410051225202863-2604192320,2,19,16,2,19,2
-7138410051225202863-2604202320,2,16,13,2,16,2
-7138410051225202863-2604212320,2,16,13,2,16,2
-7138410051225202863-2604222320,2,19,16,2,19,2
-7138410051225202863-2604232320,2,19,16,2,19,2
-7138410051225202863-2604242320,2,19,17,2,19,1
-7138410051225202863-2605032320,2,19,16,2,19,2
-7138410051225202863-2605042320,2,19,16,2,19,2
-7138410051225202863-2605052320,2,19,17,2,19,1
-7138410051225202863-2605062320,2,19,16,2,19,2
-7138410051225202863-2605072320,2,19,16,2,19,2
-7138410051225202863-2605082320,2,16,13,2,16,2
-7138410051225202863-2605092320,2,13,10,2,13,2
-7138410051225202863-2605102320,2,19,16,2,19,2
-7138410051225202863-2605112320,2,19,16,2,19,2
-7138410051225202863-2605122320,2,19,16,2,19,2
-7138410051225202863-2605132320,2,19,16,2,19,2
-7138410051225202863-2605142320,2,19,16,2,19,2
-7138410051225202863-2605152320,2,19,16,2,19,2
-7138410051225202863-2605172320,2,15,12,2,15,2
-7138410051225202863-2605182320,2,15,12,2,15,2
-7138410051225202863-2605192320,2,15,12,2,15,2
-7138410051225202863-2605202320,2,15,12,2,15,2
-7138410051225202863-2605212320,2,19,16,2,19,2
-7138410051225202863-2605222320,2,19,16,2,19,2
-7138410051225202863-2605232320,2,19,17,2,19,1
-7138410051225202863-2605242320,2,19,16,2,19,2
-7138410051225202863-2605252320,2,19,16,2,19,2
-7138410051225202863-2605262320,2,19,16,2,19,2
-7138410051225202863-2605272320,2,19,16,2,19,2
-7138410051225202863-2605302320,2,19,17,2,19,1
-7138410051225202863-2605312320,2,19,16,2,19,2
-7138410051225202863-2606012320,2,19,16,2,19,2
-7138410051225202863-2606022320,2,19,16,2,19,2
-7138410051225202863-2606032320,2,16,13,2,16,2
-7138410051225202863-2606042320,2,16,13,2,16,2
-7138410051225202863-2607022320,2,15,6,2,15,8
-7138410051225202863-2607032320,2,15,8,2,15,6
-7138410051225202863-2607042320,2,13,10,2,13,2
-7138410051225202863-2607052320,2,15,6,2,15,8
-7138410051225202863-2607062320,2,16,6,2,16,9
-7138410051225202863-2607072320,2,16,6,2,16,9
-7138410051225202863-2607082320,2,16,6,2,16,9
-7138410051225202863-2607092320,2,15,6,2,15,8
-7138410051225202863-2607122320,2,15,9,2,15,5
-7138410051225202863-2607182320,2,16,6,2,16,9
-7138410051225202863-2607192320,2,19,6,2,19,12
-7138410051225202863-2607202320,2,19,6,2,19,12
-7138410051225202863-2607212320,2,19,6,2,19,12
-7138410051225202863-2607222320,2,19,16,2,19,2
-7138410051225202863-2607232320,2,19,6,2,19,12
-7138410051225202863-2608262320,2,17,13,2,17,3
-7138410051225202863-2608292320,2,17,15,2,17,1
-7202919247926513511-2503290513,2,8,6,2,8,1
-7202919247926513511-2503300513,2,8,6,2,8,1
-7202919247926513511-2503310513,2,8,6,2,8,1
-7202919247926513511-2504010513,2,8,6,2,8,1
-7202919247926513511-2505230516,2,8,6,2,8,1
-7202919247926513511-2505240516,2,8,6,2,8,1
-7202919247926513511-2505250516,2,8,6,2,8,1
-7202919247926513511-2507310550,2,7,5,2,7,1
-7316281068568158264-2508300422,2,9,7,2,9,1
-7316281068568158264-2509010422,2,9,7,2,9,1
-7316281068568158264-2509020422,2,103,7,2,103,95
-7316281068568158264-2509030422,2,9,7,2,9,1
-7316281068568158264-2509040422,2,9,7,2,9,1
-7316281068568158264-2509050421,2,9,7,2,9,1
-7316281068568158264-2509060421,2,9,7,2,9,1
-7349613322927860203-2508280921,7,14,7,7,14,1
-7363861252398759561-2602072118,2,18,15,2,18,2
-7363861252398759561-2603152118,2,18,16,2,18,1
-7363861252398759561-2604132118,2,17,15,2,17,1
-7363861252398759561-2604142118,2,18,16,2,18,1
-7363861252398759561-2604152118,2,18,16,2,18,1
-7363861252398759561-2604162118,2,18,16,2,18,1
-7363861252398759561-2604182118,2,18,16,2,18,1
-7363861252398759561-2604192118,2,18,16,2,18,1
-7363861252398759561-2604202118,2,18,16,2,18,1
-7363861252398759561-2604212118,2,18,16,2,18,1
-7363861252398759561-2604222118,2,18,16,2,18,1
-7363861252398759561-2604232118,2,18,16,2,18,1
-7363861252398759561-2604242118,2,18,16,2,18,1
-7363861252398759561-2605092118,2,18,16,2,18,1
-7363861252398759561-2605102118,2,18,16,2,18,1
-7363861252398759561-2605112118,2,18,16,2,18,1
-7363861252398759561-2605122118,2,18,16,2,18,1
-7363861252398759561-2605132117,2,18,16,2,18,1
-7363861252398759561-2605142118,2,18,16,2,18,1
-7363861252398759561-2605152118,2,18,16,2,18,1
-7363861252398759561-2605162118,2,18,16,2,18,1
-7363861252398759561-2605172118,2,18,16,2,18,1
-7363861252398759561-2605182118,2,18,16,2,18,1
-7363861252398759561-2605192118,2,18,16,2,18,1
-7363861252398759561-2605202118,2,18,16,2,18,1
-7363861252398759561-2605212118,2,18,16,2,18,1
-7363861252398759561-2605222118,2,18,16,2,18,1
-7363861252398759561-2605242118,2,18,16,2,18,1
-7363861252398759561-2605252118,2,18,16,2,18,1
-7363861252398759561-2605262118,2,18,16,2,18,1
-7363861252398759561-2605292118,2,16,14,2,16,1
-7363861252398759561-2605312118,2,16,14,2,16,1
-7363861252398759561-2606012118,2,18,16,2,18,1
-7363861252398759561-2606022118,2,18,16,2,18,1
-7363861252398759561-2606032118,2,18,16,2,18,1
-7363861252398759561-2607022118,2,18,12,2,18,5
-7363861252398759561-2607032118,2,18,11,2,18,6
-7363861252398759561-2607042118,2,16,14,2,16,1
-7363861252398759561-2607052118,2,18,14,2,18,3
-7363861252398759561-2607062118,2,18,16,2,18,1
-7363861252398759561-2607072118,2,18,11,2,18,6
-7363861252398759561-2607082118,2,18,16,2,18,1
-7363861252398759561-2607092118,2,18,16,2,18,1
-7363861252398759561-2607112118,2,18,14,2,18,3
-7363861252398759561-2607122118,2,17,11,2,17,5
-7363861252398759561-2607182032,2,18,11,2,18,6
-7363861252398759561-2607191959,2,18,11,2,18,6
-7363861252398759561-2607201959,2,18,11,2,18,6
-7363861252398759561-2607211959,2,19,11,2,19,7
-7363861252398759561-2607222006,2,17,11,2,17,5
-7363861252398759561-2607232006,2,18,12,2,18,5
-7363861252398759561-2607252118,2,18,12,2,18,5
-7363861252398759561-2608262118,2,18,14,2,18,3
-7442542874471224504-2502040835,3,11,7,3,11,2
-7442542874471224504-2502110835,3,11,7,3,11,2
-7487415778751696930-2409010649,6,14,8,6,14,1
-7487415778751696930-2409020648,6,14,8,6,14,1
-7487415778751696930-2409030648,6,14,8,6,14,1
-7487415778751696930-2409040648,6,14,8,6,14,1
-7487415778751696930-2409050648,6,14,8,6,14,1
-7487415778751696930-2409060648,6,14,8,6,14,1
-7487415778751696930-2409070648,6,14,8,6,14,1
-7487415778751696930-2503080715,6,14,8,6,14,1
-7487415778751696930-2503090731,6,14,8,6,14,1
-7487415778751696930-2503100715,6,14,8,6,14,1
-7487415778751696930-2503110715,6,14,8,6,14,1
-7487415778751696930-2503120715,6,14,8,6,14,1
-7487415778751696930-2503130715,6,14,8,6,14,1
-7487415778751696930-2503140715,6,14,8,6,14,1
-7487415778751696930-2503150735,3,11,8,3,11,1
-7487415778751696930-2503160731,6,14,8,6,14,1
-7487415778751696930-2503170735,3,11,8,3,11,1
-7487415778751696930-2503180735,3,11,8,3,11,1
-7487415778751696930-2503190735,3,11,8,3,11,1
-7487415778751696930-2503200735,3,11,8,3,11,1
-7487415778751696930-2503210735,3,11,8,3,11,1
-7487415778751696930-2507260717,6,14,8,6,14,1
-7487415778751696930-2507270717,6,14,8,6,14,1
-7487415778751696930-2507280735,3,11,8,3,11,1
-7487415778751696930-2507290735,3,11,8,3,11,1
-7487415778751696930-2507300735,3,11,8,3,11,1
-7487415778751696930-2507310735,3,11,8,3,11,1
-7487415778751696930-2508010735,3,11,8,3,11,1
-7487415778751696930-2508020648,7,15,8,7,15,1
-7487415778751696930-2508030648,7,15,8,7,15,1
-7586887398214024124-2507080912,2,17,15,2,17,1
-7598829445723446732-2510300424,2,9,6,2,9,2
-7643777124342876331-2407290618,5,13,8,5,13,1
-7643777124342876331-2408020819,5,14,8,5,14,2
-7643777124342876331-2409120635,7,15,8,7,15,1
-7643777124342876331-2409170635,7,15,8,7,15,1
-7643777124342876331-2409261422,8,14,6,8,14,1
-7643777124342876331-2412020635,7,15,8,7,15,1
-7643777124342876331-2501091118,5,13,8,5,13,1
-7643777124342876331-2502030718,5,13,8,5,13,1
-7643777124342876331-2502250512,7,17,9,7,17,2
-7643777124342876331-2503041616,5,12,6,5,12,2
-7643777124342876331-2508040634,8,16,8,8,16,1
-7701132928332510424-2503290745,1,5,4,1,5,1
-7701132928332510424-2503300745,1,5,4,1,5,1
-7701132928332510424-2503310745,1,5,4,1,5,1
-7701132928332510424-2504010745,1,5,4,1,5,1
-7701132928332510424-2505230739,1,6,5,1,6,1
-7701132928332510424-2505240739,1,6,5,1,6,1
-7701132928332510424-2505250739,1,6,5,1,6,1
-7735055387745432554-2409200348,1,10,8,1,10,2
-7735055387745432554-2409210343,1,10,8,1,10,2
-7735055387745432554-2411220411,1,10,7,1,10,3
-7735055387745432554-2411230430,1,9,8,1,9,1
-7735055387745432554-2411250430,1,9,8,1,9,1
-7735055387745432554-2411260430,1,9,8,1,9,1
-7735055387745432554-2411270430,1,9,8,1,9,1
-7735055387745432554-2411280430,1,9,8,1,9,1
-7735055387745432554-2411290430,1,9,8,1,9,1
-7735055387745432554-2411300411,1,12,7,1,12,5
-7735055387745432554-2412020411,1,10,7,1,10,3
-7735055387745432554-2412030411,1,10,7,1,10,3
-7735055387745432554-2412040411,1,10,7,1,10,3
-7735055387745432554-2412050411,1,10,7,1,10,3
-7735055387745432554-2412060411,1,10,7,1,10,3
-7735055387745432554-2412070411,1,10,7,1,10,3
-7735055387745432554-2412090411,1,10,7,1,10,3
-7735055387745432554-2412100411,1,10,7,1,10,3
-7735055387745432554-2412110411,1,10,7,1,10,3
-7735055387745432554-2412120411,1,10,7,1,10,3
-7735055387745432554-2412130411,1,10,7,1,10,3
-7735055387745432554-2412140409,1,10,7,1,10,3
-7735055387745432554-2507090429,1,12,7,1,12,5
-7858299227973242768-2407190617,5,13,7,5,13,2
-7858299227973242768-2408090819,5,15,9,5,15,2
-7858299227973242768-2408230534,7,15,7,7,15,2
-7858299227973242768-2409200534,7,15,8,7,15,1
-7858299227973242768-2508140533,7,15,7,7,15,2
-7894185240135079180-2407011318,5,15,9,5,15,2
-7894185240135079180-2407021318,5,15,9,5,15,2
-7894185240135079180-2407031318,5,15,9,5,15,2
-7894185240135079180-2407041318,5,15,9,5,15,2
-7894185240135079180-2407051318,5,15,9,5,15,2
-7894185240135079180-2407061318,5,15,9,5,15,2
-7894185240135079180-2407071318,5,15,9,5,15,2
-7894185240135079180-2407081318,5,15,9,5,15,2
-7894185240135079180-2407091318,5,15,9,5,15,2
-7894185240135079180-2407101318,5,15,9,5,15,2
-7894185240135079180-2407111318,5,15,9,5,15,2
-7894185240135079180-2407121318,5,15,9,5,15,2
-7894185240135079180-2407131318,5,15,9,5,15,2
-7894185240135079180-2407141318,5,15,9,5,15,2
-7894185240135079180-2407151318,5,15,9,5,15,2
-7894185240135079180-2407161318,5,15,9,5,15,2
-7894185240135079180-2407171318,5,15,9,5,15,2
-7894185240135079180-2407181318,5,15,9,5,15,2
-7894185240135079180-2407191318,5,15,9,5,15,2
-7894185240135079180-2407201318,5,15,9,5,15,2
-7894185240135079180-2407211318,5,15,9,5,15,2
-7894185240135079180-2407221318,5,15,9,5,15,2
-7894185240135079180-2407231318,5,15,9,5,15,2
-7894185240135079180-2407241318,5,15,9,5,15,2
-7894185240135079180-2407251318,5,15,9,5,15,2
-7894185240135079180-2407261318,5,14,8,5,14,2
-7894185240135079180-2407271216,5,14,8,5,14,2
-7894185240135079180-2407281216,5,14,8,5,14,2
-7894185240135079180-2407291216,5,14,8,5,14,2
-7894185240135079180-2407301216,5,14,8,5,14,2
-7894185240135079180-2407311216,5,14,8,5,14,2
-7894185240135079180-2408011216,5,14,8,5,14,2
-7894185240135079180-2408021216,5,14,8,5,14,2
-7894185240135079180-2408031216,5,14,8,5,14,2
-7894185240135079180-2408041216,5,14,8,5,14,2
-7894185240135079180-2408051216,5,14,8,5,14,2
-7894185240135079180-2408061216,5,14,8,5,14,2
-7894185240135079180-2408071216,5,14,8,5,14,2
-7894185240135079180-2408081216,5,15,9,5,15,2
-7894185240135079180-2408091216,5,15,9,5,15,2
-7894185240135079180-2408101216,5,15,9,5,15,2
-7894185240135079180-2408111216,5,15,9,5,15,2
-7894185240135079180-2408121216,5,15,9,5,15,2
-7894185240135079180-2408131216,5,15,9,5,15,2
-7894185240135079180-2408141216,5,15,9,5,15,2
-7894185240135079180-2408151216,5,15,9,5,15,2
-7894185240135079180-2408161318,5,14,8,5,14,2
-7894185240135079180-2408171219,9,19,9,9,19,2
-7894185240135079180-2408181219,9,19,9,9,19,2
-7894185240135079180-2408191219,9,19,9,9,19,2
-7894185240135079180-2408201219,9,19,9,9,19,2
-7894185240135079180-2408211219,9,19,9,9,19,2
-7894185240135079180-2408221219,9,19,9,9,19,2
-7894185240135079180-2408231219,9,19,9,9,19,2
-7894185240135079180-2408241219,9,19,9,9,19,2
-7894185240135079180-2408251219,9,19,9,9,19,2
-7894185240135079180-2408261219,9,19,9,9,19,2
-7894185240135079180-2408271219,9,19,9,9,19,2
-7894185240135079180-2408281219,9,19,9,9,19,2
-7894185240135079180-2408291219,9,19,9,9,19,2
-7894185240135079180-2408301219,9,19,9,9,19,2
-7894185240135079180-2408311219,9,18,8,9,18,2
-7894185240135079180-2409011219,9,18,8,9,18,2
-7894185240135079180-2409021219,9,19,9,9,19,2
-7894185240135079180-2409031219,9,19,9,9,19,2
-7894185240135079180-2409041219,9,19,9,9,19,2
-7894185240135079180-2409051219,9,19,9,9,19,2
-7894185240135079180-2409061219,9,19,9,9,19,2
-7894185240135079180-2409071219,9,19,9,9,19,2
-7894185240135079180-2409081219,9,19,9,9,19,2
-7894185240135079180-2409091219,9,19,9,9,19,2
-7894185240135079180-2409101219,9,19,9,9,19,2
-7894185240135079180-2409111219,9,19,9,9,19,2
-7894185240135079180-2409121219,9,19,9,9,19,2
-7894185240135079180-2409131219,9,19,9,9,19,2
-7894185240135079180-2409141219,9,19,9,9,19,2
-7894185240135079180-2409151219,9,19,9,9,19,2
-7894185240135079180-2409161219,9,19,9,9,19,2
-7894185240135079180-2409171219,9,19,9,9,19,2
-7894185240135079180-2409181219,9,19,9,9,19,2
-7894185240135079180-2409191219,9,19,9,9,19,2
-7894185240135079180-2409241219,9,18,8,9,18,2
-7894185240135079180-2409251219,9,18,8,9,18,2
-7894185240135079180-2409261219,9,18,8,9,18,2
-7894185240135079180-2409271219,9,18,8,9,18,2
-7894185240135079180-2409281219,9,18,8,9,18,2
-7894185240135079180-2409291219,9,18,8,9,18,2
-7894185240135079180-2409301219,9,18,8,9,18,2
-7894185240135079180-2410011219,9,18,8,9,18,2
-7894185240135079180-2410021219,9,18,8,9,18,2
-7894185240135079180-2410031219,9,18,8,9,18,2
-7894185240135079180-2410041219,9,18,8,9,18,2
-7894185240135079180-2410051219,9,19,9,9,19,2
-7894185240135079180-2410061219,9,19,9,9,19,2
-7894185240135079180-2410071219,9,19,9,9,19,2
-7894185240135079180-2410081219,9,19,9,9,19,2
-7894185240135079180-2410091219,9,19,9,9,19,2
-7894185240135079180-2410101219,9,19,9,9,19,2
-7894185240135079180-2410111219,9,19,9,9,19,2
-7894185240135079180-2410121219,9,19,9,9,19,2
-7894185240135079180-2410131219,9,19,9,9,19,2
-7894185240135079180-2410141219,9,19,9,9,19,2
-7894185240135079180-2410151219,9,19,9,9,19,2
-7894185240135079180-2410161219,9,19,9,9,19,2
-7894185240135079180-2410171219,9,19,9,9,19,2
-7894185240135079180-2410181219,9,19,9,9,19,2
-7894185240135079180-2410191219,9,19,9,9,19,2
-7894185240135079180-2410201219,9,19,9,9,19,2
-7894185240135079180-2410211219,9,19,9,9,19,2
-7894185240135079180-2410221219,9,19,9,9,19,2
-7894185240135079180-2410231219,9,19,9,9,19,2
-7894185240135079180-2410241219,9,19,9,9,19,2
-7894185240135079180-2410251219,9,19,9,9,19,2
-7894185240135079180-2411021219,9,19,9,9,19,2
-7894185240135079180-2411031219,9,19,9,9,19,2
-7894185240135079180-2411041219,9,19,9,9,19,2
-7894185240135079180-2411051219,9,19,9,9,19,2
-7894185240135079180-2411061219,9,19,9,9,19,2
-7894185240135079180-2411071219,9,19,9,9,19,2
-7894185240135079180-2411081219,9,19,9,9,19,2
-7894185240135079180-2411091219,9,20,9,9,20,3
-7894185240135079180-2411101219,9,20,9,9,20,3
-7894185240135079180-2411111219,9,20,9,9,20,3
-7894185240135079180-2411121219,9,20,9,9,20,3
-7894185240135079180-2411131219,9,20,9,9,20,3
-7894185240135079180-2411141219,9,20,9,9,20,3
-7894185240135079180-2411151219,9,20,9,9,20,3
-7894185240135079180-2411161219,9,20,9,9,20,3
-7894185240135079180-2411171219,9,20,9,9,20,3
-7894185240135079180-2411181219,9,20,9,9,20,3
-7894185240135079180-2411191219,9,20,9,9,20,3
-7894185240135079180-2411201219,9,20,9,9,20,3
-7894185240135079180-2411211219,9,20,9,9,20,3
-7894185240135079180-2411221219,9,19,9,9,19,2
-7894185240135079180-2411301219,9,17,7,9,17,2
-7894185240135079180-2412011219,9,17,7,9,17,2
-7894185240135079180-2412021219,9,19,9,9,19,2
-7894185240135079180-2412031219,9,19,9,9,19,2
-7894185240135079180-2412041219,9,19,9,9,19,2
-7894185240135079180-2412051219,9,19,9,9,19,2
-7894185240135079180-2412061219,9,19,9,9,19,2
-7894185240135079180-2412071219,9,19,9,9,19,2
-7894185240135079180-2412081219,9,19,9,9,19,2
-7894185240135079180-2412091219,9,19,9,9,19,2
-7894185240135079180-2412101219,9,19,9,9,19,2
-7894185240135079180-2412111219,9,19,9,9,19,2
-7894185240135079180-2412121219,9,19,9,9,19,2
-7894185240135079180-2412131219,9,19,9,9,19,2
-7894185240135079180-2412141219,9,19,9,9,19,2
-7894185240135079180-2412151318,5,15,9,5,15,2
-7894185240135079180-2412161318,5,15,9,5,15,2
-7894185240135079180-2412171318,5,15,9,5,15,2
-7894185240135079180-2412181318,5,15,9,5,15,2
-7894185240135079180-2412191318,5,15,9,5,15,2
-7894185240135079180-2412201318,5,15,9,5,15,2
-7894185240135079180-2412211318,5,15,9,5,15,2
-7894185240135079180-2412221318,5,15,9,5,15,2
-7894185240135079180-2412231318,5,15,9,5,15,2
-7894185240135079180-2412241318,5,15,9,5,15,2
-7894185240135079180-2412251318,5,15,9,5,15,2
-7894185240135079180-2412261318,5,15,9,5,15,2
-7894185240135079180-2412271318,5,15,9,5,15,2
-7894185240135079180-2412281318,5,15,9,5,15,2
-7894185240135079180-2412291318,5,15,9,5,15,2
-7894185240135079180-2412301318,5,15,9,5,15,2
-7894185240135079180-2412311318,5,15,9,5,15,2
-7894185240135079180-2501011318,5,15,9,5,15,2
-7894185240135079180-2501021318,5,15,9,5,15,2
-7894185240135079180-2501031318,5,15,9,5,15,2
-7894185240135079180-2501041318,5,15,9,5,15,2
-7894185240135079180-2501051318,5,15,9,5,15,2
-7894185240135079180-2501061318,5,15,9,5,15,2
-7894185240135079180-2501071318,5,15,9,5,15,2
-7894185240135079180-2501081318,5,15,9,5,15,2
-7894185240135079180-2501091318,5,15,9,5,15,2
-7894185240135079180-2501101318,5,15,9,5,15,2
-7894185240135079180-2501111318,5,15,9,5,15,2
-7894185240135079180-2501121318,5,15,9,5,15,2
-7894185240135079180-2501131318,5,15,9,5,15,2
-7894185240135079180-2501141318,5,15,9,5,15,2
-7894185240135079180-2501151318,5,15,9,5,15,2
-7894185240135079180-2501161318,5,15,9,5,15,2
-7894185240135079180-2501171318,5,15,9,5,15,2
-7894185240135079180-2501181318,5,15,9,5,15,2
-7894185240135079180-2501191318,5,15,9,5,15,2
-7894185240135079180-2501201318,5,15,9,5,15,2
-7894185240135079180-2501211318,5,15,9,5,15,2
-7894185240135079180-2501221318,5,15,9,5,15,2
-7894185240135079180-2501231318,5,15,9,5,15,2
-7894185240135079180-2501241318,5,15,9,5,15,2
-7894185240135079180-2501251318,5,15,9,5,15,2
-7894185240135079180-2501261318,5,15,9,5,15,2
-7894185240135079180-2501271318,5,15,9,5,15,2
-7894185240135079180-2501281318,5,15,9,5,15,2
-7894185240135079180-2501291318,5,15,9,5,15,2
-7894185240135079180-2501301318,5,15,9,5,15,2
-7894185240135079180-2501311318,5,15,9,5,15,2
-7894185240135079180-2502011318,5,15,9,5,15,2
-7894185240135079180-2502021318,5,15,9,5,15,2
-7894185240135079180-2502031318,5,15,9,5,15,2
-7894185240135079180-2502041318,5,15,9,5,15,2
-7894185240135079180-2502051318,5,15,9,5,15,2
-7894185240135079180-2502061318,5,15,9,5,15,2
-7894185240135079180-2502071318,5,15,9,5,15,2
-7894185240135079180-2502081318,5,15,9,5,15,2
-7894185240135079180-2502091318,5,15,9,5,15,2
-7894185240135079180-2502101318,5,15,9,5,15,2
-7894185240135079180-2502111318,5,15,9,5,15,2
-7894185240135079180-2502121318,5,15,9,5,15,2
-7894185240135079180-2502131318,5,15,9,5,15,2
-7894185240135079180-2502141318,5,15,9,5,15,2
-7894185240135079180-2502151318,5,15,9,5,15,2
-7894185240135079180-2502161318,5,15,9,5,15,2
-7894185240135079180-2502171318,5,15,9,5,15,2
-7894185240135079180-2502181318,5,15,9,5,15,2
-7894185240135079180-2502191318,5,15,9,5,15,2
-7894185240135079180-2502201318,5,15,9,5,15,2
-7894185240135079180-2502211318,5,15,9,5,15,2
-7894185240135079180-2502221318,5,15,9,5,15,2
-7894185240135079180-2502231318,5,15,9,5,15,2
-7894185240135079180-2502241318,5,15,9,5,15,2
-7894185240135079180-2502251318,5,15,9,5,15,2
-7894185240135079180-2502261318,5,15,9,5,15,2
-7894185240135079180-2502271318,5,15,9,5,15,2
-7894185240135079180-2502281318,5,15,9,5,15,2
-7894185240135079180-2503011318,5,15,9,5,15,2
-7894185240135079180-2503021318,5,15,9,5,15,2
-7894185240135079180-2503031318,5,15,9,5,15,2
-7894185240135079180-2503041318,5,15,9,5,15,2
-7894185240135079180-2503051318,5,15,9,5,15,2
-7894185240135079180-2503061318,5,15,9,5,15,2
-7894185240135079180-2503071318,5,15,9,5,15,2
-7894185240135079180-2503221221,5,15,9,5,15,2
-7894185240135079180-2503231221,5,15,9,5,15,2
-7894185240135079180-2503241318,5,15,9,5,15,2
-7894185240135079180-2503251318,5,17,9,5,17,4
-7894185240135079180-2503261318,5,17,9,5,17,4
-7894185240135079180-2503271318,5,15,9,5,15,2
-7894185240135079180-2503281318,5,15,9,5,15,2
-7894185240135079180-2503291318,5,15,9,5,15,2
-7894185240135079180-2503301318,5,15,9,5,15,2
-7894185240135079180-2503311318,5,15,9,5,15,2
-7894185240135079180-2504011318,5,15,9,5,15,2
-7894185240135079180-2504021318,5,15,9,5,15,2
-7894185240135079180-2504031318,5,15,9,5,15,2
-7894185240135079180-2504041318,5,15,9,5,15,2
-7894185240135079180-2504051318,5,15,9,5,15,2
-7894185240135079180-2504061318,5,15,9,5,15,2
-7894185240135079180-2504071318,5,15,9,5,15,2
-7894185240135079180-2504081318,5,15,9,5,15,2
-7894185240135079180-2504091318,5,15,9,5,15,2
-7894185240135079180-2504101318,5,15,9,5,15,2
-7894185240135079180-2504111318,5,15,9,5,15,2
-7894185240135079180-2504121318,5,15,9,5,15,2
-7894185240135079180-2504131318,5,15,9,5,15,2
-7894185240135079180-2504141318,5,15,9,5,15,2
-7894185240135079180-2504151318,5,15,9,5,15,2
-7894185240135079180-2504161318,5,15,9,5,15,2
-7894185240135079180-2504171318,5,15,9,5,15,2
-7894185240135079180-2504181318,5,15,9,5,15,2
-7894185240135079180-2504191257,5,15,9,5,15,2
-7894185240135079180-2504201257,5,15,9,5,15,2
-7894185240135079180-2504211257,5,15,9,5,15,2
-7894185240135079180-2504221318,5,15,9,5,15,2
-7894185240135079180-2504231318,5,15,9,5,15,2
-7894185240135079180-2504241318,5,15,9,5,15,2
-7894185240135079180-2504251318,5,15,9,5,15,2
-7894185240135079180-2504261318,5,15,9,5,15,2
-7894185240135079180-2504271318,5,15,9,5,15,2
-7894185240135079180-2504281318,5,15,9,5,15,2
-7894185240135079180-2504291318,5,15,9,5,15,2
-7894185240135079180-2504301318,5,15,9,5,15,2
-7894185240135079180-2505011318,5,15,9,5,15,2
-7894185240135079180-2505021318,5,15,9,5,15,2
-7894185240135079180-2505031318,5,15,9,5,15,2
-7894185240135079180-2505041318,5,15,9,5,15,2
-7894185240135079180-2505051318,5,15,9,5,15,2
-7894185240135079180-2505061318,5,15,9,5,15,2
-7894185240135079180-2505071318,5,15,9,5,15,2
-7894185240135079180-2505081318,5,15,9,5,15,2
-7894185240135079180-2505091318,5,15,9,5,15,2
-7894185240135079180-2505101318,5,15,9,5,15,2
-7894185240135079180-2505111318,5,15,9,5,15,2
-7894185240135079180-2505121318,5,15,9,5,15,2
-7894185240135079180-2505131318,5,15,9,5,15,2
-7894185240135079180-2505141318,5,15,9,5,15,2
-7894185240135079180-2505151318,5,15,9,5,15,2
-7894185240135079180-2505161318,5,15,9,5,15,2
-7894185240135079180-2505171318,5,15,9,5,15,2
-7894185240135079180-2505181318,5,15,9,5,15,2
-7894185240135079180-2505191318,5,15,9,5,15,2
-7894185240135079180-2505201318,5,15,9,5,15,2
-7894185240135079180-2505211318,5,15,9,5,15,2
-7894185240135079180-2505221318,5,15,9,5,15,2
-7894185240135079180-2505231318,5,15,9,5,15,2
-7894185240135079180-2505241318,5,15,9,5,15,2
-7894185240135079180-2505251318,5,15,9,5,15,2
-7894185240135079180-2505261318,5,15,9,5,15,2
-7894185240135079180-2505271318,5,15,9,5,15,2
-7894185240135079180-2505281318,5,15,9,5,15,2
-7894185240135079180-2505291318,5,15,9,5,15,2
-7894185240135079180-2505301318,5,15,9,5,15,2
-7894185240135079180-2505311318,5,15,9,5,15,2
-7894185240135079180-2506011318,5,15,9,5,15,2
-7894185240135079180-2506021318,5,15,9,5,15,2
-7894185240135079180-2506031318,5,15,9,5,15,2
-7894185240135079180-2506041318,5,15,9,5,15,2
-7894185240135079180-2506051318,5,15,7,5,15,4
-7894185240135079180-2506061318,5,15,9,5,15,2
-7894185240135079180-2506071318,5,15,9,5,15,2
-7894185240135079180-2506081318,5,15,9,5,15,2
-7894185240135079180-2506091318,5,15,9,5,15,2
-7894185240135079180-2506101318,5,15,9,5,15,2
-7894185240135079180-2506111318,5,15,9,5,15,2
-7894185240135079180-2506121318,5,15,9,5,15,2
-7894185240135079180-2506131318,5,15,9,5,15,2
-7894185240135079180-2506141318,5,15,9,5,15,2
-7894185240135079180-2506151318,5,15,9,5,15,2
-7894185240135079180-2506161318,5,15,9,5,15,2
-7894185240135079180-2506171318,5,15,9,5,15,2
-7894185240135079180-2506181318,5,15,9,5,15,2
-7894185240135079180-2506191318,5,15,9,5,15,2
-7894185240135079180-2506201318,5,15,9,5,15,2
-7894185240135079180-2506211318,5,15,9,5,15,2
-7894185240135079180-2506221318,5,15,9,5,15,2
-7894185240135079180-2506231318,5,15,9,5,15,2
-7894185240135079180-2506241318,5,15,9,5,15,2
-7894185240135079180-2506251318,5,15,9,5,15,2
-7894185240135079180-2506261318,5,15,9,5,15,2
-7894185240135079180-2506271318,5,15,7,5,15,4
-7894185240135079180-2506281318,5,15,7,5,15,4
-7894185240135079180-2506291318,5,15,7,5,15,4
-7894185240135079180-2506301318,5,15,7,5,15,4
-7894185240135079180-2507011318,5,15,7,5,15,4
-7894185240135079180-2507021318,5,15,7,5,15,4
-7894185240135079180-2507031318,5,15,7,5,15,4
-7894185240135079180-2507041318,5,15,7,5,15,4
-7894185240135079180-2507051318,5,15,7,5,15,4
-7894185240135079180-2507061318,5,15,7,5,15,4
-7894185240135079180-2507071318,5,15,7,5,15,4
-7894185240135079180-2507081318,5,15,7,5,15,4
-7894185240135079180-2507091318,5,15,7,5,15,4
-7894185240135079180-2507101318,5,15,7,5,15,4
-7894185240135079180-2507111318,5,15,7,5,15,4
-7894185240135079180-2507121318,5,15,9,5,15,2
-7894185240135079180-2507131318,5,15,9,5,15,2
-7894185240135079180-2507141318,5,15,9,5,15,2
-7894185240135079180-2507151318,4,14,9,4,14,2
-7894185240135079180-2507161318,4,14,9,4,14,2
-7894185240135079180-2507171318,4,14,9,4,14,2
-7894185240135079180-2507181318,4,14,9,4,14,2
-7894185240135079180-2507191318,4,14,9,4,14,2
-7894185240135079180-2507201318,4,14,9,4,14,2
-7894185240135079180-2507211318,4,14,9,4,14,2
-7894185240135079180-2507221318,4,14,9,4,14,2
-7894185240135079180-2507231318,5,15,9,5,15,2
-7894185240135079180-2507241318,5,15,9,5,15,2
-7894185240135079180-2507251318,5,15,9,5,15,2
-7894185240135079180-2508041219,9,19,9,9,19,2
-7894185240135079180-2508051219,9,19,9,9,19,2
-7894185240135079180-2508061219,9,19,9,9,19,2
-7894185240135079180-2508071219,9,19,9,9,19,2
-7894185240135079180-2508081219,9,19,9,9,19,2
-7894185240135079180-2508091219,9,19,9,9,19,2
-7894185240135079180-2508101219,9,19,9,9,19,2
-7894185240135079180-2508111219,9,19,9,9,19,2
-7894185240135079180-2508121219,9,19,9,9,19,2
-7894185240135079180-2508131219,9,19,9,9,19,2
-7894185240135079180-2508141219,9,19,9,9,19,2
-7894185240135079180-2508151219,9,19,9,9,19,2
-7894185240135079180-2508161219,9,19,9,9,19,2
-7894185240135079180-2508171219,9,19,9,9,19,2
-7894185240135079180-2508181219,9,19,9,9,19,2
-7894185240135079180-2508191219,9,19,9,9,19,2
-7894185240135079180-2508201219,9,19,9,9,19,2
-7894185240135079180-2508211219,9,19,9,9,19,2
-7894185240135079180-2508221219,9,19,9,9,19,2
-7894185240135079180-2508231219,9,19,9,9,19,2
-7894185240135079180-2508241219,9,19,9,9,19,2
-7894185240135079180-2508251218,9,18,8,9,18,2
-7894185240135079180-2508261218,9,18,8,9,18,2
-7894185240135079180-2508271218,9,18,8,9,18,2
-7894185240135079180-2508281218,9,18,8,9,18,2
-7894185240135079180-2508291218,9,18,8,9,18,2
-7894185240135079180-2508301218,9,18,8,9,18,2
-7894185240135079180-2508311218,9,18,8,9,18,2
-7894185240135079180-2509011218,9,18,8,9,18,2
-7894185240135079180-2509021218,9,18,8,9,18,2
-7894185240135079180-2509031218,9,18,8,9,18,2
-7894185240135079180-2509041218,9,18,8,9,18,2
-7894185240135079180-2509051218,9,18,8,9,18,2
-7894185240135079180-2509061218,9,19,9,9,19,2
-7894185240135079180-2509071218,9,19,9,9,19,2
-7894185240135079180-2509081218,9,19,9,9,19,2
-7894185240135079180-2509091219,9,19,9,9,19,2
-7894185240135079180-2509101219,9,19,9,9,19,2
-7894185240135079180-2509111219,9,19,9,9,19,2
-7894185240135079180-2509121219,9,19,9,9,19,2
-7894185240135079180-2509131219,9,19,9,9,19,2
-7894185240135079180-2509141219,9,19,9,9,19,2
-7894185240135079180-2509151219,9,19,9,9,19,2
-7894185240135079180-2509161219,9,19,9,9,19,2
-7894185240135079180-2509171219,9,19,9,9,19,2
-7894185240135079180-2509181219,9,19,9,9,19,2
-7894185240135079180-2509191219,9,19,9,9,19,2
-7894185240135079180-2509201219,9,16,7,9,16,1
-7894185240135079180-2509211219,9,16,7,9,16,1
-7894185240135079180-2509221219,9,16,7,9,16,1
-7894185240135079180-2509231219,9,19,9,9,19,2
-8063523302963065314-2408091858,2,8,5,2,8,2
-8591058439716882049-2408270619,2,10,7,2,10,2
-8591058439716882049-2411070619,2,10,7,2,10,2
-8615033057029076475-2407180617,5,13,7,5,13,2
-8615033057029076475-2407290513,7,15,7,7,15,2
-8615033057029076475-2408090513,7,15,7,7,15,2
-8615033057029076475-2409090534,7,15,7,7,15,2
-8615033057029076475-2411251538,7,14,7,7,14,1
-8657109725447363025-2412150526,1,14,12,1,14,2
-8657109725447363025-2412160526,1,14,12,1,14,2
-8657109725447363025-2412170526,1,14,12,1,14,2
-8657109725447363025-2412180526,1,14,12,1,14,2
-8657109725447363025-2412190526,1,14,12,1,14,2
-8657109725447363025-2412200526,1,14,12,1,14,2
-8657109725447363025-2412210526,1,14,12,1,14,2
-8657109725447363025-2412220526,1,14,12,1,14,2
-8657109725447363025-2412230526,1,14,12,1,14,2
-8657109725447363025-2412240526,1,14,12,1,14,2
-8657109725447363025-2412250526,1,14,12,1,14,2
-8657109725447363025-2412260526,1,14,12,1,14,2
-8657109725447363025-2412270526,1,14,12,1,14,2
-8657109725447363025-2412280526,1,14,12,1,14,2
-8657109725447363025-2412290526,1,14,12,1,14,2
-8657109725447363025-2412300526,1,14,12,1,14,2
-8657109725447363025-2412310526,1,14,12,1,14,2
-8657109725447363025-2501010526,1,14,12,1,14,2
-8657109725447363025-2501020526,1,14,12,1,14,2
-8657109725447363025-2501030526,1,14,12,1,14,2
-8657109725447363025-2501040525,1,14,12,1,14,2
-8657109725447363025-2501050526,1,14,12,1,14,2
-8657109725447363025-2501060526,1,14,12,1,14,2
-8657109725447363025-2501070526,1,14,12,1,14,2
-8657109725447363025-2501080526,1,14,12,1,14,2
-8657109725447363025-2501090526,1,14,12,1,14,2
-8657109725447363025-2501100526,1,14,12,1,14,2
-8657109725447363025-2501110526,1,14,11,1,14,3
-8657109725447363025-2501120526,1,14,12,1,14,2
-8657109725447363025-2501130526,1,14,12,1,14,2
-8657109725447363025-2501140526,1,14,12,1,14,2
-8657109725447363025-2501150526,1,14,12,1,14,2
-8657109725447363025-2501160526,1,14,12,1,14,2
-8657109725447363025-2501170526,1,14,12,1,14,2
-8657109725447363025-2501180526,1,14,11,1,14,3
-8657109725447363025-2501190526,1,14,12,1,14,2
-8657109725447363025-2501200526,1,14,12,1,14,2
-8657109725447363025-2501210526,1,14,12,1,14,2
-8657109725447363025-2501220526,1,14,12,1,14,2
-8657109725447363025-2501230526,1,14,12,1,14,2
-8657109725447363025-2501240526,1,14,12,1,14,2
-8657109725447363025-2501250526,1,14,11,1,14,3
-8657109725447363025-2501260526,1,14,12,1,14,2
-8657109725447363025-2501270526,1,14,12,1,14,2
-8657109725447363025-2501280526,1,14,12,1,14,2
-8657109725447363025-2501290526,1,14,12,1,14,2
-8657109725447363025-2501300526,1,14,12,1,14,2
-8657109725447363025-2501310526,1,14,12,1,14,2
-8657109725447363025-2502010526,1,14,11,1,14,3
-8657109725447363025-2502020526,1,14,12,1,14,2
-8657109725447363025-2502030526,1,14,12,1,14,2
-8657109725447363025-2502040526,1,14,12,1,14,2
-8657109725447363025-2502050526,1,14,12,1,14,2
-8657109725447363025-2502060526,1,14,12,1,14,2
-8657109725447363025-2502070526,1,14,12,1,14,2
-8657109725447363025-2502080526,1,14,11,1,14,3
-8657109725447363025-2502090526,1,14,12,1,14,2
-8657109725447363025-2502100526,1,14,12,1,14,2
-8657109725447363025-2502110526,1,14,12,1,14,2
-8657109725447363025-2502120526,1,14,12,1,14,2
-8657109725447363025-2502130526,1,14,12,1,14,2
-8657109725447363025-2502140526,1,14,12,1,14,2
-8657109725447363025-2502150526,1,14,12,1,14,2
-8657109725447363025-2502160526,1,14,12,1,14,2
-8657109725447363025-2502170526,1,14,12,1,14,2
-8657109725447363025-2502180519,1,14,12,1,14,2
-8657109725447363025-2502190519,1,14,12,1,14,2
-8657109725447363025-2502200519,1,14,12,1,14,2
-8657109725447363025-2502210519,1,14,12,1,14,2
-8657109725447363025-2502220519,1,15,12,1,15,3
-8657109725447363025-2502230519,1,15,12,1,15,3
-8657109725447363025-2502240519,1,15,12,1,15,3
-8657109725447363025-2502250519,1,15,12,1,15,3
-8657109725447363025-2502260519,1,15,12,1,15,3
-8657109725447363025-2502270519,1,15,12,1,15,3
-8657109725447363025-2502280519,1,15,12,1,15,3
-8657109725447363025-2503010519,1,15,12,1,15,3
-8657109725447363025-2503020519,1,15,12,1,15,3
-8657109725447363025-2503030519,1,14,12,1,14,2
-8657109725447363025-2503040519,1,14,12,1,14,2
-8657109725447363025-2503050519,1,14,12,1,14,2
-8657109725447363025-2503060519,1,14,12,1,14,2
-8657109725447363025-2503070519,1,14,12,1,14,2
-8657109725447363025-2503080519,1,14,12,1,14,2
-8657109725447363025-2503090519,1,14,12,1,14,2
-8657109725447363025-2503100519,1,14,12,1,14,2
-8657109725447363025-2503110519,1,14,12,1,14,2
-8657109725447363025-2503120519,1,14,12,1,14,2
-8657109725447363025-2503130519,1,14,12,1,14,2
-8657109725447363025-2503140519,1,14,12,1,14,2
-8657109725447363025-2503170519,1,14,12,1,14,2
-8657109725447363025-2503180519,1,14,12,1,14,2
-8657109725447363025-2503190519,1,14,12,1,14,2
-8657109725447363025-2503200519,1,14,12,1,14,2
-8657109725447363025-2503210519,1,14,12,1,14,2
-8657109725447363025-2503240519,1,14,12,1,14,2
-8657109725447363025-2503270519,1,14,12,1,14,2
-8657109725447363025-2503280519,1,14,12,1,14,2
-8657109725447363025-2503290519,1,14,12,1,14,2
-8657109725447363025-2503300519,1,14,12,1,14,2
-8657109725447363025-2503310519,1,14,12,1,14,2
-8657109725447363025-2504010519,1,14,12,1,14,2
-8657109725447363025-2504020519,1,14,12,1,14,2
-8657109725447363025-2504030519,1,14,12,1,14,2
-8657109725447363025-2504040519,1,14,12,1,14,2
-8657109725447363025-2504050519,1,14,12,1,14,2
-8657109725447363025-2504060519,1,14,12,1,14,2
-8657109725447363025-2504070519,1,14,12,1,14,2
-8657109725447363025-2504080519,1,14,12,1,14,2
-8657109725447363025-2504090519,1,14,12,1,14,2
-8657109725447363025-2504100519,1,14,12,1,14,2
-8657109725447363025-2504110519,1,14,12,1,14,2
-8657109725447363025-2504120519,1,14,12,1,14,2
-8657109725447363025-2504130519,1,14,12,1,14,2
-8657109725447363025-2504140519,1,14,12,1,14,2
-8657109725447363025-2504150519,1,14,12,1,14,2
-8657109725447363025-2504160526,1,14,12,1,14,2
-8657109725447363025-2504170526,1,15,12,1,15,3
-8657109725447363025-2504180437,1,15,12,1,15,3
-8657109725447363025-2504220437,1,15,12,1,15,3
-8657109725447363025-2504230437,1,15,12,1,15,3
-8657109725447363025-2504240437,1,15,12,1,15,3
-8657109725447363025-2504250437,1,15,12,1,15,3
-8657109725447363025-2504260448,1,13,11,1,13,2
-8657109725447363025-2504270448,1,13,11,1,13,2
-8657109725447363025-2504280437,1,15,12,1,15,3
-8657109725447363025-2504290437,1,15,12,1,15,3
-8657109725447363025-2504300437,1,15,12,1,15,3
-8657109725447363025-2505010437,1,15,12,1,15,3
-8657109725447363025-2505020526,1,15,12,1,15,3
-8657109725447363025-2505030526,1,13,11,1,13,2
-8657109725447363025-2505040526,1,13,11,1,13,2
-8657109725447363025-2505050526,1,15,12,1,15,3
-8657109725447363025-2505060526,1,15,12,1,15,3
-8657109725447363025-2505070526,1,15,12,1,15,3
-8657109725447363025-2505080526,1,15,12,1,15,3
-8657109725447363025-2505090526,1,15,12,1,15,3
-8657109725447363025-2505100526,1,15,12,1,15,3
-8657109725447363025-2505110526,1,15,12,1,15,3
-8657109725447363025-2505120526,1,15,12,1,15,3
-8657109725447363025-2505130526,1,15,12,1,15,3
-8657109725447363025-2505140526,1,15,12,1,15,3
-8657109725447363025-2505150526,1,15,12,1,15,3
-8657109725447363025-2505160526,1,15,12,1,15,3
-8657109725447363025-2505170526,1,15,12,1,15,3
-8657109725447363025-2505180526,1,15,12,1,15,3
-8657109725447363025-2505190526,1,15,12,1,15,3
-8657109725447363025-2505200526,1,15,12,1,15,3
-8657109725447363025-2505210526,1,15,12,1,15,3
-8657109725447363025-2505220526,1,15,12,1,15,3
-8657109725447363025-2505230526,1,15,12,1,15,3
-8657109725447363025-2505240526,1,15,12,1,15,3
-8657109725447363025-2505250526,1,15,12,1,15,3
-8657109725447363025-2505260526,1,15,12,1,15,3
-8657109725447363025-2505270526,1,15,12,1,15,3
-8657109725447363025-2505280526,1,15,12,1,15,3
-8657109725447363025-2505290526,1,15,12,1,15,3
-8657109725447363025-2505300526,1,15,12,1,15,3
-8657109725447363025-2505310526,1,15,12,1,15,3
-8657109725447363025-2506010526,1,15,12,1,15,3
-8657109725447363025-2506020526,1,15,12,1,15,3
-8657109725447363025-2506030526,1,15,12,1,15,3
-8657109725447363025-2506040526,1,15,12,1,15,3
-8657109725447363025-2506050526,1,15,12,1,15,3
-8657109725447363025-2506060526,1,15,12,1,15,3
-8657109725447363025-2506070526,1,14,12,1,14,2
-8657109725447363025-2506080526,1,14,12,1,14,2
-8657109725447363025-2506090526,1,14,12,1,14,2
-8657109725447363025-2506100526,1,14,12,1,14,2
-8657109725447363025-2506110526,1,14,12,1,14,2
-8657109725447363025-2506120526,1,14,12,1,14,2
-8657109725447363025-2506130526,1,14,12,1,14,2
-8657109725447363025-2506150526,1,14,12,1,14,2
-8657109725447363025-2506160526,1,14,12,1,14,2
-8657109725447363025-2506170526,1,14,12,1,14,2
-8657109725447363025-2506180526,1,14,12,1,14,2
-8657109725447363025-2506190526,1,14,12,1,14,2
-8657109725447363025-2506200526,1,14,12,1,14,2
-8657109725447363025-2506210526,1,14,12,1,14,2
-8657109725447363025-2506220526,1,14,12,1,14,2
-8657109725447363025-2506230526,1,14,12,1,14,2
-8657109725447363025-2506240526,1,14,12,1,14,2
-8657109725447363025-2506250526,1,14,12,1,14,2
-8657109725447363025-2506260526,1,14,12,1,14,2
-8657109725447363025-2506270518,1,16,15,1,16,1
-8657109725447363025-2506280524,1,16,15,1,16,1
-8657109725447363025-2506290524,1,16,15,1,16,1
-8657109725447363025-2506300524,1,16,15,1,16,1
-8657109725447363025-2507010524,1,16,15,1,16,1
-8657109725447363025-2507020524,1,16,15,1,16,1
-8657109725447363025-2507030524,1,16,15,1,16,1
-8657109725447363025-2507040524,1,16,15,1,16,1
-8657109725447363025-2507050524,1,16,15,1,16,1
-8657109725447363025-2507060524,1,16,15,1,16,1
-8657109725447363025-2507070524,1,16,15,1,16,1
-8657109725447363025-2507080524,1,16,15,1,16,1
-8657109725447363025-2507090524,1,16,15,1,16,1
-8657109725447363025-2507100524,1,16,15,1,16,1
-8657109725447363025-2507110524,1,16,15,1,16,1
-8657109725447363025-2507120526,1,14,12,1,14,2
-8657109725447363025-2507130526,1,14,12,1,14,2
-8657109725447363025-2507140526,1,14,12,1,14,2
-8657109725447363025-2507150526,1,14,12,1,14,2
-8657109725447363025-2507160526,1,14,12,1,14,2
-8657109725447363025-2507170526,1,14,12,1,14,2
-8657109725447363025-2507180526,1,14,12,1,14,2
-8657109725447363025-2507190526,1,14,12,1,14,2
-8657109725447363025-2507200526,1,14,12,1,14,2
-8657109725447363025-2507210526,1,14,12,1,14,2
-8657109725447363025-2507220526,1,14,12,1,14,2
-8657109725447363025-2507230526,1,14,12,1,14,2
-8657109725447363025-2507240526,1,14,12,1,14,2
-8657109725447363025-2507250526,1,14,12,1,14,2
-8657109725447363025-2507260526,1,14,12,1,14,2
-8657109725447363025-2507270526,1,14,12,1,14,2
-8657109725447363025-2507280526,1,14,12,1,14,2
-8657109725447363025-2507290526,1,14,12,1,14,2
-8657109725447363025-2507300526,1,14,12,1,14,2
-8657109725447363025-2507310526,1,14,11,1,14,3
-8657109725447363025-2508010526,1,14,12,1,14,2
-8657109725447363025-2508020526,1,14,12,1,14,2
-8657109725447363025-2508030526,1,14,12,1,14,2
-8657109725447363025-2508040526,1,14,12,1,14,2
-8657109725447363025-2508050526,1,14,12,1,14,2
-8657109725447363025-2508060526,1,14,12,1,14,2
-8657109725447363025-2508070526,1,14,12,1,14,2
-8657109725447363025-2508080526,1,14,12,1,14,2
-8657109725447363025-2508090555,1,14,12,1,14,2
-8657109725447363025-2508100555,1,14,12,1,14,2
-8657109725447363025-2508110526,1,14,12,1,14,2
-8657109725447363025-2508120526,1,14,12,1,14,2
-8657109725447363025-2508130526,1,14,12,1,14,2
-8657109725447363025-2508140526,1,14,12,1,14,2
-8657109725447363025-2508150526,1,14,12,1,14,2
-8657109725447363025-2508160526,1,14,12,1,14,2
-8657109725447363025-2508170526,1,14,12,1,14,2
-8657109725447363025-2508180526,1,14,12,1,14,2
-8657109725447363025-2508190526,1,14,12,1,14,2
-8657109725447363025-2508200526,1,14,12,1,14,2
-8657109725447363025-2508210526,1,14,12,1,14,2
-8657109725447363025-2508220526,1,14,12,1,14,2
-8657109725447363025-2508230526,1,13,11,1,13,2
-8657109725447363025-2508240526,1,14,12,1,14,2
-8657109725447363025-2508250526,1,14,12,1,14,2
-8657109725447363025-2508260526,1,14,12,1,14,2
-8657109725447363025-2508270526,1,14,12,1,14,2
-8657109725447363025-2508280526,1,14,12,1,14,2
-8657109725447363025-2508290526,1,14,12,1,14,2
-8657109725447363025-2508300526,1,14,12,1,14,2
-8657109725447363025-2508310526,1,14,12,1,14,2
-8657109725447363025-2509010526,1,14,12,1,14,2
-8657109725447363025-2509020526,1,14,12,1,14,2
-8657109725447363025-2509030526,1,14,12,1,14,2
-8657109725447363025-2509040526,1,14,12,1,14,2
-8657109725447363025-2509050526,1,14,12,1,14,2
-8657109725447363025-2509060526,1,14,12,1,14,2
-8657109725447363025-2509070526,1,14,12,1,14,2
-8657109725447363025-2509080526,1,14,12,1,14,2
-8657109725447363025-2509090526,1,14,12,1,14,2
-8657109725447363025-2509100526,1,14,12,1,14,2
-8657109725447363025-2509110526,1,14,12,1,14,2
-8657109725447363025-2509120526,1,14,12,1,14,2
-8657109725447363025-2509130526,1,14,12,1,14,2
-8657109725447363025-2509140526,1,13,11,1,13,2
-8657109725447363025-2509150526,1,13,11,1,13,2
-8657109725447363025-2509160526,1,13,11,1,13,2
-8657109725447363025-2509170526,1,13,11,1,13,2
-8657109725447363025-2509180526,1,13,11,1,13,2
-8657109725447363025-2509190526,1,13,11,1,13,2
-8657109725447363025-2509200526,1,13,11,1,13,2
-8657109725447363025-2509210526,1,13,11,1,13,2
-8657109725447363025-2509220526,1,13,11,1,13,2
-8657109725447363025-2509230526,1,13,11,1,13,2
-8657109725447363025-2509240526,1,15,14,1,15,1
-8657109725447363025-2509250526,1,15,14,1,15,1
-8657109725447363025-2509260526,1,15,14,1,15,1
-8657109725447363025-2509270526,1,15,14,1,15,1
-8657109725447363025-2509280526,1,15,14,1,15,1
-8657109725447363025-2509290526,1,15,14,1,15,1
-8657109725447363025-2509300526,1,15,14,1,15,1
-8657109725447363025-2510010526,1,16,15,1,16,1
-8657109725447363025-2510020526,1,16,15,1,16,1
-8657109725447363025-2510030526,1,16,15,1,16,1
-8657109725447363025-2510040526,1,16,15,1,16,1
-8657109725447363025-2510050526,1,16,15,1,16,1
-8657109725447363025-2510060526,1,16,15,1,16,1
-8657109725447363025-2510070526,1,16,15,1,16,1
-8657109725447363025-2510080526,1,16,15,1,16,1
-8657109725447363025-2510090526,1,16,15,1,16,1
-8657109725447363025-2510100526,1,16,15,1,16,1
-8657109725447363025-2510110526,1,16,15,1,16,1
-8657109725447363025-2510120526,1,16,15,1,16,1
-8657109725447363025-2510130526,1,16,15,1,16,1
-8657109725447363025-2510140526,1,16,15,1,16,1
-8657109725447363025-2510150526,1,16,15,1,16,1
-8657109725447363025-2510160526,1,16,15,1,16,1
-8657109725447363025-2510170526,1,16,15,1,16,1
-8657109725447363025-2510180526,1,16,15,1,16,1
-8657109725447363025-2510190526,1,16,15,1,16,1
-8657109725447363025-2510200526,1,16,15,1,16,1
-8657109725447363025-2510210526,1,16,15,1,16,1
-8657109725447363025-2510220526,1,16,15,1,16,1
-8657109725447363025-2510230526,1,16,15,1,16,1
-8657109725447363025-2510240526,1,16,15,1,16,1
-8657109725447363025-2510270526,1,16,15,1,16,1
-8657109725447363025-2510280526,1,16,15,1,16,1
-8657109725447363025-2510300526,1,16,15,1,16,1
-8657109725447363025-2510310526,1,16,15,1,16,1
-8657109725447363025-2511010526,1,16,15,1,16,1
-8657109725447363025-2511020526,1,16,15,1,16,1
-8726493165010963877-2509270339,2,10,6,2,10,3
-8754813922651492569-2504280512,7,17,9,7,17,2
-8754813922651492569-2504290512,7,17,9,7,17,2
-8754813922651492569-2504300512,7,17,9,7,17,2
-8784744477285056206-2508021352,2,10,7,2,10,2
-8784744477285056206-2508031352,2,10,7,2,10,2
-8784744477285056206-2508041352,2,10,7,2,10,2
-8784744477285056206-2508051352,2,10,7,2,10,2
-8784744477285056206-2508061352,2,10,7,2,10,2
-8784744477285056206-2508071352,2,10,7,2,10,2
-8784744477285056206-2508081352,2,10,7,2,10,2
-8784744477285056206-2508091352,2,10,7,2,10,2
-8784744477285056206-2508101352,2,10,7,2,10,2
-8784744477285056206-2508111352,2,10,7,2,10,2
-8784744477285056206-2508121352,2,10,7,2,10,2
-8784744477285056206-2508131352,2,10,7,2,10,2
-8784744477285056206-2508141352,2,10,7,2,10,2
-8784744477285056206-2508151352,2,10,7,2,10,2
-8784744477285056206-2508161352,2,10,7,2,10,2
-8784744477285056206-2508171352,2,10,7,2,10,2
-8784744477285056206-2508181352,2,10,7,2,10,2
-8784744477285056206-2508191352,2,10,7,2,10,2
-8784744477285056206-2508201352,2,10,7,2,10,2
-8784744477285056206-2508211352,2,10,7,2,10,2
-8784744477285056206-2508221352,2,10,7,2,10,2
-8784744477285056206-2509101352,2,10,7,2,10,2
-8784744477285056206-2509111352,2,10,7,2,10,2
-8784744477285056206-2509121352,2,10,7,2,10,2
-8784744477285056206-2509131352,2,10,7,2,10,2
-8784744477285056206-2509141352,2,10,7,2,10,2
-8784744477285056206-2509151352,2,10,7,2,10,2
-8784744477285056206-2509161352,2,10,7,2,10,2
-8784744477285056206-2509171352,2,10,7,2,10,2
-8784744477285056206-2509181352,2,10,7,2,10,2
-8784744477285056206-2509191352,2,10,7,2,10,2
-8784744477285056206-2509201352,2,8,6,2,8,1
-8784744477285056206-2509211352,2,8,6,2,8,1
-8784744477285056206-2509221352,2,8,6,2,8,1
-8784744477285056206-2509231352,2,10,7,2,10,2
-8907723336165031898-2503081336,3,13,9,3,13,2
-8907723336165031898-2503091336,3,13,9,3,13,2
-8907723336165031898-2503101336,3,13,9,3,13,2
-8907723336165031898-2503111336,3,13,9,3,13,2
-8907723336165031898-2503121336,3,13,9,3,13,2
-8907723336165031898-2503131336,3,13,9,3,13,2
-8907723336165031898-2503141336,3,13,9,3,13,2
-8907723336165031898-2503151336,3,13,9,3,13,2
-8907723336165031898-2503161336,3,13,9,3,13,2
-8907723336165031898-2503171336,3,13,9,3,13,2
-8907723336165031898-2503181336,3,13,9,3,13,2
-8907723336165031898-2503191336,3,13,9,3,13,2
-8907723336165031898-2503201336,3,13,9,3,13,2
-8907723336165031898-2503211336,3,13,9,3,13,2
-8907723336165031898-2507261334,3,13,9,3,13,2
-8907723336165031898-2507271334,3,13,9,3,13,2
-8907723336165031898-2507281334,3,13,9,3,13,2
-8907723336165031898-2507291334,3,13,9,3,13,2
-8907723336165031898-2507301334,3,13,9,3,13,2
-8907723336165031898-2507311334,3,13,9,3,13,2
-8907723336165031898-2508011334,3,13,9,3,13,2
-8907723336165031898-2508021240,7,17,9,7,17,2
-8907723336165031898-2508031240,7,17,9,7,17,2
-8986585500297293674-2509151538,6,13,6,6,13,2
-9041826274447067038-2408081056,1,8,6,1,8,2
-9041826274447067038-2408091056,1,8,6,1,8,2
-9041826274447067038-2408101056,1,8,6,1,8,2
-9041826274447067038-2408111056,1,8,6,1,8,2
-9041826274447067038-2408121056,1,8,6,1,8,2
-9041826274447067038-2408131056,1,8,6,1,8,2
-9041826274447067038-2408141056,1,8,6,1,8,2
-9041826274447067038-2408151056,1,8,6,1,8,2
-9116698326539690996-2409011053,7,15,8,7,15,1
-9116698326539690996-2409021050,7,15,8,7,15,1
-9116698326539690996-2409031050,7,15,8,7,15,1
-9116698326539690996-2409041050,7,15,8,7,15,1
-9116698326539690996-2409051050,7,15,8,7,15,1
-9116698326539690996-2409061050,7,15,8,7,15,1
-9116698326539690996-2409071050,7,15,8,7,15,1
-9116698326539690996-2503081136,3,11,8,3,11,1
-9116698326539690996-2503091136,3,11,8,3,11,1
-9116698326539690996-2503101136,3,11,8,3,11,1
-9116698326539690996-2503111136,3,11,8,3,11,1
-9116698326539690996-2503121136,3,11,8,3,11,1
-9116698326539690996-2503131136,3,11,8,3,11,1
-9116698326539690996-2503141136,3,11,8,3,11,1
-9116698326539690996-2503151136,3,11,8,3,11,1
-9116698326539690996-2503161136,3,11,8,3,11,1
-9116698326539690996-2503171136,3,11,8,3,11,1
-9116698326539690996-2503181136,3,11,8,3,11,1
-9116698326539690996-2503191136,3,11,8,3,11,1
-9116698326539690996-2503201136,3,11,8,3,11,1
-9116698326539690996-2503211136,3,11,8,3,11,1
-9116698326539690996-2507261134,3,11,8,3,11,1
-9116698326539690996-2507271134,3,11,8,3,11,1
-9116698326539690996-2507281134,3,11,8,3,11,1
-9116698326539690996-2507291134,3,11,8,3,11,1
-9116698326539690996-2507301134,3,11,8,3,11,1
-9116698326539690996-2507311134,3,11,8,3,11,1
-9116698326539690996-2508011134,3,11,8,3,11,1
-9116698326539690996-2508021040,8,16,8,8,16,1
-9116698326539690996-2508031040,8,16,8,8,16,1
-956541189129476862-2411280742,9,16,7,9,16,1
-956541189129476862-2503281413,7,17,9,7,17,2
-956541189129476862-2503311413,7,17,9,7,17,2
1017582578470993001-2407010416,2,11,7,2,11,3
1017582578470993001-2407020423,2,11,7,2,11,3
1017582578470993001-2407030423,2,11,7,2,11,3
1017582578470993001-2407040423,2,11,7,2,11,3
1017582578470993001-2407050423,2,11,7,2,11,3
1017582578470993001-2407060423,2,11,7,2,11,3
1017582578470993001-2407080416,2,11,7,2,11,3
1017582578470993001-2407090416,2,11,7,2,11,3
1017582578470993001-2407100416,2,11,7,2,11,3
1017582578470993001-2407110416,2,11,7,2,11,3
1017582578470993001-2407120416,2,11,7,2,11,3
1017582578470993001-2407130423,2,11,7,2,11,3
1017582578470993001-2407150416,2,11,7,2,11,3
1017582578470993001-2407160416,2,11,7,2,11,3
1017582578470993001-2407170416,2,11,7,2,11,3
1017582578470993001-2407180404,2,11,7,2,11,3
1017582578470993001-2407190404,2,11,7,2,11,3
1017582578470993001-2407200423,2,11,7,2,11,3
1017582578470993001-2407220423,2,11,7,2,11,3
1017582578470993001-2407230423,2,11,7,2,11,3
1017582578470993001-2407240423,2,11,7,2,11,3
1017582578470993001-2407250423,2,11,7,2,11,3
1017582578470993001-2407260423,2,11,7,2,11,3
1017582578470993001-2408160423,2,11,7,2,11,3
1017582578470993001-2408170423,2,11,7,2,11,3
1017582578470993001-2408190423,2,11,7,2,11,3
1017582578470993001-2408200423,2,11,7,2,11,3
1017582578470993001-2408210423,2,11,7,2,11,3
1017582578470993001-2408220423,2,11,7,2,11,3
1017582578470993001-2408230423,2,11,7,2,11,3
1017582578470993001-2408240423,2,11,7,2,11,3
1017582578470993001-2408260423,2,11,7,2,11,3
1017582578470993001-2408270423,2,11,7,2,11,3
1017582578470993001-2408280423,2,11,7,2,11,3
1017582578470993001-2408290423,2,11,7,2,11,3
1017582578470993001-2408300423,2,11,7,2,11,3
1017582578470993001-2409020423,2,11,7,2,11,3
1017582578470993001-2409030423,2,11,7,2,11,3
1017582578470993001-2409040423,2,11,7,2,11,3
1017582578470993001-2409050423,2,11,7,2,11,3
1017582578470993001-2409060423,2,11,7,2,11,3
1017582578470993001-2409070423,2,11,7,2,11,3
1017582578470993001-2409090423,2,11,7,2,11,3
1017582578470993001-2409100423,2,11,7,2,11,3
1017582578470993001-2409110423,2,11,7,2,11,3
1017582578470993001-2409120423,2,11,7,2,11,3
1017582578470993001-2409130423,2,11,7,2,11,3
1017582578470993001-2409140423,2,11,7,2,11,3
1017582578470993001-2409160423,2,11,7,2,11,3
1017582578470993001-2409170423,2,11,7,2,11,3
1017582578470993001-2409180423,2,11,7,2,11,3
1017582578470993001-2409190423,2,11,7,2,11,3
1017582578470993001-2409230423,2,10,8,2,10,1
1017582578470993001-2409240423,2,10,6,2,10,3
1017582578470993001-2409250423,2,10,6,2,10,3
1017582578470993001-2409260423,2,10,6,2,10,3
1017582578470993001-2409270423,2,10,6,2,10,3
1017582578470993001-2409280423,2,10,6,2,10,3
1017582578470993001-2409300423,2,10,6,2,10,3
1017582578470993001-2410010423,2,10,6,2,10,3
1017582578470993001-2410020423,2,10,6,2,10,3
1017582578470993001-2410030423,2,10,6,2,10,3
1017582578470993001-2410040423,2,10,6,2,10,3
1017582578470993001-2410050423,2,11,7,2,11,3
1017582578470993001-2410070423,2,11,7,2,11,3
1017582578470993001-2410080423,2,11,7,2,11,3
1017582578470993001-2410090423,2,11,7,2,11,3
1017582578470993001-2410100423,2,11,7,2,11,3
1017582578470993001-2410110423,2,11,7,2,11,3
1017582578470993001-2410120423,2,11,7,2,11,3
1017582578470993001-2410140423,2,11,7,2,11,3
1017582578470993001-2410150423,2,11,7,2,11,3
1017582578470993001-2410160423,2,11,7,2,11,3
1017582578470993001-2410170423,2,11,7,2,11,3
1017582578470993001-2410180423,2,11,7,2,11,3
1017582578470993001-2410190357,2,11,7,2,11,3
1017582578470993001-2410210357,2,11,7,2,11,3
1017582578470993001-2410220357,2,11,7,2,11,3
1017582578470993001-2410230357,2,11,7,2,11,3
1017582578470993001-2410240357,2,11,7,2,11,3
1017582578470993001-2410250402,2,11,7,2,11,3
1017582578470993001-2410260423,2,10,8,2,10,1
1017582578470993001-2410280423,2,10,8,2,10,1
1017582578470993001-2410290423,2,10,8,2,10,1
1017582578470993001-2410300423,2,10,8,2,10,1
1017582578470993001-2410310423,2,10,8,2,10,1
1017582578470993001-2411010423,2,10,8,2,10,1
1017582578470993001-2411040404,2,11,7,2,11,3
1017582578470993001-2411050404,2,11,7,2,11,3
1017582578470993001-2411060404,2,11,7,2,11,3
1017582578470993001-2411070404,2,11,7,2,11,3
1017582578470993001-2411080404,2,11,7,2,11,3
1017582578470993001-2411090404,2,11,7,2,11,3
1017582578470993001-2411110404,2,11,7,2,11,3
1017582578470993001-2411120404,2,11,7,2,11,3
1017582578470993001-2411130404,2,11,7,2,11,3
1017582578470993001-2411140404,2,11,7,2,11,3
1017582578470993001-2411150404,2,11,7,2,11,3
1017582578470993001-2411160404,2,11,7,2,11,3
1017582578470993001-2411180358,2,11,7,2,11,3
1017582578470993001-2411190404,2,11,7,2,11,3
1017582578470993001-2411200404,2,11,7,2,11,3
1017582578470993001-2411210404,2,11,7,2,11,3
1017582578470993001-2412160402,2,11,7,2,11,3
1017582578470993001-2412170402,2,11,7,2,11,3
1017582578470993001-2412180402,2,11,7,2,11,3
1017582578470993001-2412190402,2,11,7,2,11,3
1017582578470993001-2412200402,2,11,7,2,11,3
1017582578470993001-2412210402,2,11,7,2,11,3
1017582578470993001-2412230422,2,11,7,2,11,3
1017582578470993001-2412240422,2,11,7,2,11,3
1017582578470993001-2412270422,2,11,7,2,11,3
1017582578470993001-2412280422,2,11,7,2,11,3
1017582578470993001-2412300422,2,11,7,2,11,3
1017582578470993001-2412310422,2,11,7,2,11,3
1017582578470993001-2501020422,2,11,7,2,11,3
1017582578470993001-2501030422,2,11,7,2,11,3
1017582578470993001-2501040422,2,11,7,2,11,3
1017582578470993001-2501060422,2,11,7,2,11,3
1017582578470993001-2501070422,2,11,7,2,11,3
1017582578470993001-2501080422,2,11,7,2,11,3
1017582578470993001-2501090422,2,11,7,2,11,3
1017582578470993001-2501100422,2,11,7,2,11,3
1017582578470993001-2501110422,2,11,7,2,11,3
1017582578470993001-2501130422,2,11,7,2,11,3
1017582578470993001-2501140422,2,11,7,2,11,3
1017582578470993001-2501150422,2,11,7,2,11,3
1017582578470993001-2501160422,2,11,7,2,11,3
1017582578470993001-2501170422,2,11,7,2,11,3
1017582578470993001-2501180422,2,11,7,2,11,3
1017582578470993001-2501200422,2,11,7,2,11,3
1017582578470993001-2501210422,2,11,7,2,11,3
1017582578470993001-2501220422,2,11,7,2,11,3
1017582578470993001-2501230422,2,11,7,2,11,3
1017582578470993001-2501240422,2,11,7,2,11,3
1017582578470993001-2501250422,2,11,7,2,11,3
1017582578470993001-2501270422,2,11,7,2,11,3
1017582578470993001-2501280422,2,11,7,2,11,3
1017582578470993001-2501290422,2,11,7,2,11,3
1017582578470993001-2501300422,2,11,7,2,11,3
1017582578470993001-2501310422,2,11,7,2,11,3
1017582578470993001-2502010422,2,11,7,2,11,3
1017582578470993001-2502030422,2,11,7,2,11,3
1017582578470993001-2502040422,2,11,7,2,11,3
1017582578470993001-2502050422,2,11,7,2,11,3
1017582578470993001-2502060422,2,11,7,2,11,3
1017582578470993001-2502070422,2,11,7,2,11,3
1017582578470993001-2502080415,2,11,7,2,11,3
1017582578470993001-2502100422,2,11,7,2,11,3
1017582578470993001-2502110422,2,11,7,2,11,3
1017582578470993001-2502120422,2,11,7,2,11,3
1017582578470993001-2502130422,2,11,7,2,11,3
1017582578470993001-2502140422,2,11,7,2,11,3
1017582578470993001-2502150422,2,11,7,2,11,3
1017582578470993001-2502170422,2,11,7,2,11,3
1017582578470993001-2502200422,2,11,7,2,11,3
1017582578470993001-2502210422,2,11,7,2,11,3
1017582578470993001-2502220422,2,11,7,2,11,3
1017582578470993001-2502240422,2,11,7,2,11,3
1017582578470993001-2502250422,2,11,7,2,11,3
1017582578470993001-2502260422,2,11,7,2,11,3
1017582578470993001-2502270422,2,11,7,2,11,3
1017582578470993001-2502280422,2,11,7,2,11,3
1017582578470993001-2503010422,2,11,7,2,11,3
1017582578470993001-2503030422,2,11,7,2,11,3
1017582578470993001-2503040422,2,11,7,2,11,3
1017582578470993001-2503050422,2,11,7,2,11,3
1017582578470993001-2503060422,2,11,7,2,11,3
1017582578470993001-2503070422,2,11,7,2,11,3
1017582578470993001-2503080416,2,11,7,2,11,3
1017582578470993001-2503100422,2,11,7,2,11,3
1017582578470993001-2503110422,2,11,7,2,11,3
1017582578470993001-2503120422,2,11,7,2,11,3
1017582578470993001-2503130422,2,11,7,2,11,3
1017582578470993001-2503140422,2,11,7,2,11,3
1017582578470993001-2503150422,2,11,7,2,11,3
1017582578470993001-2503170422,2,11,7,2,11,3
1017582578470993001-2503190422,2,11,7,2,11,3
1017582578470993001-2503200422,2,11,7,2,11,3
1017582578470993001-2503210422,2,11,7,2,11,3
1017582578470993001-2503240422,2,11,7,2,11,3
1017582578470993001-2503250422,2,13,7,2,13,5
1017582578470993001-2503260422,2,13,7,2,13,5
1017582578470993001-2503270422,2,11,7,2,11,3
1017582578470993001-2503280422,2,11,7,2,11,3
1017582578470993001-2503290422,2,11,7,2,11,3
1017582578470993001-2503310422,2,11,7,2,11,3
1017582578470993001-2504010422,2,11,7,2,11,3
1017582578470993001-2504020422,2,11,7,2,11,3
1017582578470993001-2504030422,2,11,7,2,11,3
1017582578470993001-2504040422,2,11,7,2,11,3
1017582578470993001-2504050417,2,11,7,2,11,3
1017582578470993001-2504070422,2,11,7,2,11,3
1017582578470993001-2504080422,2,11,7,2,11,3
1017582578470993001-2504090422,2,11,7,2,11,3
1017582578470993001-2504100422,2,11,7,2,11,3
1017582578470993001-2504110422,2,11,7,2,11,3
1017582578470993001-2504120422,2,9,7,2,9,1
1017582578470993001-2504140422,2,9,7,2,9,1
1017582578470993001-2504160422,2,9,7,2,9,1
1017582578470993001-2504170422,2,9,7,2,9,1
1017582578470993001-2504180422,2,9,7,2,9,1
1017582578470993001-2504220422,2,11,7,2,11,3
1017582578470993001-2504230422,2,11,7,2,11,3
1017582578470993001-2504240422,2,11,7,2,11,3
1017582578470993001-2504250422,2,11,7,2,11,3
1017582578470993001-2504260422,2,11,7,2,11,3
1017582578470993001-2504280422,2,11,7,2,11,3
1017582578470993001-2504290422,2,11,7,2,11,3
1017582578470993001-2504300422,2,11,7,2,11,3
1017582578470993001-2505010422,2,11,7,2,11,3
1017582578470993001-2505020422,2,11,7,2,11,3
1017582578470993001-2505030417,2,11,7,2,11,3
1017582578470993001-2505050422,2,11,7,2,11,3
1017582578470993001-2505060422,2,11,7,2,11,3
1017582578470993001-2505070422,2,11,7,2,11,3
1017582578470993001-2505080422,2,11,7,2,11,3
1017582578470993001-2505090422,2,11,7,2,11,3
1017582578470993001-2505100422,2,11,7,2,11,3
1017582578470993001-2505120422,2,11,7,2,11,3
1017582578470993001-2505130422,2,11,7,2,11,3
1017582578470993001-2505140422,2,11,7,2,11,3
1017582578470993001-2505150422,2,11,7,2,11,3
1017582578470993001-2505160422,2,11,7,2,11,3
1017582578470993001-2505170422,2,11,7,2,11,3
1017582578470993001-2505190422,2,11,7,2,11,3
1017582578470993001-2505200422,2,11,7,2,11,3
1017582578470993001-2505210409,2,11,7,2,11,3
1017582578470993001-2505220409,2,11,7,2,11,3
1017582578470993001-2505230409,2,11,7,2,11,3
1017582578470993001-2505240422,2,11,7,2,11,3
1017582578470993001-2505260422,2,11,7,2,11,3
1017582578470993001-2505270422,2,11,7,2,11,3
1017582578470993001-2505280409,2,11,7,2,11,3
1017582578470993001-2505290409,2,11,7,2,11,3
1017582578470993001-2505300409,2,11,7,2,11,3
1017582578470993001-2505310417,2,11,7,2,11,3
1017582578470993001-2506020422,2,11,7,2,11,3
1017582578470993001-2506030422,2,11,7,2,11,3
1017582578470993001-2506040422,2,11,7,2,11,3
1017582578470993001-2506050423,2,11,7,2,11,3
1017582578470993001-2506060423,2,11,7,2,11,3
1017582578470993001-2506070422,2,11,7,2,11,3
1017582578470993001-2506100419,2,11,7,2,11,3
1017582578470993001-2506110422,2,11,7,2,11,3
1017582578470993001-2506120422,2,11,7,2,11,3
1017582578470993001-2506130422,2,11,7,2,11,3
1017582578470993001-2506160422,2,11,7,2,11,3
1017582578470993001-2506170422,2,11,7,2,11,3
1017582578470993001-2506180422,2,12,7,2,12,4
1017582578470993001-2506190422,2,12,7,2,12,4
1017582578470993001-2506200422,2,11,7,2,11,3
1017582578470993001-2506210422,2,11,7,2,11,3
1017582578470993001-2506230422,2,11,7,2,11,3
1017582578470993001-2506240422,2,11,7,2,11,3
1017582578470993001-2506250422,2,11,7,2,11,3
1017582578470993001-2506260422,2,11,7,2,11,3
1017582578470993001-2506270422,2,13,7,2,13,5
1017582578470993001-2506280422,2,13,7,2,13,5
1017582578470993001-2506300422,2,13,7,2,13,5
1017582578470993001-2507010422,2,13,7,2,13,5
1017582578470993001-2507020422,2,13,7,2,13,5
1017582578470993001-2507030422,2,13,7,2,13,5
1017582578470993001-2507040422,2,13,7,2,13,5
1017582578470993001-2507050422,2,13,7,2,13,5
1017582578470993001-2507070422,2,13,7,2,13,5
1017582578470993001-2507080422,2,13,7,2,13,5
1017582578470993001-2507100422,2,13,7,2,13,5
1017582578470993001-2507110422,2,13,7,2,13,5
1017582578470993001-2507120422,2,11,7,2,11,3
1017582578470993001-2507140422,2,11,7,2,11,3
1017582578470993001-2507150422,2,11,7,2,11,3
1017582578470993001-2507160422,2,11,7,2,11,3
1017582578470993001-2507170422,2,11,7,2,11,3
1017582578470993001-2507180423,2,11,7,2,11,3
1017582578470993001-2507190422,2,11,7,2,11,3
1017582578470993001-2507210422,2,11,7,2,11,3
1017582578470993001-2507220423,2,11,7,2,11,3
1017582578470993001-2507230422,2,11,7,2,11,3
1017582578470993001-2507240422,2,11,7,2,11,3
1017582578470993001-2507250410,2,11,7,2,11,3
1017582578470993001-2507260422,2,11,7,2,11,3
1017582578470993001-2507280422,2,11,7,2,11,3
1017582578470993001-2507290422,2,11,7,2,11,3
1017582578470993001-2507300422,2,11,7,2,11,3
1017582578470993001-2507310422,2,11,6,2,11,4
1017582578470993001-2508010422,2,11,7,2,11,3
1017582578470993001-2508020422,2,11,7,2,11,3
1017582578470993001-2508040422,2,11,7,2,11,3
1017582578470993001-2508050422,2,11,7,2,11,3
1017582578470993001-2508060422,2,11,7,2,11,3
1017582578470993001-2508070422,2,11,7,2,11,3
1017582578470993001-2508080423,2,11,7,2,11,3
1017582578470993001-2508090422,2,11,7,2,11,3
1017582578470993001-2508110422,2,11,7,2,11,3
1017582578470993001-2508120422,2,11,7,2,11,3
1017582578470993001-2508130422,2,11,7,2,11,3
1017582578470993001-2508140422,2,11,7,2,11,3
1017582578470993001-2508150422,2,11,7,2,11,3
1017582578470993001-2508160422,2,12,8,2,12,3
1017582578470993001-2508180422,2,12,8,2,12,3
1017582578470993001-2508190422,2,12,8,2,12,3
1017582578470993001-2508200422,2,12,8,2,12,3
1017582578470993001-2508210422,2,12,8,2,12,3
1017582578470993001-2508220410,2,12,8,2,12,3
1017582578470993001-2508230422,2,12,8,2,12,3
1017582578470993001-2508250421,2,9,7,2,9,1
1017582578470993001-2508260421,2,9,7,2,9,1
1017582578470993001-2508270422,2,9,7,2,9,1
1017582578470993001-2508280422,2,9,7,2,9,1
1017582578470993001-2508290422,2,9,7,2,9,1
1017582578470993001-2508300422,2,9,7,2,9,1
1017582578470993001-2509010422,2,9,7,2,9,1
1017582578470993001-2509020422,2,103,7,2,103,95
1017582578470993001-2509030422,2,103,7,2,103,95
1017582578470993001-2509040422,2,103,7,2,103,95
1017582578470993001-2509050421,2,103,7,2,103,95
1017582578470993001-2509060421,2,103,7,2,103,95
1017582578470993001-2509080421,2,103,7,2,103,95
1017582578470993001-2509090422,2,11,7,2,11,3
1017582578470993001-2509100422,2,11,7,2,11,3
1017582578470993001-2509110422,2,11,7,2,11,3
1017582578470993001-2509120422,2,11,7,2,11,3
1017582578470993001-2509130422,2,11,7,2,11,3
1017582578470993001-2509150422,2,11,7,2,11,3
1017582578470993001-2509160422,2,11,7,2,11,3
1017582578470993001-2509170422,2,11,7,2,11,3
1017582578470993001-2509180422,2,11,7,2,11,3
1017582578470993001-2509190423,2,11,7,2,11,3
1017582578470993001-2509200422,2,11,7,2,11,3
1017582578470993001-2509220422,2,11,7,2,11,3
1017582578470993001-2509230422,2,11,7,2,11,3
1017582578470993001-2509240327,2,10,6,2,10,3
1017582578470993001-2509250327,2,10,6,2,10,3
1017582578470993001-2509290327,2,10,6,2,10,3
1017582578470993001-2509300327,2,10,6,2,10,3
1017582578470993001-2510010327,2,10,6,2,10,3
1017582578470993001-2510020327,2,10,6,2,10,3
1017582578470993001-2510030327,2,10,6,2,10,3
1017582578470993001-2510040327,2,10,6,2,10,3
1017582578470993001-2510060327,2,10,6,2,10,3
1017582578470993001-2510070327,2,10,6,2,10,3
1017582578470993001-2510110301,2,11,8,2,11,2
1017582578470993001-2510130327,2,10,6,2,10,3
1017582578470993001-2510140327,2,10,6,2,10,3
1017582578470993001-2510150327,2,10,6,2,10,3
1017582578470993001-2510160327,2,10,6,2,10,3
1017582578470993001-2510170327,2,10,6,2,10,3
1017582578470993001-2510180327,2,10,6,2,10,3
1017582578470993001-2510200318,2,10,6,2,10,3
1017582578470993001-2510210318,2,10,6,2,10,3
1017582578470993001-2510220318,2,10,6,2,10,3
1017582578470993001-2510230318,2,10,6,2,10,3
1017582578470993001-2510270327,2,10,6,2,10,3
1017582578470993001-2510280327,2,10,6,2,10,3
1017582578470993001-2510300327,2,10,6,2,10,3
1017582578470993001-2510310327,2,10,6,2,10,3
1017582578470993001-2511010327,2,10,6,2,10,3
1024888222684335393-2510280836,1,8,7,1,8,1
1087956812489405566-2505201413,7,17,9,7,17,2
1191514773404937193-2510251242,2,8,6,2,8,1
1191514773404937193-2510291242,2,8,6,2,8,1
1258188596050706601-2503081937,3,18,12,3,18,4
1258188596050706601-2503091931,3,17,11,3,17,4
1258188596050706601-2503101937,3,19,12,3,19,5
1258188596050706601-2503111937,3,19,12,3,19,5
1258188596050706601-2503121937,3,19,12,3,19,5
1258188596050706601-2503131937,3,19,12,3,19,5
1258188596050706601-2503141934,3,18,12,3,18,4
1258188596050706601-2503151934,3,18,12,3,18,4
1258188596050706601-2503161935,3,18,12,3,18,4
1258188596050706601-2503171747,3,17,11,3,17,4
1258188596050706601-2503181937,3,18,12,3,18,4
1258188596050706601-2503191937,3,19,12,3,19,5
1258188596050706601-2503201937,3,19,12,3,19,5
1258188596050706601-2503211937,3,19,12,3,19,5
1258188596050706601-2507261937,3,19,12,3,19,5
1258188596050706601-2507271937,3,19,12,3,19,5
1258188596050706601-2507281937,3,19,12,3,19,5
1258188596050706601-2507291937,3,19,12,3,19,5
1258188596050706601-2507301937,3,19,10,3,19,7
1258188596050706601-2507311937,3,20,14,3,20,4
1258188596050706601-2508011812,4,20,12,4,20,5
1258188596050706601-2508021849,6,22,12,6,22,5
1258188596050706601-2508031849,6,22,12,6,22,5
12818502356575353-2407070926,1,14,12,1,14,2
12818502356575353-2407140926,1,14,12,1,14,2
12818502356575353-2504300903,1,14,11,1,14,3
12818502356575353-2509240925,1,15,14,1,15,1
12818502356575353-2509250925,1,15,14,1,15,1
12818502356575353-2509260925,1,15,14,1,15,1
12818502356575353-2509270925,1,15,14,1,15,1
12818502356575353-2509280925,1,15,14,1,15,1
12818502356575353-2509290925,1,15,14,1,15,1
12818502356575353-2509300925,1,15,14,1,15,1
12818502356575353-2510010926,1,16,15,1,16,1
12818502356575353-2510020926,1,16,15,1,16,1
12818502356575353-2510030926,1,16,15,1,16,1
12818502356575353-2510040926,1,16,15,1,16,1
12818502356575353-2510050926,1,16,15,1,16,1
12818502356575353-2510060926,1,16,15,1,16,1
12818502356575353-2510070926,1,16,15,1,16,1
12818502356575353-2510080926,1,16,15,1,16,1
12818502356575353-2510090926,1,16,15,1,16,1
12818502356575353-2510100926,1,16,15,1,16,1
12818502356575353-2510110926,1,16,15,1,16,1
12818502356575353-2510120926,1,16,15,1,16,1
12818502356575353-2510130926,1,16,15,1,16,1
12818502356575353-2510140926,1,16,15,1,16,1
12818502356575353-2510150926,1,16,15,1,16,1
12818502356575353-2510160926,1,16,15,1,16,1
12818502356575353-2510170926,1,16,15,1,16,1
12818502356575353-2510180926,1,16,15,1,16,1
12818502356575353-2510190926,1,16,15,1,16,1
12818502356575353-2510200926,1,16,15,1,16,1
12818502356575353-2510210926,1,16,15,1,16,1
12818502356575353-2510220926,1,16,15,1,16,1
12818502356575353-2510230926,1,16,15,1,16,1
12818502356575353-2510240926,1,16,15,1,16,1
12818502356575353-2510300926,1,16,15,1,16,1
12818502356575353-2510310926,1,16,15,1,16,1
12818502356575353-2511010926,1,16,15,1,16,1
12818502356575353-2511020926,1,16,15,1,16,1
135707440745120616-2509060718,8,15,7,8,15,1
1383839679032588743-2407160617,5,13,7,5,13,2
1383839679032588743-2408091420,5,14,8,5,14,2
1383839679032588743-2409100534,7,15,7,7,15,2
1383839679032588743-2502040617,5,13,7,5,13,2
1467273773993904365-2503211053,4,17,12,4,17,2
1467273773993904365-2503241053,4,17,12,4,17,2
1467273773993904365-2503271053,4,17,12,4,17,2
1467273773993904365-2503281053,4,17,12,4,17,2
1467273773993904365-2503291053,4,17,12,4,17,2
1467273773993904365-2503301053,4,17,12,4,17,2
1467273773993904365-2503311053,4,17,12,4,17,2
1467273773993904365-2504011053,4,17,12,4,17,2
1467273773993904365-2504021053,4,17,12,4,17,2
1467273773993904365-2504031053,4,17,12,4,17,2
1467273773993904365-2504041053,4,17,12,4,17,2
1530853161902385697-2407060734,1,11,9,1,11,2
1530853161902385697-2407070734,1,11,9,1,11,2
1530853161902385697-2407130734,1,11,9,1,11,2
1530853161902385697-2407140734,1,11,9,1,11,2
1530853161902385697-2407200734,1,11,9,1,11,2
1530853161902385697-2407210734,1,11,9,1,11,2
1530853161902385697-2407270655,1,10,8,1,10,2
1530853161902385697-2407280655,1,10,8,1,10,2
1530853161902385697-2408030655,1,10,8,1,10,2
1530853161902385697-2408040655,1,10,8,1,10,2
1530853161902385697-2408100655,1,11,9,1,11,2
1530853161902385697-2408110655,1,11,9,1,11,2
1530853161902385697-2408170734,1,11,9,1,11,2
1530853161902385697-2408180734,1,11,9,1,11,2
1530853161902385697-2408240734,1,11,9,1,11,2
1530853161902385697-2408250734,1,11,9,1,11,2
1530853161902385697-2408310734,1,10,8,1,10,2
1530853161902385697-2409010734,1,10,8,1,10,2
1530853161902385697-2409070734,1,11,9,1,11,2
1530853161902385697-2409080734,1,11,9,1,11,2
1530853161902385697-2409140734,1,11,9,1,11,2
1530853161902385697-2409150734,1,11,9,1,11,2
1530853161902385697-2409280734,1,10,8,1,10,2
1530853161902385697-2409290734,1,10,8,1,10,2
1530853161902385697-2410050734,1,11,9,1,11,2
1530853161902385697-2410060734,1,11,9,1,11,2
1530853161902385697-2410120734,1,11,9,1,11,2
1530853161902385697-2410130734,1,11,9,1,11,2
1530853161902385697-2410190734,1,11,9,1,11,2
1530853161902385697-2410200734,1,11,9,1,11,2
1530853161902385697-2411020734,1,11,9,1,11,2
1530853161902385697-2411030734,1,11,9,1,11,2
1530853161902385697-2411090725,1,12,9,1,12,3
1530853161902385697-2411100725,1,12,9,1,12,3
1530853161902385697-2411160725,1,12,9,1,12,3
1530853161902385697-2411170725,1,12,9,1,12,3
1530853161902385697-2411300727,1,9,7,1,9,2
1530853161902385697-2412010727,1,9,7,1,9,2
1530853161902385697-2412070734,1,11,9,1,11,2
1530853161902385697-2412080734,1,11,9,1,11,2
1530853161902385697-2412140734,1,11,9,1,11,2
1530853161902385697-2412150734,1,11,9,1,11,2
1530853161902385697-2412210734,1,11,9,1,11,2
1530853161902385697-2412220734,1,11,9,1,11,2
1530853161902385697-2412240734,1,11,9,1,11,2
1530853161902385697-2412250734,1,11,9,1,11,2
1530853161902385697-2412260734,1,11,9,1,11,2
1530853161902385697-2412280734,1,11,9,1,11,2
1530853161902385697-2412290734,1,11,9,1,11,2
1530853161902385697-2412310734,1,11,9,1,11,2
1530853161902385697-2501010734,1,11,9,1,11,2
1530853161902385697-2501040734,1,11,9,1,11,2
1530853161902385697-2501050734,1,11,9,1,11,2
1530853161902385697-2501110734,1,11,9,1,11,2
1530853161902385697-2501120734,1,11,9,1,11,2
1530853161902385697-2501180734,1,11,9,1,11,2
1530853161902385697-2501190734,1,11,9,1,11,2
1530853161902385697-2501250734,1,11,9,1,11,2
1530853161902385697-2501260734,1,11,9,1,11,2
1530853161902385697-2502010734,1,11,9,1,11,2
1530853161902385697-2502020734,1,11,9,1,11,2
1530853161902385697-2502080734,1,11,9,1,11,2
1530853161902385697-2502090734,1,11,9,1,11,2
1530853161902385697-2502150734,1,11,9,1,11,2
1530853161902385697-2502160734,1,11,9,1,11,2
1530853161902385697-2502220731,1,11,9,1,11,2
1530853161902385697-2502230731,1,11,9,1,11,2
1530853161902385697-2503010731,1,11,9,1,11,2
1530853161902385697-2503020731,1,11,9,1,11,2
1530853161902385697-2503080731,1,11,9,1,11,2
1530853161902385697-2503090731,1,11,9,1,11,2
1530853161902385697-2503150731,1,11,9,1,11,2
1530853161902385697-2503160731,1,11,9,1,11,2
1530853161902385697-2503290731,1,11,9,1,11,2
1530853161902385697-2503300731,1,11,9,1,11,2
1530853161902385697-2504050731,1,11,9,1,11,2
1530853161902385697-2504060731,1,11,9,1,11,2
1530853161902385697-2504120731,1,11,9,1,11,2
1530853161902385697-2504130731,1,11,9,1,11,2
1530853161902385697-2504180734,1,11,9,1,11,2
1530853161902385697-2504260734,1,11,9,1,11,2
1530853161902385697-2504270734,1,11,9,1,11,2
1530853161902385697-2505010734,1,11,9,1,11,2
1530853161902385697-2505030734,1,11,9,1,11,2
1530853161902385697-2505040734,1,11,9,1,11,2
1530853161902385697-2505100734,1,11,9,1,11,2
1530853161902385697-2505110734,1,11,9,1,11,2
1530853161902385697-2505170734,1,11,9,1,11,2
1530853161902385697-2505180734,1,11,9,1,11,2
1530853161902385697-2505240734,1,11,9,1,11,2
1530853161902385697-2505250734,1,11,9,1,11,2
1530853161902385697-2505290734,1,11,9,1,11,2
1530853161902385697-2505310734,1,11,9,1,11,2
1530853161902385697-2506010734,1,11,9,1,11,2
1530853161902385697-2506070734,1,11,9,1,11,2
1530853161902385697-2506080734,1,11,9,1,11,2
1530853161902385697-2506090734,1,11,9,1,11,2
1530853161902385697-2506140734,1,11,9,1,11,2
1530853161902385697-2506150734,1,11,9,1,11,2
1530853161902385697-2506210734,1,11,9,1,11,2
1530853161902385697-2506220734,1,11,9,1,11,2
1530853161902385697-2506280734,1,11,7,1,11,4
1530853161902385697-2506290734,1,11,7,1,11,4
1530853161902385697-2507050734,1,11,7,1,11,4
1530853161902385697-2507060734,1,11,7,1,11,4
1530853161902385697-2507120734,1,11,9,1,11,2
1530853161902385697-2507130734,1,11,9,1,11,2
1530853161902385697-2507190800,1,11,9,1,11,2
1530853161902385697-2507200800,1,11,9,1,11,2
1530853161902385697-2507260734,1,11,9,1,11,2
1530853161902385697-2507270734,1,11,9,1,11,2
1530853161902385697-2508020734,1,11,9,1,11,2
1530853161902385697-2508030734,1,11,9,1,11,2
1530853161902385697-2508090734,1,11,9,1,11,2
1530853161902385697-2508100734,1,11,9,1,11,2
1530853161902385697-2508160734,1,11,9,1,11,2
1530853161902385697-2508170734,1,11,9,1,11,2
1530853161902385697-2508230734,1,11,9,1,11,2
1530853161902385697-2508240734,1,11,9,1,11,2
1530853161902385697-2508300733,1,10,8,1,10,2
1530853161902385697-2508310733,1,10,8,1,10,2
1530853161902385697-2509060733,1,11,9,1,11,2
1530853161902385697-2509070733,1,11,9,1,11,2
1530853161902385697-2509130734,1,11,9,1,11,2
1530853161902385697-2509140734,1,11,9,1,11,2
1530853161902385697-2509200734,1,8,7,1,8,1
1530853161902385697-2509210734,1,8,7,1,8,1
1530853161902385697-2509240634,1,10,8,1,10,2
1530853161902385697-2509250634,1,10,8,1,10,2
1530853161902385697-2509260634,1,10,8,1,10,2
1530853161902385697-2509270634,1,10,8,1,10,2
1530853161902385697-2509280634,1,10,8,1,10,2
1530853161902385697-2509290634,1,10,8,1,10,2
1530853161902385697-2509300634,1,10,8,1,10,2
1530853161902385697-2510010634,1,10,8,1,10,2
1530853161902385697-2510020634,1,10,8,1,10,2
1530853161902385697-2510030634,1,10,8,1,10,2
1530853161902385697-2510040634,1,10,8,1,10,2
1530853161902385697-2510050634,1,10,8,1,10,2
1530853161902385697-2510060634,1,10,8,1,10,2
1530853161902385697-2510070634,1,10,8,1,10,2
1530853161902385697-2510080634,1,10,8,1,10,2
1530853161902385697-2510090634,1,10,8,1,10,2
1530853161902385697-2510100634,1,10,8,1,10,2
1530853161902385697-2510110634,1,10,9,1,10,1
1530853161902385697-2510120634,1,10,9,1,10,1
1530853161902385697-2510130634,1,10,8,1,10,2
1530853161902385697-2510140634,1,10,8,1,10,2
1530853161902385697-2510150634,1,10,8,1,10,2
1530853161902385697-2510160634,1,10,8,1,10,2
1530853161902385697-2510170634,1,10,8,1,10,2
1530853161902385697-2510180634,1,7,6,1,7,1
1530853161902385697-2510190634,1,7,6,1,7,1
1530853161902385697-2510200634,1,10,8,1,10,2
1530853161902385697-2510210634,1,10,8,1,10,2
1530853161902385697-2510220634,1,10,8,1,10,2
1530853161902385697-2510230634,1,10,8,1,10,2
1530853161902385697-2510240634,1,10,8,1,10,2
1530853161902385697-2510270634,1,7,6,1,7,1
1530853161902385697-2510280634,1,7,6,1,7,1
1530853161902385697-2510300634,1,7,6,1,7,1
1530853161902385697-2510310634,1,7,6,1,7,1
1530853161902385697-2511010634,1,7,6,1,7,1
1530853161902385697-2511020634,1,7,6,1,7,1
1530853161902385697-2605010552,1,100,10,1,100,90
1732077876114918810-2408150913,13,20,6,13,20,2
1732077876114918810-2412010950,11,17,6,11,17,1
1822754184076460612-2408151339,1,8,6,1,8,2
1822754184076460612-2507310526,1,14,12,1,14,2
1831666606994575504-2509050921,7,14,7,7,14,1
1998605701175707829-2510151745,1,9,5,1,9,4
2003487625998297060-2408180957,12,20,7,12,20,2
2003487625998297060-2408190957,12,20,7,12,20,2
2003487625998297060-2408220957,12,20,7,12,20,2
2003487625998297060-2408230957,12,20,7,12,20,2
2003487625998297060-2408240957,12,20,7,12,20,2
2003487625998297060-2408250957,12,20,7,12,20,2
2003487625998297060-2408260957,12,20,7,12,20,2
2003487625998297060-2408290957,12,20,7,12,20,2
2003487625998297060-2408300957,12,20,7,12,20,2
2003487625998297060-2408310957,12,20,7,12,20,2
2003487625998297060-2409010957,12,20,7,12,20,2
2003487625998297060-2409020957,12,20,7,12,20,2
2003487625998297060-2409050957,12,20,7,12,20,2
2003487625998297060-2409060957,12,20,7,12,20,2
2003487625998297060-2409070957,7,15,7,7,15,2
2003487625998297060-2409080957,7,15,7,7,15,2
2003487625998297060-2409090957,12,20,7,12,20,2
2003487625998297060-2409120957,12,20,7,12,20,2
2003487625998297060-2409130957,12,20,7,12,20,2
2003487625998297060-2409140957,7,15,7,7,15,2
2003487625998297060-2409150957,7,15,7,7,15,2
2003487625998297060-2409160957,12,20,7,12,20,2
2003487625998297060-2409190957,12,20,7,12,20,2
2003487625998297060-2409200855,12,20,8,12,20,1
2003487625998297060-2409210855,12,20,8,12,20,1
2003487625998297060-2409220855,12,20,8,12,20,1
2003487625998297060-2409230855,12,19,7,12,19,1
2003487625998297060-2409260957,12,19,6,12,19,2
2003487625998297060-2409270957,12,19,6,12,19,2
2003487625998297060-2409280957,12,19,6,12,19,2
2003487625998297060-2409290957,12,19,6,12,19,2
2003487625998297060-2409300957,12,19,6,12,19,2
2003487625998297060-2410030957,12,19,6,12,19,2
2003487625998297060-2410040957,12,19,6,12,19,2
2003487625998297060-2410050957,12,20,7,12,20,2
2003487625998297060-2410060957,12,20,7,12,20,2
2003487625998297060-2410070957,12,20,7,12,20,2
2003487625998297060-2410100957,12,20,7,12,20,2
2003487625998297060-2410110957,12,20,7,12,20,2
2003487625998297060-2410120957,12,20,7,12,20,2
2003487625998297060-2410130957,12,20,7,12,20,2
2003487625998297060-2410140957,12,20,7,12,20,2
2003487625998297060-2410170957,12,20,7,12,20,2
2003487625998297060-2410180957,12,20,7,12,20,2
2003487625998297060-2410190957,12,20,7,12,20,2
2003487625998297060-2410200957,12,20,7,12,20,2
2003487625998297060-2410210957,12,20,7,12,20,2
2003487625998297060-2410240957,12,20,7,12,20,2
2003487625998297060-2410250957,12,20,7,12,20,2
2003487625998297060-2410260855,12,20,8,12,20,1
2003487625998297060-2410270855,12,20,8,12,20,1
2003487625998297060-2410280855,12,21,9,12,21,1
2003487625998297060-2410310855,12,21,9,12,21,1
2003487625998297060-2411010855,12,21,9,12,21,1
2003487625998297060-2411020957,12,20,7,12,20,2
2003487625998297060-2411030957,12,20,7,12,20,2
2003487625998297060-2411040957,12,20,7,12,20,2
2003487625998297060-2411070957,7,15,7,7,15,2
2003487625998297060-2411080957,7,15,7,7,15,2
2003487625998297060-2411090957,7,15,7,7,15,2
2003487625998297060-2411100957,7,15,7,7,15,2
2003487625998297060-2411110957,7,15,7,7,15,2
2003487625998297060-2411140957,7,15,7,7,15,2
2003487625998297060-2411150957,7,15,7,7,15,2
2003487625998297060-2411300950,11,17,6,11,17,1
2003487625998297060-2412010950,11,17,6,11,17,1
2003487625998297060-2412020951,11,19,7,11,19,2
2003487625998297060-2412050951,11,19,7,11,19,2
2003487625998297060-2412060951,11,19,7,11,19,2
2003487625998297060-2412070950,11,19,7,11,19,2
2003487625998297060-2412080950,11,102,7,11,102,85
2003487625998297060-2412090951,11,19,7,11,19,2
2003487625998297060-2412120951,11,19,7,11,19,2
2003487625998297060-2412130951,11,19,7,11,19,2
2003487625998297060-2412140950,11,19,7,11,19,2
2131238005419391129-2408101755,1,9,6,1,9,3
2131238005419391129-2412201734,1,11,9,1,11,2
2131238005419391129-2508081134,1,11,9,1,11,2
2173268028498717892-2608231634,2,100,10,2,100,89
2261812410716995956-2407081017,5,13,7,5,13,2
2261812410716995956-2407200818,5,13,7,5,13,2
2261812410716995956-2407230511,7,15,8,7,15,1
2261812410716995956-2408060618,5,13,8,5,13,1
2261812410716995956-2408090618,5,13,8,5,13,1
2261812410716995956-2408220635,7,15,8,7,15,1
2261812410716995956-2408280635,7,15,8,7,15,1
2261812410716995956-2409251422,9,18,8,9,18,2
2261812410716995956-2410020534,7,14,6,7,14,2
2261812410716995956-2410100635,7,15,8,7,15,1
2261812410716995956-2410111422,8,18,9,8,18,2
2261812410716995956-2410220635,7,15,8,7,15,1
2261812410716995956-2410260534,7,14,7,7,14,1
2261812410716995956-2411020922,7,15,7,7,15,2
2261812410716995956-2411050635,7,15,8,7,15,1
2261812410716995956-2411121219,9,20,9,9,20,3
2261812410716995956-2411160603,7,16,8,7,16,2
2261812410716995956-2411180418,9,20,9,9,20,3
2261812410716995956-2411200534,7,15,7,7,15,2
2261812410716995956-2411210719,8,16,7,8,16,2
2261812410716995956-2501221318,5,15,9,5,15,2
2261812410716995956-2502110512,7,17,9,7,17,2
2261812410716995956-2502120512,7,17,9,7,17,2
2261812410716995956-2502171419,5,13,7,5,13,2
2261812410716995956-2502270617,5,13,7,5,13,2
2261812410716995956-2504081419,5,13,7,5,13,2
2261812410716995956-2504250512,7,17,9,7,17,2
2261812410716995956-2504270718,5,13,8,5,13,1
2261812410716995956-2506201419,5,13,7,5,13,2
2261812410716995956-2509210634,8,16,8,8,16,1
2269193621654513451-2407010516,2,15,12,2,15,2
2269193621654513451-2407020516,2,15,12,2,15,2
2269193621654513451-2407030516,2,15,12,2,15,2
2269193621654513451-2407040516,2,15,12,2,15,2
2269193621654513451-2407050516,2,15,12,2,15,2
2269193621654513451-2407060516,2,15,12,2,15,2
2269193621654513451-2407070516,2,15,12,2,15,2
2269193621654513451-2407080516,2,15,12,2,15,2
2269193621654513451-2407090516,2,15,12,2,15,2
2269193621654513451-2407100516,2,15,12,2,15,2
2269193621654513451-2407110516,2,15,12,2,15,2
2269193621654513451-2407120516,2,15,12,2,15,2
2269193621654513451-2407130516,2,15,12,2,15,2
2269193621654513451-2407140516,2,15,12,2,15,2
2269193621654513451-2407150516,2,15,12,2,15,2
2269193621654513451-2608270516,2,15,13,2,15,1
235347214713352060-2407011215,5,12,6,5,12,2
235347214713352060-2407021215,5,12,6,5,12,2
235347214713352060-2407031215,5,12,6,5,12,2
235347214713352060-2407041215,5,12,6,5,12,2
235347214713352060-2407051215,5,12,6,5,12,2
235347214713352060-2407061215,5,12,6,5,12,2
235347214713352060-2407071215,5,12,6,5,12,2
235347214713352060-2407081215,5,12,6,5,12,2
235347214713352060-2407091215,5,12,6,5,12,2
235347214713352060-2407101215,5,12,6,5,12,2
235347214713352060-2407111215,5,12,6,5,12,2
235347214713352060-2407121215,5,12,6,5,12,2
235347214713352060-2407131215,5,12,6,5,12,2
235347214713352060-2407141215,5,12,6,5,12,2
235347214713352060-2407151215,5,12,6,5,12,2
235347214713352060-2407161215,5,12,6,5,12,2
235347214713352060-2407171215,5,12,6,5,12,2
235347214713352060-2407181215,5,12,6,5,12,2
235347214713352060-2407191215,5,12,6,5,12,2
235347214713352060-2407201215,5,12,6,5,12,2
235347214713352060-2407211215,5,12,6,5,12,2
235347214713352060-2407221215,5,12,6,5,12,2
235347214713352060-2407231215,5,12,6,5,12,2
235347214713352060-2407241215,5,12,6,5,12,2
235347214713352060-2407251215,5,12,6,5,12,2
235347214713352060-2407261215,5,12,6,5,12,2
235347214713352060-2407271119,5,12,6,5,12,2
235347214713352060-2407281119,5,12,6,5,12,2
235347214713352060-2407291119,5,12,6,5,12,2
235347214713352060-2407301119,5,12,6,5,12,2
235347214713352060-2407311119,5,12,6,5,12,2
235347214713352060-2408011119,5,12,6,5,12,2
235347214713352060-2408021119,5,12,6,5,12,2
235347214713352060-2408031119,5,12,6,5,12,2
235347214713352060-2408041119,5,12,6,5,12,2
235347214713352060-2408051119,5,12,6,5,12,2
235347214713352060-2408061119,5,12,6,5,12,2
235347214713352060-2408071119,5,12,6,5,12,2
235347214713352060-2408081119,5,12,6,5,12,2
235347214713352060-2408091119,5,12,6,5,12,2
235347214713352060-2408101119,5,12,6,5,12,2
235347214713352060-2408111119,5,12,6,5,12,2
235347214713352060-2408121119,5,12,6,5,12,2
235347214713352060-2408131119,5,12,6,5,12,2
235347214713352060-2408141119,5,12,6,5,12,2
235347214713352060-2408151119,5,12,6,5,12,2
235347214713352060-2408161215,5,12,6,5,12,2
235347214713352060-2408171134,7,14,6,7,14,2
235347214713352060-2408181134,7,14,6,7,14,2
235347214713352060-2408191134,7,14,6,7,14,2
235347214713352060-2408201134,7,14,6,7,14,2
235347214713352060-2408211134,7,14,6,7,14,2
235347214713352060-2408221134,7,14,6,7,14,2
235347214713352060-2408231134,7,14,6,7,14,2
235347214713352060-2408241134,7,14,6,7,14,2
235347214713352060-2408251134,7,14,6,7,14,2
235347214713352060-2408261134,7,14,6,7,14,2
235347214713352060-2408271134,7,14,6,7,14,2
235347214713352060-2408281134,7,14,6,7,14,2
235347214713352060-2408291134,7,14,6,7,14,2
235347214713352060-2408301134,7,14,6,7,14,2
235347214713352060-2408311134,7,14,6,7,14,2
235347214713352060-2409011134,7,14,6,7,14,2
235347214713352060-2409021134,7,14,6,7,14,2
235347214713352060-2409031134,7,14,6,7,14,2
235347214713352060-2409041134,7,14,6,7,14,2
235347214713352060-2409051134,7,14,6,7,14,2
235347214713352060-2409061134,7,14,6,7,14,2
235347214713352060-2409071134,7,14,6,7,14,2
235347214713352060-2409081134,7,14,6,7,14,2
235347214713352060-2409091134,7,14,6,7,14,2
235347214713352060-2409101134,7,14,6,7,14,2
235347214713352060-2409111134,7,14,6,7,14,2
235347214713352060-2409121134,7,14,6,7,14,2
235347214713352060-2409131134,7,14,6,7,14,2
235347214713352060-2409141134,7,14,6,7,14,2
235347214713352060-2409151134,7,14,6,7,14,2
235347214713352060-2409161134,7,14,6,7,14,2
235347214713352060-2409171134,7,14,6,7,14,2
235347214713352060-2409181134,7,14,6,7,14,2
235347214713352060-2409191134,7,14,6,7,14,2
235347214713352060-2409201134,7,14,7,7,14,1
235347214713352060-2409211134,7,14,7,7,14,1
235347214713352060-2409221134,7,14,7,7,14,1
235347214713352060-2409231134,7,13,6,7,13,1
235347214713352060-2409241134,7,13,5,7,13,2
235347214713352060-2409251134,7,13,5,7,13,2
235347214713352060-2409261134,7,13,5,7,13,2
235347214713352060-2409271134,7,13,5,7,13,2
235347214713352060-2409281134,7,13,5,7,13,2
235347214713352060-2409291134,7,13,5,7,13,2
235347214713352060-2409301134,7,13,5,7,13,2
235347214713352060-2410011134,7,13,5,7,13,2
235347214713352060-2410021134,7,13,5,7,13,2
235347214713352060-2410031134,7,13,5,7,13,2
235347214713352060-2410041134,7,13,5,7,13,2
235347214713352060-2410051134,7,14,6,7,14,2
235347214713352060-2410061134,7,14,6,7,14,2
235347214713352060-2410071134,7,14,6,7,14,2
235347214713352060-2410081134,7,14,6,7,14,2
235347214713352060-2410091134,7,14,6,7,14,2
235347214713352060-2410101134,7,14,6,7,14,2
235347214713352060-2410111134,7,14,6,7,14,2
235347214713352060-2410121134,7,14,6,7,14,2
235347214713352060-2410131134,7,14,6,7,14,2
235347214713352060-2410141134,7,14,6,7,14,2
235347214713352060-2410151134,7,14,6,7,14,2
235347214713352060-2410161134,7,14,6,7,14,2
235347214713352060-2410171134,7,14,6,7,14,2
235347214713352060-2410181134,7,14,6,7,14,2
235347214713352060-2410191134,7,14,6,7,14,2
235347214713352060-2410201134,7,14,6,7,14,2
235347214713352060-2410211134,7,14,6,7,14,2
235347214713352060-2410221134,7,14,6,7,14,2
235347214713352060-2410231134,7,14,6,7,14,2
235347214713352060-2410241134,7,14,6,7,14,2
235347214713352060-2410251134,7,14,6,7,14,2
235347214713352060-2410261134,7,14,7,7,14,1
235347214713352060-2410271134,7,14,7,7,14,1
235347214713352060-2410281134,7,14,7,7,14,1
235347214713352060-2410291134,7,14,7,7,14,1
235347214713352060-2410301134,7,14,7,7,14,1
235347214713352060-2410311134,7,14,7,7,14,1
235347214713352060-2411011134,7,14,7,7,14,1
235347214713352060-2411021134,7,14,6,7,14,2
235347214713352060-2411031134,7,14,6,7,14,2
235347214713352060-2411041134,7,14,6,7,14,2
235347214713352060-2411051134,7,14,6,7,14,2
235347214713352060-2411061134,7,14,6,7,14,2
235347214713352060-2411071134,7,14,6,7,14,2
235347214713352060-2411081134,7,14,6,7,14,2
235347214713352060-2411091134,7,14,6,7,14,2
235347214713352060-2411101134,7,14,6,7,14,2
235347214713352060-2411111134,7,14,6,7,14,2
235347214713352060-2411121134,7,14,6,7,14,2
235347214713352060-2411131134,7,14,6,7,14,2
235347214713352060-2411141134,7,14,6,7,14,2
235347214713352060-2411151134,7,14,6,7,14,2
235347214713352060-2411161134,7,14,6,7,14,2
235347214713352060-2411171134,7,14,6,7,14,2
235347214713352060-2411181134,7,14,6,7,14,2
235347214713352060-2411191134,7,14,6,7,14,2
235347214713352060-2411201134,7,14,6,7,14,2
235347214713352060-2411211134,7,14,6,7,14,2
235347214713352060-2411221134,7,14,6,7,14,2
235347214713352060-2411231134,7,14,7,7,14,1
235347214713352060-2411241134,7,14,7,7,14,1
235347214713352060-2411251134,7,14,7,7,14,1
235347214713352060-2411261134,7,14,7,7,14,1
235347214713352060-2411271134,7,14,7,7,14,1
235347214713352060-2411281134,7,14,7,7,14,1
235347214713352060-2411291134,7,14,7,7,14,1
235347214713352060-2411301134,7,16,6,7,16,4
235347214713352060-2412011134,7,16,6,7,16,4
235347214713352060-2412021134,7,14,6,7,14,2
235347214713352060-2412031134,7,14,6,7,14,2
235347214713352060-2412041134,7,14,6,7,14,2
235347214713352060-2412051134,7,14,6,7,14,2
235347214713352060-2412061134,7,14,6,7,14,2
235347214713352060-2412071134,7,14,6,7,14,2
235347214713352060-2412081134,7,14,6,7,14,2
235347214713352060-2412091134,7,14,6,7,14,2
235347214713352060-2412101134,7,14,6,7,14,2
235347214713352060-2412111134,7,14,6,7,14,2
235347214713352060-2412121134,7,14,6,7,14,2
235347214713352060-2412131134,7,14,6,7,14,2
235347214713352060-2412141134,7,14,6,7,14,2
235347214713352060-2412151215,5,12,6,5,12,2
235347214713352060-2412161215,5,12,6,5,12,2
235347214713352060-2412171215,5,12,6,5,12,2
235347214713352060-2412181215,5,12,6,5,12,2
235347214713352060-2412191215,5,12,6,5,12,2
235347214713352060-2412201215,5,12,6,5,12,2
235347214713352060-2412211215,5,12,6,5,12,2
235347214713352060-2412221215,5,12,6,5,12,2
235347214713352060-2412231215,5,12,6,5,12,2
235347214713352060-2412241215,5,12,6,5,12,2
235347214713352060-2412251215,5,12,6,5,12,2
235347214713352060-2412261215,5,12,6,5,12,2
235347214713352060-2412271215,5,12,6,5,12,2
235347214713352060-2412281215,5,12,6,5,12,2
235347214713352060-2412291215,5,12,6,5,12,2
235347214713352060-2412301215,5,12,6,5,12,2
235347214713352060-2412311215,5,12,6,5,12,2
235347214713352060-2501011215,5,12,6,5,12,2
235347214713352060-2501021215,5,12,6,5,12,2
235347214713352060-2501031215,5,12,6,5,12,2
235347214713352060-2501041215,5,12,6,5,12,2
235347214713352060-2501051215,5,12,6,5,12,2
235347214713352060-2501061215,5,12,6,5,12,2
235347214713352060-2501071215,5,12,6,5,12,2
235347214713352060-2501081215,5,12,6,5,12,2
235347214713352060-2501091215,5,12,6,5,12,2
235347214713352060-2501101215,5,12,6,5,12,2
235347214713352060-2501111215,5,12,6,5,12,2
235347214713352060-2501121215,5,12,6,5,12,2
235347214713352060-2501131215,5,12,6,5,12,2
235347214713352060-2501141215,5,12,6,5,12,2
235347214713352060-2501151215,5,12,6,5,12,2
235347214713352060-2501161215,5,12,6,5,12,2
235347214713352060-2501171215,5,12,6,5,12,2
235347214713352060-2501181215,5,12,6,5,12,2
235347214713352060-2501191215,5,12,6,5,12,2
235347214713352060-2501201215,5,12,6,5,12,2
235347214713352060-2501211215,5,12,6,5,12,2
235347214713352060-2501221215,5,12,6,5,12,2
235347214713352060-2501231215,5,12,6,5,12,2
235347214713352060-2501241215,5,12,6,5,12,2
235347214713352060-2501251215,5,12,6,5,12,2
235347214713352060-2501261215,5,12,6,5,12,2
235347214713352060-2501271215,5,12,6,5,12,2
235347214713352060-2501281215,5,12,6,5,12,2
235347214713352060-2501291215,5,12,6,5,12,2
235347214713352060-2501301215,5,12,6,5,12,2
235347214713352060-2501311215,5,12,6,5,12,2
235347214713352060-2502011215,5,12,6,5,12,2
235347214713352060-2502021215,5,12,6,5,12,2
235347214713352060-2502031215,5,12,6,5,12,2
235347214713352060-2502041215,5,12,6,5,12,2
235347214713352060-2502051215,5,12,6,5,12,2
235347214713352060-2502061215,5,12,6,5,12,2
235347214713352060-2502071215,5,12,6,5,12,2
235347214713352060-2502081215,5,12,6,5,12,2
235347214713352060-2502091215,5,12,6,5,12,2
235347214713352060-2502101215,5,12,6,5,12,2
235347214713352060-2502111215,5,12,6,5,12,2
235347214713352060-2502121215,5,12,6,5,12,2
235347214713352060-2502131215,5,12,6,5,12,2
235347214713352060-2502141215,5,12,6,5,12,2
235347214713352060-2502151215,5,12,6,5,12,2
235347214713352060-2502161215,5,12,6,5,12,2
235347214713352060-2502171215,5,12,6,5,12,2
235347214713352060-2502181215,5,12,6,5,12,2
235347214713352060-2502191215,5,12,6,5,12,2
235347214713352060-2502201215,5,12,6,5,12,2
235347214713352060-2502211215,5,12,6,5,12,2
235347214713352060-2502221215,5,12,6,5,12,2
235347214713352060-2502231215,5,12,6,5,12,2
235347214713352060-2502241215,5,12,6,5,12,2
235347214713352060-2502251215,5,12,6,5,12,2
235347214713352060-2502261215,5,12,6,5,12,2
235347214713352060-2502271215,5,12,6,5,12,2
235347214713352060-2502281215,5,12,6,5,12,2
235347214713352060-2503011215,5,12,6,5,12,2
235347214713352060-2503021215,5,12,6,5,12,2
235347214713352060-2503031215,5,12,6,5,12,2
235347214713352060-2503041215,5,12,6,5,12,2
235347214713352060-2503051215,5,12,6,5,12,2
235347214713352060-2503061215,5,12,6,5,12,2
235347214713352060-2503071215,5,12,6,5,12,2
235347214713352060-2503241215,5,12,6,5,12,2
235347214713352060-2503251215,5,14,6,5,14,4
235347214713352060-2503261215,5,14,6,5,14,4
235347214713352060-2503271215,5,12,6,5,12,2
235347214713352060-2503281215,5,12,6,5,12,2
235347214713352060-2503291215,5,12,6,5,12,2
235347214713352060-2503301215,5,12,6,5,12,2
235347214713352060-2503311215,5,12,6,5,12,2
235347214713352060-2504011215,5,12,6,5,12,2
235347214713352060-2504021215,5,12,6,5,12,2
235347214713352060-2504031215,5,12,6,5,12,2
235347214713352060-2504041215,5,12,6,5,12,2
235347214713352060-2504051215,5,12,6,5,12,2
235347214713352060-2504061215,5,12,6,5,12,2
235347214713352060-2504071215,5,12,6,5,12,2
235347214713352060-2504081215,5,12,6,5,12,2
235347214713352060-2504091215,5,12,6,5,12,2
235347214713352060-2504101215,5,12,6,5,12,2
235347214713352060-2504111215,5,12,6,5,12,2
235347214713352060-2504121215,5,13,8,5,13,1
235347214713352060-2504131215,5,13,8,5,13,1
235347214713352060-2504141215,5,13,8,5,13,1
235347214713352060-2504151215,5,13,8,5,13,1
235347214713352060-2504161215,5,13,8,5,13,1
235347214713352060-2504171215,5,13,8,5,13,1
235347214713352060-2504181215,5,13,8,5,13,1
235347214713352060-2504201150,6,14,8,6,14,1
235347214713352060-2504211150,6,13,6,6,13,2
235347214713352060-2504221215,5,12,6,5,12,2
235347214713352060-2504231215,5,12,6,5,12,2
235347214713352060-2504241215,5,12,6,5,12,2
235347214713352060-2504251215,5,12,6,5,12,2
235347214713352060-2504261215,5,12,6,5,12,2
235347214713352060-2504271215,5,12,6,5,12,2
235347214713352060-2504281215,5,12,6,5,12,2
235347214713352060-2504291215,5,12,6,5,12,2
235347214713352060-2504301215,5,12,6,5,12,2
235347214713352060-2505011215,5,12,6,5,12,2
235347214713352060-2505021215,5,12,6,5,12,2
235347214713352060-2505031215,5,12,6,5,12,2
235347214713352060-2505041215,5,12,6,5,12,2
235347214713352060-2505051215,5,12,6,5,12,2
235347214713352060-2505061215,5,12,6,5,12,2
235347214713352060-2505071215,5,12,6,5,12,2
235347214713352060-2505081215,5,12,6,5,12,2
235347214713352060-2505091215,5,12,6,5,12,2
235347214713352060-2505101215,5,12,6,5,12,2
235347214713352060-2505111215,5,12,6,5,12,2
235347214713352060-2505121215,5,12,6,5,12,2
235347214713352060-2505131215,5,12,6,5,12,2
235347214713352060-2505141215,5,12,6,5,12,2
235347214713352060-2505151215,5,12,6,5,12,2
235347214713352060-2505161215,5,12,6,5,12,2
235347214713352060-2505171215,5,12,6,5,12,2
235347214713352060-2505181215,5,12,6,5,12,2
235347214713352060-2505191215,5,12,6,5,12,2
235347214713352060-2505201215,5,12,6,5,12,2
235347214713352060-2505211215,5,12,6,5,12,2
235347214713352060-2505221215,5,12,6,5,12,2
235347214713352060-2505231215,5,12,6,5,12,2
235347214713352060-2505241215,5,12,6,5,12,2
235347214713352060-2505251215,5,12,6,5,12,2
235347214713352060-2505261215,5,12,6,5,12,2
235347214713352060-2505271215,5,12,6,5,12,2
235347214713352060-2505281215,5,12,6,5,12,2
235347214713352060-2505291215,5,12,6,5,12,2
235347214713352060-2505301215,5,12,6,5,12,2
235347214713352060-2505311215,5,12,6,5,12,2
235347214713352060-2506011215,5,12,6,5,12,2
235347214713352060-2506021215,5,12,6,5,12,2
235347214713352060-2506031215,5,12,6,5,12,2
235347214713352060-2506041215,5,12,6,5,12,2
235347214713352060-2506051215,5,12,6,5,12,2
235347214713352060-2506061215,5,12,6,5,12,2
235347214713352060-2506071215,5,12,6,5,12,2
235347214713352060-2506081215,5,12,6,5,12,2
235347214713352060-2506091215,5,12,6,5,12,2
235347214713352060-2506101215,5,12,6,5,12,2
235347214713352060-2506111215,5,12,6,5,12,2
235347214713352060-2506121215,5,12,6,5,12,2
235347214713352060-2506131215,5,12,6,5,12,2
235347214713352060-2506141215,5,12,6,5,12,2
235347214713352060-2506151215,5,12,6,5,12,2
235347214713352060-2506161215,5,12,6,5,12,2
235347214713352060-2506171215,5,12,6,5,12,2
235347214713352060-2506181215,5,13,6,5,13,3
235347214713352060-2506191215,5,13,6,5,13,3
235347214713352060-2506201215,5,12,6,5,12,2
235347214713352060-2506211215,5,12,6,5,12,2
235347214713352060-2506221215,5,12,6,5,12,2
235347214713352060-2506231215,5,12,6,5,12,2
235347214713352060-2506241215,5,12,6,5,12,2
235347214713352060-2506251215,5,12,6,5,12,2
235347214713352060-2506261215,5,12,6,5,12,2
235347214713352060-2506271215,5,14,7,5,14,3
235347214713352060-2506281215,5,14,7,5,14,3
235347214713352060-2506291215,5,14,7,5,14,3
235347214713352060-2506301215,5,14,7,5,14,3
235347214713352060-2507011215,5,14,7,5,14,3
235347214713352060-2507021215,5,14,7,5,14,3
235347214713352060-2507031215,5,14,7,5,14,3
235347214713352060-2507041215,5,14,7,5,14,3
235347214713352060-2507051215,5,14,7,5,14,3
235347214713352060-2507061215,5,14,7,5,14,3
235347214713352060-2507071215,5,14,7,5,14,3
235347214713352060-2507081215,5,14,7,5,14,3
235347214713352060-2507091215,5,14,7,5,14,3
235347214713352060-2507101215,5,14,7,5,14,3
235347214713352060-2507111215,5,14,7,5,14,3
235347214713352060-2507121215,5,12,6,5,12,2
235347214713352060-2507131215,5,12,6,5,12,2
235347214713352060-2507141215,5,12,6,5,12,2
235347214713352060-2507151215,4,11,6,4,11,2
235347214713352060-2507161215,4,11,6,4,11,2
235347214713352060-2507171215,4,11,6,4,11,2
235347214713352060-2507181215,4,11,6,4,11,2
235347214713352060-2507191215,4,11,6,4,11,2
235347214713352060-2507201215,4,11,6,4,11,2
235347214713352060-2507211215,4,11,6,4,11,2
235347214713352060-2507221215,4,11,6,4,11,2
235347214713352060-2507231215,5,12,6,5,12,2
235347214713352060-2507241215,5,12,6,5,12,2
235347214713352060-2507251215,5,12,6,5,12,2
235347214713352060-2508041134,6,13,6,6,13,2
235347214713352060-2508051134,6,13,6,6,13,2
235347214713352060-2508061134,6,13,6,6,13,2
235347214713352060-2508071134,6,13,6,6,13,2
235347214713352060-2508081134,6,13,6,6,13,2
235347214713352060-2508091134,6,13,6,6,13,2
235347214713352060-2508101134,6,13,6,6,13,2
235347214713352060-2508111134,6,13,6,6,13,2
235347214713352060-2508121134,6,13,6,6,13,2
235347214713352060-2508131134,6,13,6,6,13,2
235347214713352060-2508141134,6,13,6,6,13,2
235347214713352060-2508151134,6,13,6,6,13,2
235347214713352060-2508161134,6,14,7,6,14,2
235347214713352060-2508171134,6,14,7,6,14,2
235347214713352060-2508181134,6,14,7,6,14,2
235347214713352060-2508191134,6,14,7,6,14,2
235347214713352060-2508201134,6,14,7,6,14,2
235347214713352060-2508211134,6,14,7,6,14,2
235347214713352060-2508221134,6,14,7,6,14,2
235347214713352060-2508231134,6,14,7,6,14,2
235347214713352060-2508241134,6,14,7,6,14,2
235347214713352060-2508251133,6,13,7,6,13,1
235347214713352060-2508261133,6,13,7,6,13,1
235347214713352060-2508271133,6,13,7,6,13,1
235347214713352060-2508281133,6,13,7,6,13,1
235347214713352060-2508291133,6,13,7,6,13,1
235347214713352060-2508301133,6,13,7,6,13,1
235347214713352060-2508311133,6,13,7,6,13,1
235347214713352060-2509011133,6,13,7,6,13,1
235347214713352060-2509021133,6,13,7,6,13,1
235347214713352060-2509031133,6,13,7,6,13,1
235347214713352060-2509041133,6,13,7,6,13,1
235347214713352060-2509051133,6,13,7,6,13,1
235347214713352060-2509061133,6,13,7,6,13,1
235347214713352060-2509071133,6,13,7,6,13,1
235347214713352060-2509081133,6,13,7,6,13,1
235347214713352060-2509091134,6,13,6,6,13,2
235347214713352060-2509101134,6,13,6,6,13,2
235347214713352060-2509111134,6,13,6,6,13,2
235347214713352060-2509121134,6,13,6,6,13,2
235347214713352060-2509131134,6,13,6,6,13,2
235347214713352060-2509141134,6,13,6,6,13,2
235347214713352060-2509151134,6,13,6,6,13,2
235347214713352060-2509161134,6,13,6,6,13,2
235347214713352060-2509171134,6,13,6,6,13,2
235347214713352060-2509181134,6,13,6,6,13,2
235347214713352060-2509191134,6,13,6,6,13,2
235347214713352060-2509201134,6,13,6,6,13,2
235347214713352060-2509211134,6,13,6,6,13,2
235347214713352060-2509221134,6,13,6,6,13,2
235347214713352060-2509231134,6,13,6,6,13,2
2405804365653879886-2502181150,4,12,7,4,12,2
2405804365653879886-2502191150,4,12,7,4,12,2
2405804365653879886-2502201150,4,12,7,4,12,2
2405804365653879886-2502211150,4,12,7,4,12,2
2405804365653879886-2502221150,4,12,7,4,12,2
2405804365653879886-2502231150,4,12,7,4,12,2
2405804365653879886-2502241150,4,12,7,4,12,2
2405804365653879886-2502251150,4,12,7,4,12,2
2405804365653879886-2502261150,4,12,7,4,12,2
2405804365653879886-2502271150,4,12,7,4,12,2
2405804365653879886-2502281150,4,12,7,4,12,2
2405804365653879886-2503011150,4,12,7,4,12,2
2405804365653879886-2503021150,4,12,7,4,12,2
2405804365653879886-2503031150,4,12,7,4,12,2
2405804365653879886-2503041150,4,12,7,4,12,2
2405804365653879886-2503051150,4,12,7,4,12,2
2405804365653879886-2503061150,4,12,7,4,12,2
2405804365653879886-2503071150,4,12,7,4,12,2
2405804365653879886-2503221124,4,12,7,4,12,2
2405804365653879886-2503231124,4,12,7,4,12,2
2405804365653879886-2503241150,4,12,7,4,12,2
2405804365653879886-2503251059,4,12,7,4,12,2
2405804365653879886-2503261059,4,12,7,4,12,2
2405804365653879886-2503271150,4,12,7,4,12,2
2405804365653879886-2503281150,4,12,7,4,12,2
2405804365653879886-2503291059,4,12,7,4,12,2
2405804365653879886-2503301059,4,12,7,4,12,2
2405804365653879886-2503311059,4,12,7,4,12,2
2405804365653879886-2504011059,4,12,7,4,12,2
2405804365653879886-2504021150,4,12,7,4,12,2
2405804365653879886-2504031150,4,12,7,4,12,2
2405804365653879886-2504041150,4,12,7,4,12,2
2405804365653879886-2504051150,4,12,7,4,12,2
2405804365653879886-2504061150,4,12,7,4,12,2
2405804365653879886-2504071150,4,12,7,4,12,2
2405804365653879886-2504081150,4,12,7,4,12,2
2405804365653879886-2504091150,4,12,7,4,12,2
2405804365653879886-2504101150,4,12,7,4,12,2
2405804365653879886-2504111150,4,12,7,4,12,2
2429801109527938491-2509241542,1,8,6,1,8,2
2429801109527938491-2509251542,1,8,6,1,8,2
2429801109527938491-2509261542,1,8,6,1,8,2
2429801109527938491-2509271542,1,8,6,1,8,2
2429801109527938491-2509281542,1,8,6,1,8,2
2429801109527938491-2509291542,1,8,6,1,8,2
2429801109527938491-2509301542,1,8,6,1,8,2
2429801109527938491-2510011542,1,8,6,1,8,2
2429801109527938491-2510021542,1,8,6,1,8,2
2429801109527938491-2510031542,1,8,6,1,8,2
2429801109527938491-2510041542,1,8,6,1,8,2
2429801109527938491-2510051542,1,8,6,1,8,2
2429801109527938491-2510061542,1,8,6,1,8,2
2429801109527938491-2510071542,1,8,6,1,8,2
2429801109527938491-2510081542,1,8,6,1,8,2
2429801109527938491-2510091542,1,8,6,1,8,2
2429801109527938491-2510101542,1,8,6,1,8,2
2429801109527938491-2510111521,1,9,8,1,9,1
2429801109527938491-2510121521,1,9,8,1,9,1
2429801109527938491-2510131542,1,8,6,1,8,2
2429801109527938491-2510141542,1,8,6,1,8,2
2429801109527938491-2510151542,1,8,6,1,8,2
2429801109527938491-2510161542,1,8,6,1,8,2
2429801109527938491-2510171542,1,8,6,1,8,2
2429801109527938491-2510181542,1,8,6,1,8,2
2429801109527938491-2510191542,1,8,6,1,8,2
2429801109527938491-2510201542,1,8,6,1,8,2
2429801109527938491-2510211542,1,8,6,1,8,2
2429801109527938491-2510221542,1,8,6,1,8,2
2429801109527938491-2510231542,1,8,6,1,8,2
2429801109527938491-2510241542,1,8,6,1,8,2
2429801109527938491-2510261542,1,8,6,1,8,2
2429801109527938491-2510271542,1,8,6,1,8,2
2429801109527938491-2510281542,1,8,6,1,8,2
2429801109527938491-2510301542,1,8,6,1,8,2
2429801109527938491-2510311542,1,8,6,1,8,2
2429801109527938491-2511011542,1,8,6,1,8,2
2429801109527938491-2511021542,1,8,6,1,8,2
2441472579592006033-2408101144,1,9,7,1,9,2
2441472579592006033-2411270934,1,10,9,1,10,1
2441472579592006033-2509221228,1,9,7,1,9,2
2494061816370885704-2408101319,5,11,6,5,11,1
2494061816370885704-2412031036,8,16,8,8,16,1
2494061816370885704-2412120719,9,17,7,9,17,2
2494061816370885704-2501231118,5,13,8,5,13,1
2494061816370885704-2508201020,9,17,8,9,17,1
2625137238235520637-2407160011,2,28,24,2,28,3
2625137238235520637-2407170011,2,28,24,2,28,3
2625137238235520637-2407180011,2,28,24,2,28,3
2625137238235520637-2407190011,2,28,24,2,28,3
2625137238235520637-2407200011,2,24,20,2,24,3
2625137238235520637-2407210011,2,24,20,2,24,3
2625137238235520637-2407220011,2,22,19,2,22,2
2625137238235520637-2407230011,2,24,20,2,24,3
2625137238235520637-2407240011,2,24,20,2,24,3
2625137238235520637-2407250011,2,24,20,2,24,3
2625137238235520637-2407260011,2,24,20,2,24,3
2625137238235520637-2407270011,2,24,20,2,24,3
2625137238235520637-2407280011,2,24,20,2,24,3
2625137238235520637-2407290011,2,24,20,2,24,3
2625137238235520637-2407300011,2,24,20,2,24,3
2625137238235520637-2407310011,2,24,20,2,24,3
2625137238235520637-2408010011,2,24,20,2,24,3
2625137238235520637-2408020011,2,24,20,2,24,3
2625137238235520637-2408030011,2,28,24,2,28,3
2625137238235520637-2408040011,2,28,24,2,28,3
2625137238235520637-2408050011,2,28,24,2,28,3
2625137238235520637-2408060011,2,28,24,2,28,3
2625137238235520637-2408070011,2,28,24,2,28,3
2625137238235520637-2408080011,2,27,23,2,27,3
2625137238235520637-2408090011,2,27,23,2,27,3
2625137238235520637-2408100011,2,27,23,2,27,3
2625137238235520637-2408110011,2,27,23,2,27,3
2625137238235520637-2408120011,2,27,23,2,27,3
2625137238235520637-2409090011,2,27,21,2,27,5
2625137238235520637-2409100011,2,27,21,2,27,5
2625137238235520637-2409110011,2,26,21,2,26,4
2625137238235520637-2409120011,2,26,21,2,26,4
2625137238235520637-2409130011,2,26,21,2,26,4
2625137238235520637-2409160011,2,27,21,2,27,5
2625137238235520637-2409170011,2,27,21,2,27,5
2625137238235520637-2409180011,2,27,21,2,27,5
2625137238235520637-2409190011,2,27,21,2,27,5
2625137238235520637-2409200011,2,27,21,2,27,5
2625137238235520637-2409230011,2,26,21,2,26,4
2625137238235520637-2409240011,2,26,21,2,26,4
2625137238235520637-2409250011,2,26,21,2,26,4
2625137238235520637-2409260011,2,26,21,2,26,4
2625137238235520637-2409270011,2,27,21,2,27,5
2625137238235520637-2409280011,2,27,21,2,27,5
2625137238235520637-2409290011,2,27,21,2,27,5
2625137238235520637-2409300011,2,27,21,2,27,5
2625137238235520637-2410010011,2,27,21,2,27,5
2625137238235520637-2410020011,2,27,21,2,27,5
2625137238235520637-2410030011,2,27,21,2,27,5
2625137238235520637-2410040011,2,27,21,2,27,5
2625137238235520637-2410050011,2,27,21,2,27,5
2625137238235520637-2410060011,2,27,21,2,27,5
2625137238235520637-2410070011,2,27,21,2,27,5
2625137238235520637-2410080011,2,27,21,2,27,5
2625137238235520637-2410090011,2,27,21,2,27,5
2625137238235520637-2410100011,2,27,21,2,27,5
2625137238235520637-2410110011,2,26,21,2,26,4
2625137238235520637-2410130011,2,26,22,2,26,3
2625137238235520637-2410140011,2,26,22,2,26,3
2625137238235520637-2410150011,2,26,21,2,26,4
2625137238235520637-2410160011,2,26,21,2,26,4
2625137238235520637-2410170011,2,26,21,2,26,4
2625137238235520637-2410180011,2,26,22,2,26,3
2625137238235520637-2410280011,2,27,21,2,27,5
2625137238235520637-2410290015,2,27,21,2,27,5
2625137238235520637-2410300015,2,27,21,2,27,5
2625137238235520637-2410310015,2,27,21,2,27,5
2625137238235520637-2411010015,2,27,21,2,27,5
2625137238235520637-2411020011,2,27,21,2,27,5
2625137238235520637-2411030011,2,27,21,2,27,5
2625137238235520637-2411040011,2,27,21,2,27,5
2625137238235520637-2411050011,2,27,21,2,27,5
2625137238235520637-2411060011,2,27,21,2,27,5
2625137238235520637-2411070011,2,27,21,2,27,5
2625137238235520637-2411080011,2,28,22,2,28,5
2625137238235520637-2411100011,2,27,21,2,27,5
2625137238235520637-2411110011,2,27,21,2,27,5
2625137238235520637-2411120011,2,27,21,2,27,5
2625137238235520637-2411130011,2,27,21,2,27,5
2625137238235520637-2411140011,2,27,21,2,27,5
2625137238235520637-2411150011,2,27,21,2,27,5
2625137238235520637-2411160011,2,27,21,2,27,5
2625137238235520637-2411170011,2,27,21,2,27,5
2625137238235520637-2411180011,2,27,21,2,27,5
2625137238235520637-2411190011,2,27,21,2,27,5
2625137238235520637-2411200011,2,27,21,2,27,5
2625137238235520637-2411210011,2,27,21,2,27,5
2625137238235520637-2411220011,2,27,21,2,27,5
2625137238235520637-2411230011,2,27,21,2,27,5
2625137238235520637-2411240011,2,27,12,2,27,14
2625137238235520637-2411250011,2,27,21,2,27,5
2625137238235520637-2411260011,2,27,21,2,27,5
2625137238235520637-2411270011,2,27,21,2,27,5
2625137238235520637-2411280011,2,27,21,2,27,5
2625137238235520637-2411290011,2,27,21,2,27,5
2625137238235520637-2411300011,2,27,21,2,27,5
2625137238235520637-2412010011,2,27,21,2,27,5
2625137238235520637-2412020010,2,24,18,2,24,5
2625137238235520637-2412030010,2,24,18,2,24,5
2625137238235520637-2412040010,2,24,18,2,24,5
2625137238235520637-2412050011,2,27,21,2,27,5
2625137238235520637-2412060011,2,27,21,2,27,5
2625137238235520637-2412070011,2,27,21,2,27,5
2625137238235520637-2412080011,2,27,21,2,27,5
2625137238235520637-2412090011,2,27,21,2,27,5
2625137238235520637-2412100011,2,27,21,2,27,5
2625137238235520637-2412110011,2,27,21,2,27,5
2625137238235520637-2412120011,2,27,21,2,27,5
2625137238235520637-2412130011,2,27,21,2,27,5
2625137238235520637-2412140011,2,27,21,2,27,5
2625525001290889593-2408080459,2,7,5,2,7,1
2625525001290889593-2408090459,2,7,5,2,7,1
2625525001290889593-2408100459,2,7,5,2,7,1
2625525001290889593-2408110459,2,7,5,2,7,1
2625525001290889593-2408120459,2,7,5,2,7,1
2625525001290889593-2408130459,2,7,5,2,7,1
2625525001290889593-2408140422,3,10,7,3,10,1
2625525001290889593-2408150459,2,7,5,2,7,1
279382068180281905-2508270921,7,14,7,7,14,1
279382068180281905-2508280921,7,14,7,7,14,1
279382068180281905-2509030921,7,14,7,7,14,1
2924361440444481851-2501020520,2,12,9,2,12,2
2924361440444481851-2502180519,2,12,9,2,12,2
2924361440444481851-2504040422,2,11,7,2,11,3
2924361440444481851-2505090520,2,12,9,2,12,2
3011993409911843588-2506051317,4,7,3,4,7,1
319551306123457234-2505231252,2,8,6,2,8,1
319551306123457234-2505241252,2,8,6,2,8,1
319551306123457234-2505251252,2,8,6,2,8,1
3199441194229316071-2504201800,5,22,13,5,22,5
3347962458976406336-2408190520,2,12,9,2,12,2
3385058391639482402-2407011021,13,20,6,13,20,2
3385058391639482402-2407021021,13,20,6,13,20,2
3385058391639482402-2407031021,13,20,6,13,20,2
3385058391639482402-2407041021,13,20,6,13,20,2
3385058391639482402-2407051021,13,20,6,13,20,2
3385058391639482402-2407061021,13,20,6,13,20,2
3385058391639482402-2407071021,13,20,6,13,20,2
3385058391639482402-2407081021,13,20,6,13,20,2
3385058391639482402-2407091021,13,20,6,13,20,2
3385058391639482402-2407101021,13,20,6,13,20,2
3385058391639482402-2407111021,13,20,6,13,20,2
3385058391639482402-2407121021,13,20,6,13,20,2
3385058391639482402-2407131021,13,20,6,13,20,2
3385058391639482402-2407141021,13,20,6,13,20,2
3385058391639482402-2407151021,13,20,6,13,20,2
3385058391639482402-2407161021,13,20,6,13,20,2
3385058391639482402-2407171021,13,20,6,13,20,2
3385058391639482402-2407181021,13,20,6,13,20,2
3385058391639482402-2407191021,13,20,6,13,20,2
3385058391639482402-2407201021,13,20,6,13,20,2
3385058391639482402-2407211021,13,20,6,13,20,2
3385058391639482402-2407221021,13,20,6,13,20,2
3385058391639482402-2407231021,13,20,6,13,20,2
3385058391639482402-2407241021,13,20,6,13,20,2
3385058391639482402-2407251021,13,20,6,13,20,2
3385058391639482402-2407261021,13,20,6,13,20,2
3385058391639482402-2407270913,13,20,6,13,20,2
3385058391639482402-2407280913,13,20,6,13,20,2
3385058391639482402-2407290913,13,20,6,13,20,2
3385058391639482402-2407300913,13,20,6,13,20,2
3385058391639482402-2407310913,13,20,6,13,20,2
3385058391639482402-2408010913,13,20,6,13,20,2
3385058391639482402-2408020913,13,20,6,13,20,2
3385058391639482402-2408030913,13,20,6,13,20,2
3385058391639482402-2408040913,13,20,6,13,20,2
3385058391639482402-2408050913,13,20,6,13,20,2
3385058391639482402-2408060913,13,20,6,13,20,2
3385058391639482402-2408070913,13,20,6,13,20,2
3385058391639482402-2408080913,13,20,6,13,20,2
3385058391639482402-2408090913,13,20,6,13,20,2
3385058391639482402-2408100913,13,20,6,13,20,2
3385058391639482402-2408110913,13,20,6,13,20,2
3385058391639482402-2408120913,13,20,6,13,20,2
3385058391639482402-2408130913,13,20,6,13,20,2
3385058391639482402-2408140913,13,20,6,13,20,2
3385058391639482402-2408150913,13,20,6,13,20,2
3385058391639482402-2408161021,13,20,6,13,20,2
3385058391639482402-2412151021,13,20,6,13,20,2
3385058391639482402-2412161021,13,20,6,13,20,2
3385058391639482402-2412171021,13,20,6,13,20,2
3385058391639482402-2412181021,13,20,6,13,20,2
3385058391639482402-2412191021,13,20,6,13,20,2
3385058391639482402-2412201021,13,20,6,13,20,2
3385058391639482402-2412211021,13,20,6,13,20,2
3385058391639482402-2412221021,13,20,6,13,20,2
3385058391639482402-2412231021,13,20,6,13,20,2
3385058391639482402-2412241021,13,20,6,13,20,2
3385058391639482402-2412251021,13,20,6,13,20,2
3385058391639482402-2412261021,13,20,6,13,20,2
3385058391639482402-2412271021,13,20,6,13,20,2
3385058391639482402-2412281021,13,20,6,13,20,2
3385058391639482402-2412291021,13,20,6,13,20,2
3385058391639482402-2412301021,13,20,6,13,20,2
3385058391639482402-2412311021,13,20,6,13,20,2
3385058391639482402-2501011021,13,20,6,13,20,2
3385058391639482402-2501021021,13,20,6,13,20,2
3385058391639482402-2501031021,13,20,6,13,20,2
3385058391639482402-2501041021,13,20,6,13,20,2
3385058391639482402-2501051021,13,20,6,13,20,2
3385058391639482402-2501061021,13,20,6,13,20,2
3385058391639482402-2501071021,13,20,6,13,20,2
3385058391639482402-2501081021,13,20,6,13,20,2
3385058391639482402-2501091021,13,20,6,13,20,2
3385058391639482402-2501101021,13,20,6,13,20,2
3385058391639482402-2501111021,13,20,6,13,20,2
3385058391639482402-2501121021,13,20,6,13,20,2
3385058391639482402-2501131021,13,20,6,13,20,2
3385058391639482402-2501141021,13,20,6,13,20,2
3385058391639482402-2501151021,13,20,6,13,20,2
3385058391639482402-2501161021,13,20,6,13,20,2
3385058391639482402-2501171021,13,20,6,13,20,2
3385058391639482402-2501181021,13,20,6,13,20,2
3385058391639482402-2501191021,13,20,6,13,20,2
3385058391639482402-2501201021,13,20,6,13,20,2
3385058391639482402-2501211021,13,20,6,13,20,2
3385058391639482402-2501221021,13,20,6,13,20,2
3385058391639482402-2501231021,13,20,6,13,20,2
3385058391639482402-2501241021,13,20,6,13,20,2
3385058391639482402-2501251021,13,20,6,13,20,2
3385058391639482402-2501261021,13,20,6,13,20,2
3385058391639482402-2501271021,13,20,6,13,20,2
3385058391639482402-2501281021,13,20,6,13,20,2
3385058391639482402-2501291021,13,20,6,13,20,2
3385058391639482402-2501301021,13,20,6,13,20,2
3385058391639482402-2501311021,13,20,6,13,20,2
3385058391639482402-2502011021,13,20,6,13,20,2
3385058391639482402-2502021021,13,20,6,13,20,2
3385058391639482402-2502031021,13,20,6,13,20,2
3385058391639482402-2502041021,13,20,6,13,20,2
3385058391639482402-2502051021,13,20,6,13,20,2
3385058391639482402-2502061021,13,20,6,13,20,2
3385058391639482402-2502071021,13,20,6,13,20,2
3385058391639482402-2502081021,13,20,6,13,20,2
3385058391639482402-2502091021,13,20,6,13,20,2
3385058391639482402-2502101021,13,20,6,13,20,2
3385058391639482402-2502111021,13,20,6,13,20,2
3385058391639482402-2502121021,13,20,6,13,20,2
3385058391639482402-2502131021,13,20,6,13,20,2
3385058391639482402-2502141021,13,20,6,13,20,2
3385058391639482402-2502151021,13,20,6,13,20,2
3385058391639482402-2502161021,13,20,6,13,20,2
3385058391639482402-2502171021,13,20,6,13,20,2
3385058391639482402-2502181021,13,20,6,13,20,2
3385058391639482402-2502191021,13,20,6,13,20,2
3385058391639482402-2502201021,13,20,6,13,20,2
3385058391639482402-2502211021,13,20,6,13,20,2
3385058391639482402-2502221021,13,20,6,13,20,2
3385058391639482402-2502231021,13,20,6,13,20,2
3385058391639482402-2502241021,13,20,6,13,20,2
3385058391639482402-2502251021,13,20,6,13,20,2
3385058391639482402-2502261021,13,20,6,13,20,2
3385058391639482402-2502271021,13,20,6,13,20,2
3385058391639482402-2502281021,13,20,6,13,20,2
3385058391639482402-2503011021,13,20,6,13,20,2
3385058391639482402-2503021021,13,20,6,13,20,2
3385058391639482402-2503031021,13,20,6,13,20,2
3385058391639482402-2503041021,13,20,6,13,20,2
3385058391639482402-2503051021,13,20,6,13,20,2
3385058391639482402-2503061021,13,20,6,13,20,2
3385058391639482402-2503071021,13,20,6,13,20,2
3385058391639482402-2503081021,13,20,6,13,20,2
3385058391639482402-2503091021,13,20,6,13,20,2
3385058391639482402-2503101021,13,20,6,13,20,2
3385058391639482402-2503111021,13,20,6,13,20,2
3385058391639482402-2503121021,13,20,6,13,20,2
3385058391639482402-2503131021,13,20,6,13,20,2
3385058391639482402-2503141021,13,20,6,13,20,2
3385058391639482402-2503151021,13,20,6,13,20,2
3385058391639482402-2503161021,13,20,6,13,20,2
3385058391639482402-2503171021,13,20,6,13,20,2
3385058391639482402-2503181021,13,20,6,13,20,2
3385058391639482402-2503191021,13,20,6,13,20,2
3385058391639482402-2503201021,13,20,6,13,20,2
3385058391639482402-2503211021,13,20,6,13,20,2
3385058391639482402-2503241021,13,20,6,13,20,2
3385058391639482402-2503251021,13,22,6,13,22,4
3385058391639482402-2503261021,13,22,6,13,22,4
3385058391639482402-2503271021,13,20,6,13,20,2
3385058391639482402-2503281021,13,20,6,13,20,2
3385058391639482402-2503291021,13,20,6,13,20,2
3385058391639482402-2503301021,13,20,6,13,20,2
3385058391639482402-2503311021,13,20,6,13,20,2
3385058391639482402-2504011021,13,20,6,13,20,2
3385058391639482402-2504021021,13,20,6,13,20,2
3385058391639482402-2504031021,13,20,6,13,20,2
3385058391639482402-2504041021,13,20,6,13,20,2
3385058391639482402-2504051021,13,20,6,13,20,2
3385058391639482402-2504061021,13,20,6,13,20,2
3385058391639482402-2504071021,13,20,6,13,20,2
3385058391639482402-2504081021,13,20,6,13,20,2
3385058391639482402-2504091021,13,20,6,13,20,2
3385058391639482402-2504101021,13,20,6,13,20,2
3385058391639482402-2504110922,6,13,6,6,13,2
3385058391639482402-2504120922,6,14,8,6,14,1
3385058391639482402-2504130922,6,14,8,6,14,1
3385058391639482402-2504140922,6,14,8,6,14,1
3385058391639482402-2504150922,6,14,8,6,14,1
3385058391639482402-2504160922,6,14,8,6,14,1
3385058391639482402-2504170922,6,14,8,6,14,1
3385058391639482402-2504180922,6,14,8,6,14,1
3385058391639482402-2504220922,6,13,6,6,13,2
3385058391639482402-2504230922,6,13,6,6,13,2
3385058391639482402-2504240922,6,13,6,6,13,2
3385058391639482402-2504250922,6,13,6,6,13,2
3385058391639482402-2504260922,6,13,6,6,13,2
3385058391639482402-2504270922,6,13,6,6,13,2
3385058391639482402-2504280922,6,13,6,6,13,2
3385058391639482402-2504290922,6,13,6,6,13,2
3385058391639482402-2504300922,6,13,6,6,13,2
3385058391639482402-2505010922,6,13,6,6,13,2
3385058391639482402-2505020922,6,13,6,6,13,2
3385058391639482402-2505030922,6,13,6,6,13,2
3385058391639482402-2505040922,6,13,6,6,13,2
3385058391639482402-2505050922,6,13,6,6,13,2
3385058391639482402-2505060922,6,13,6,6,13,2
3385058391639482402-2505070922,6,13,6,6,13,2
3385058391639482402-2505080922,6,13,6,6,13,2
3385058391639482402-2505090922,6,13,6,6,13,2
3385058391639482402-2505100922,6,13,6,6,13,2
3385058391639482402-2505110922,6,13,6,6,13,2
3385058391639482402-2505120922,6,13,6,6,13,2
3385058391639482402-2505130922,6,13,6,6,13,2
3385058391639482402-2505140922,6,13,6,6,13,2
3385058391639482402-2505150922,6,13,6,6,13,2
3385058391639482402-2505160922,6,13,6,6,13,2
3385058391639482402-2505170922,6,13,6,6,13,2
3385058391639482402-2505180922,6,13,6,6,13,2
3385058391639482402-2505190922,6,13,6,6,13,2
3385058391639482402-2505200922,6,13,6,6,13,2
3385058391639482402-2505210922,6,13,6,6,13,2
3385058391639482402-2505220922,6,13,6,6,13,2
3385058391639482402-2505230922,6,13,6,6,13,2
3385058391639482402-2505240922,6,13,6,6,13,2
3385058391639482402-2505250922,6,13,6,6,13,2
3385058391639482402-2505260922,6,13,6,6,13,2
3385058391639482402-2505270922,6,13,6,6,13,2
3385058391639482402-2505280922,6,13,6,6,13,2
3385058391639482402-2505291021,13,20,6,13,20,2
3385058391639482402-2505301021,13,20,6,13,20,2
3385058391639482402-2505311021,13,20,6,13,20,2
3385058391639482402-2506011021,13,20,6,13,20,2
3385058391639482402-2506021021,13,20,6,13,20,2
3385058391639482402-2506031021,13,20,6,13,20,2
3385058391639482402-2506041021,13,20,6,13,20,2
3385058391639482402-2506051021,13,20,6,13,20,2
3385058391639482402-2506061021,13,20,6,13,20,2
3385058391639482402-2506071021,12,19,6,12,19,2
3385058391639482402-2506081021,12,19,6,12,19,2
3385058391639482402-2506091021,12,19,6,12,19,2
3385058391639482402-2506101021,12,19,6,12,19,2
3385058391639482402-2506111021,12,19,6,12,19,2
3385058391639482402-2506121021,12,19,6,12,19,2
3385058391639482402-2506131021,12,19,6,12,19,2
3385058391639482402-2506141021,12,19,6,12,19,2
3385058391639482402-2506151021,12,19,6,12,19,2
3385058391639482402-2506161021,12,19,6,12,19,2
3385058391639482402-2506171021,12,19,6,12,19,2
3385058391639482402-2506181021,12,20,6,12,20,3
3385058391639482402-2506191021,12,20,6,12,20,3
3385058391639482402-2506201021,12,19,6,12,19,2
3385058391639482402-2506211021,13,20,6,13,20,2
3385058391639482402-2506221021,13,20,6,13,20,2
3385058391639482402-2506231021,13,20,6,13,20,2
3385058391639482402-2506241021,13,20,6,13,20,2
3385058391639482402-2506251021,13,20,6,13,20,2
3385058391639482402-2506261021,13,20,6,13,20,2
3385058391639482402-2506271021,13,22,7,13,22,3
3385058391639482402-2506281021,13,22,7,13,22,3
3385058391639482402-2506291021,13,22,7,13,22,3
3385058391639482402-2506301021,13,22,7,13,22,3
3385058391639482402-2507011021,13,22,7,13,22,3
3385058391639482402-2507021021,13,22,7,13,22,3
3385058391639482402-2507031021,13,22,7,13,22,3
3385058391639482402-2507041021,13,22,7,13,22,3
3385058391639482402-2507051021,13,22,7,13,22,3
3385058391639482402-2507061021,13,22,7,13,22,3
3385058391639482402-2507071021,13,22,7,13,22,3
3385058391639482402-2507081021,13,22,7,13,22,3
3385058391639482402-2507091021,13,22,7,13,22,3
3385058391639482402-2507101021,13,22,7,13,22,3
3385058391639482402-2507111021,13,22,7,13,22,3
3385058391639482402-2507121021,13,20,6,13,20,2
3385058391639482402-2507131021,13,20,6,13,20,2
3385058391639482402-2507141021,13,20,6,13,20,2
3385058391639482402-2507151021,13,20,6,13,20,2
3385058391639482402-2507161021,13,20,6,13,20,2
3385058391639482402-2507171021,13,20,6,13,20,2
3385058391639482402-2507181021,13,20,6,13,20,2
3385058391639482402-2507191021,13,20,6,13,20,2
3385058391639482402-2507201021,13,20,6,13,20,2
3385058391639482402-2507211021,13,20,6,13,20,2
3385058391639482402-2507221021,13,20,6,13,20,2
3385058391639482402-2507231021,13,20,6,13,20,2
3385058391639482402-2507241021,13,20,6,13,20,2
3385058391639482402-2507251021,13,20,6,13,20,2
3385058391639482402-2507261021,13,20,6,13,20,2
3385058391639482402-2507271021,13,20,6,13,20,2
3385058391639482402-2507281021,13,20,6,13,20,2
3385058391639482402-2507291021,13,20,6,13,20,2
3385058391639482402-2507301021,13,20,6,13,20,2
3385058391639482402-2507311021,13,20,6,13,20,2
3385058391639482402-2508011021,13,20,6,13,20,2
3421514055316082357-2509180533,7,15,7,7,15,2
3422823246203542050-2407011404,1,9,7,1,9,2
3422823246203542050-2407021404,1,9,7,1,9,2
3422823246203542050-2407031404,1,9,7,1,9,2
3422823246203542050-2407041404,1,9,7,1,9,2
3422823246203542050-2407051404,1,9,7,1,9,2
3422823246203542050-2407061404,1,9,7,1,9,2
3422823246203542050-2407071404,1,9,7,1,9,2
3422823246203542050-2407081404,1,9,7,1,9,2
3422823246203542050-2407091404,1,9,7,1,9,2
3422823246203542050-2407101404,1,9,7,1,9,2
3422823246203542050-2407111404,1,9,7,1,9,2
3422823246203542050-2407121404,1,9,7,1,9,2
3422823246203542050-2407131404,1,9,7,1,9,2
3422823246203542050-2407141404,1,9,7,1,9,2
3422823246203542050-2407151404,1,9,7,1,9,2
3422823246203542050-2407161404,1,9,7,1,9,2
3422823246203542050-2407171404,1,9,7,1,9,2
3422823246203542050-2407181404,1,9,7,1,9,2
3422823246203542050-2407191404,1,9,7,1,9,2
3422823246203542050-2407201404,1,9,7,1,9,2
3422823246203542050-2407211404,1,9,7,1,9,2
3422823246203542050-2407221404,1,9,7,1,9,2
3422823246203542050-2407231404,1,9,7,1,9,2
3422823246203542050-2407241404,1,9,7,1,9,2
3422823246203542050-2407251404,1,9,7,1,9,2
3422823246203542050-2407261404,1,9,7,1,9,2
3422823246203542050-2407271325,1,9,7,1,9,2
3422823246203542050-2407281325,1,9,7,1,9,2
3422823246203542050-2407291323,1,9,7,1,9,2
3422823246203542050-2407301323,1,9,7,1,9,2
3422823246203542050-2407311323,1,9,7,1,9,2
3422823246203542050-2408011323,1,9,7,1,9,2
3422823246203542050-2408021323,1,9,7,1,9,2
3422823246203542050-2408031325,1,9,7,1,9,2
3422823246203542050-2408041325,1,9,7,1,9,2
3422823246203542050-2408051323,1,9,7,1,9,2
3422823246203542050-2408061323,1,9,7,1,9,2
3422823246203542050-2408071323,1,9,7,1,9,2
3422823246203542050-2408081323,1,9,7,1,9,2
3422823246203542050-2408091323,1,10,7,1,10,3
3422823246203542050-2408101325,1,10,7,1,10,3
3422823246203542050-2408111325,1,10,7,1,10,3
3422823246203542050-2408121323,1,10,7,1,10,3
3422823246203542050-2408131323,1,10,7,1,10,3
3422823246203542050-2408141323,1,10,7,1,10,3
3422823246203542050-2408151323,1,10,7,1,10,3
3422823246203542050-2408161404,1,9,7,1,9,2
3422823246203542050-2408171404,1,9,7,1,9,2
3422823246203542050-2408201404,1,9,7,1,9,2
3422823246203542050-2408211404,1,9,7,1,9,2
3422823246203542050-2408271404,1,9,7,1,9,2
3422823246203542050-2408281404,1,9,7,1,9,2
3422823246203542050-2409031404,1,9,7,1,9,2
3422823246203542050-2409041404,1,9,7,1,9,2
3422823246203542050-2409101404,1,9,7,1,9,2
3422823246203542050-2409111404,1,9,7,1,9,2
3422823246203542050-2409171404,1,9,7,1,9,2
3422823246203542050-2409181404,1,9,7,1,9,2
3422823246203542050-2409241404,1,8,6,1,8,2
3422823246203542050-2409251404,1,8,6,1,8,2
3422823246203542050-2410011404,1,8,6,1,8,2
3422823246203542050-2410021404,1,8,6,1,8,2
3422823246203542050-2410081404,1,9,7,1,9,2
3422823246203542050-2410091404,1,9,7,1,9,2
3422823246203542050-2410151404,1,9,7,1,9,2
3422823246203542050-2410161404,1,9,7,1,9,2
3422823246203542050-2410221404,1,9,7,1,9,2
3422823246203542050-2410231404,1,9,7,1,9,2
3422823246203542050-2410291238,1,9,8,1,9,1
3422823246203542050-2410301238,1,9,8,1,9,1
3422823246203542050-2411051404,1,9,7,1,9,2
3422823246203542050-2411061404,1,9,7,1,9,2
3422823246203542050-2411121404,1,9,7,1,9,2
3422823246203542050-2411131404,1,9,7,1,9,2
3422823246203542050-2411191404,1,9,7,1,9,2
3422823246203542050-2411201404,1,9,7,1,9,2
3422823246203542050-2412031404,1,9,7,1,9,2
3422823246203542050-2412041404,1,9,7,1,9,2
3422823246203542050-2412101404,1,9,7,1,9,2
3422823246203542050-2412111404,1,9,7,1,9,2
3422823246203542050-2412151404,1,9,7,1,9,2
3422823246203542050-2412161404,1,9,7,1,9,2
3422823246203542050-2412171404,1,9,7,1,9,2
3422823246203542050-2412181404,1,9,7,1,9,2
3422823246203542050-2412191404,1,9,7,1,9,2
3422823246203542050-2412201404,1,9,7,1,9,2
3422823246203542050-2412211404,1,9,7,1,9,2
3422823246203542050-2412221404,1,9,7,1,9,2
3422823246203542050-2412231404,1,9,7,1,9,2
3422823246203542050-2412241404,1,9,7,1,9,2
3422823246203542050-2412251404,1,9,7,1,9,2
3422823246203542050-2412261404,1,9,7,1,9,2
3422823246203542050-2412271404,1,9,7,1,9,2
3422823246203542050-2412281404,1,9,7,1,9,2
3422823246203542050-2412291404,1,9,7,1,9,2
3422823246203542050-2412301404,1,9,7,1,9,2
3422823246203542050-2412311404,1,9,7,1,9,2
3422823246203542050-2501011404,1,9,7,1,9,2
3422823246203542050-2501021404,1,9,7,1,9,2
3422823246203542050-2501031404,1,9,7,1,9,2
3422823246203542050-2501041404,1,9,7,1,9,2
3422823246203542050-2501051404,1,9,7,1,9,2
3422823246203542050-2501061404,1,9,7,1,9,2
3422823246203542050-2501071404,1,9,7,1,9,2
3422823246203542050-2501081404,1,9,7,1,9,2
3422823246203542050-2501091404,1,9,7,1,9,2
3422823246203542050-2501101404,1,9,7,1,9,2
3422823246203542050-2501111404,1,9,7,1,9,2
3422823246203542050-2501121404,1,9,7,1,9,2
3422823246203542050-2501131404,1,9,7,1,9,2
3422823246203542050-2501141404,1,9,7,1,9,2
3422823246203542050-2501151404,1,9,7,1,9,2
3422823246203542050-2501161404,1,9,7,1,9,2
3422823246203542050-2501171404,1,9,7,1,9,2
3422823246203542050-2501181404,1,9,7,1,9,2
3422823246203542050-2501191404,1,9,7,1,9,2
3422823246203542050-2501201404,1,9,7,1,9,2
3422823246203542050-2501211404,1,9,7,1,9,2
3422823246203542050-2501221404,1,9,7,1,9,2
3422823246203542050-2501231404,1,9,7,1,9,2
3422823246203542050-2501241404,1,9,7,1,9,2
3422823246203542050-2501251404,1,9,7,1,9,2
3422823246203542050-2501261404,1,9,7,1,9,2
3422823246203542050-2501271404,1,9,7,1,9,2
3422823246203542050-2501281404,1,9,7,1,9,2
3422823246203542050-2501291404,1,9,7,1,9,2
3422823246203542050-2501301404,1,9,7,1,9,2
3422823246203542050-2501311404,1,9,7,1,9,2
3422823246203542050-2502011404,1,9,7,1,9,2
3422823246203542050-2502021404,1,9,7,1,9,2
3422823246203542050-2502031404,1,9,7,1,9,2
3422823246203542050-2502041404,1,9,7,1,9,2
3422823246203542050-2502051404,1,9,7,1,9,2
3422823246203542050-2502061404,1,9,7,1,9,2
3422823246203542050-2502071404,1,9,7,1,9,2
3422823246203542050-2502081404,1,9,7,1,9,2
3422823246203542050-2502091404,1,9,7,1,9,2
3422823246203542050-2502101404,1,9,7,1,9,2
3422823246203542050-2502111404,1,9,7,1,9,2
3422823246203542050-2502121404,1,9,7,1,9,2
3422823246203542050-2502131404,1,9,7,1,9,2
3422823246203542050-2502141404,1,9,7,1,9,2
3422823246203542050-2502151404,1,9,7,1,9,2
3422823246203542050-2502161404,1,9,7,1,9,2
3422823246203542050-2502171404,1,9,7,1,9,2
3422823246203542050-2504221404,1,9,7,1,9,2
3422823246203542050-2504231404,1,9,7,1,9,2
3422823246203542050-2504241404,1,9,7,1,9,2
3422823246203542050-2504251404,1,9,7,1,9,2
3422823246203542050-2504261404,1,9,7,1,9,2
3422823246203542050-2504271404,1,9,7,1,9,2
3422823246203542050-2504281404,1,9,7,1,9,2
3422823246203542050-2504291404,1,9,7,1,9,2
3422823246203542050-2504301404,1,9,7,1,9,2
3422823246203542050-2505011404,1,9,7,1,9,2
3422823246203542050-2505021404,1,9,7,1,9,2
3422823246203542050-2505031404,1,9,7,1,9,2
3422823246203542050-2505041404,1,9,7,1,9,2
3422823246203542050-2505051404,1,9,7,1,9,2
3422823246203542050-2505061404,1,9,7,1,9,2
3422823246203542050-2505071404,1,9,7,1,9,2
3422823246203542050-2505081404,1,9,7,1,9,2
3422823246203542050-2505091404,1,9,7,1,9,2
3422823246203542050-2505101404,1,9,7,1,9,2
3422823246203542050-2505111404,1,9,7,1,9,2
3422823246203542050-2505121404,1,9,7,1,9,2
3422823246203542050-2505131404,1,9,7,1,9,2
3422823246203542050-2505141404,1,9,7,1,9,2
3422823246203542050-2505151404,1,9,7,1,9,2
3422823246203542050-2505161404,1,9,7,1,9,2
3422823246203542050-2505171404,1,9,7,1,9,2
3422823246203542050-2505181404,1,9,7,1,9,2
3422823246203542050-2505191404,1,9,7,1,9,2
3422823246203542050-2505201404,1,9,7,1,9,2
3422823246203542050-2505211404,1,9,7,1,9,2
3422823246203542050-2505221404,1,9,7,1,9,2
3422823246203542050-2505231404,1,9,7,1,9,2
3422823246203542050-2505241404,1,9,7,1,9,2
3422823246203542050-2505251404,1,9,7,1,9,2
3422823246203542050-2505261404,1,9,7,1,9,2
3422823246203542050-2505271404,1,9,7,1,9,2
3422823246203542050-2505281404,1,9,7,1,9,2
3422823246203542050-2505291404,1,9,7,1,9,2
3422823246203542050-2505301404,1,9,7,1,9,2
3422823246203542050-2505311404,1,9,7,1,9,2
3422823246203542050-2506011404,1,9,7,1,9,2
3422823246203542050-2506021404,1,9,7,1,9,2
3422823246203542050-2506031404,1,9,7,1,9,2
3422823246203542050-2506041404,1,9,7,1,9,2
3422823246203542050-2506051404,1,9,6,1,9,3
3422823246203542050-2506061404,1,9,7,1,9,2
3422823246203542050-2506071404,1,9,7,1,9,2
3422823246203542050-2506081404,1,9,7,1,9,2
3422823246203542050-2506091404,1,9,7,1,9,2
3422823246203542050-2506101404,1,9,7,1,9,2
3422823246203542050-2506111404,1,9,7,1,9,2
3422823246203542050-2506121404,1,9,7,1,9,2
3422823246203542050-2506131404,1,9,7,1,9,2
3422823246203542050-2506141404,1,9,7,1,9,2
3422823246203542050-2506151404,1,9,7,1,9,2
3422823246203542050-2506161404,1,9,7,1,9,2
3422823246203542050-2506171404,1,9,7,1,9,2
3422823246203542050-2506181404,1,9,7,1,9,2
3422823246203542050-2506191404,1,9,7,1,9,2
3422823246203542050-2506201404,1,9,7,1,9,2
3422823246203542050-2506211404,1,9,7,1,9,2
3422823246203542050-2506221404,1,9,7,1,9,2
3422823246203542050-2506231404,1,9,7,1,9,2
3422823246203542050-2506241404,1,9,7,1,9,2
3422823246203542050-2506251404,1,9,7,1,9,2
3422823246203542050-2507121404,1,9,7,1,9,2
3422823246203542050-2507131404,1,9,7,1,9,2
3422823246203542050-2507141404,1,9,7,1,9,2
3422823246203542050-2507151403,1,9,7,1,9,2
3422823246203542050-2507161403,1,9,7,1,9,2
3422823246203542050-2507171403,1,9,7,1,9,2
3422823246203542050-2507181403,1,9,7,1,9,2
3422823246203542050-2507191403,1,9,7,1,9,2
3422823246203542050-2507201403,1,9,7,1,9,2
3422823246203542050-2507211403,1,9,7,1,9,2
3422823246203542050-2507221403,1,9,7,1,9,2
3422823246203542050-2507231404,1,9,7,1,9,2
3422823246203542050-2507241404,1,9,7,1,9,2
3422823246203542050-2507251404,1,9,7,1,9,2
3422823246203542050-2507261404,1,9,7,1,9,2
3422823246203542050-2507271404,1,9,7,1,9,2
3422823246203542050-2507281404,1,9,7,1,9,2
3422823246203542050-2507291404,1,9,7,1,9,2
3422823246203542050-2507301404,1,9,7,1,9,2
3422823246203542050-2507311404,1,9,7,1,9,2
3422823246203542050-2508011404,1,9,7,1,9,2
3422823246203542050-2509241312,1,8,6,1,8,2
3422823246203542050-2509251312,1,8,6,1,8,2
3422823246203542050-2509261312,1,8,6,1,8,2
3422823246203542050-2509271312,1,8,6,1,8,2
3422823246203542050-2509281312,1,8,6,1,8,2
3422823246203542050-2509291312,1,8,6,1,8,2
3422823246203542050-2509301312,1,8,6,1,8,2
3422823246203542050-2510011312,1,8,6,1,8,2
3422823246203542050-2510021312,1,8,6,1,8,2
3422823246203542050-2510031312,1,8,6,1,8,2
3422823246203542050-2510061312,1,8,6,1,8,2
3422823246203542050-2510071312,1,8,6,1,8,2
3422823246203542050-2510081312,1,8,6,1,8,2
3422823246203542050-2510091312,1,8,6,1,8,2
3422823246203542050-2510101312,1,8,6,1,8,2
3422823246203542050-2510131312,1,8,6,1,8,2
3422823246203542050-2510141312,1,8,6,1,8,2
3422823246203542050-2510151312,1,8,6,1,8,2
3422823246203542050-2510161312,1,8,6,1,8,2
3422823246203542050-2510171312,1,8,6,1,8,2
3422823246203542050-2510181312,1,6,5,1,6,1
3422823246203542050-2510191312,1,6,5,1,6,1
3422823246203542050-2510201312,1,8,6,1,8,2
3422823246203542050-2510211312,1,8,6,1,8,2
3422823246203542050-2510221312,1,8,6,1,8,2
3422823246203542050-2510231312,1,8,6,1,8,2
3422823246203542050-2510241312,1,8,6,1,8,2
3422823246203542050-2510261312,1,6,5,1,6,1
3422823246203542050-2510271312,1,6,5,1,6,1
3422823246203542050-2510281312,1,6,5,1,6,1
3422823246203542050-2510301312,1,6,5,1,6,1
3422823246203542050-2510311312,1,6,5,1,6,1
3422823246203542050-2511011312,1,6,5,1,6,1
3422823246203542050-2511021312,1,6,5,1,6,1
3437552078530199759-2510101328,1,15,14,1,15,1
3437552078530199759-2510130945,1,8,6,1,8,2
3437552078530199759-2510191345,1,7,5,1,7,2
3633423506968040756-2407010718,5,13,8,5,13,1
3633423506968040756-2407020718,5,13,8,5,13,1
3633423506968040756-2407030718,5,13,8,5,13,1
3633423506968040756-2407040718,5,13,8,5,13,1
3633423506968040756-2407050718,5,13,8,5,13,1
3633423506968040756-2407060718,5,13,8,5,13,1
3633423506968040756-2407070718,5,13,8,5,13,1
3633423506968040756-2407080718,5,13,8,5,13,1
3633423506968040756-2407090718,5,13,8,5,13,1
3633423506968040756-2407100718,5,13,8,5,13,1
3633423506968040756-2407110718,5,13,8,5,13,1
3633423506968040756-2407120718,5,13,8,5,13,1
3633423506968040756-2407130718,5,13,8,5,13,1
3633423506968040756-2407140718,5,13,8,5,13,1
3633423506968040756-2407150718,5,13,8,5,13,1
3633423506968040756-2407160718,5,13,8,5,13,1
3633423506968040756-2407170718,5,13,8,5,13,1
3633423506968040756-2407180718,5,13,8,5,13,1
3633423506968040756-2407190718,5,13,8,5,13,1
3633423506968040756-2407200718,5,13,8,5,13,1
3633423506968040756-2407210718,5,13,8,5,13,1
3633423506968040756-2407220718,5,13,8,5,13,1
3633423506968040756-2407230718,5,13,8,5,13,1
3633423506968040756-2407240718,5,13,8,5,13,1
3633423506968040756-2407250718,5,13,8,5,13,1
3633423506968040756-2407260718,5,13,8,5,13,1
3633423506968040756-2407270618,5,13,8,5,13,1
3633423506968040756-2407280618,5,13,8,5,13,1
3633423506968040756-2407290618,5,13,8,5,13,1
3633423506968040756-2407300618,5,13,8,5,13,1
3633423506968040756-2407310618,5,13,8,5,13,1
3633423506968040756-2408010618,5,13,8,5,13,1
3633423506968040756-2408020618,5,13,8,5,13,1
3633423506968040756-2408030618,5,13,8,5,13,1
3633423506968040756-2408040618,5,13,8,5,13,1
3633423506968040756-2408050618,5,13,8,5,13,1
3633423506968040756-2408060618,5,13,8,5,13,1
3633423506968040756-2408070618,5,13,8,5,13,1
3633423506968040756-2408080618,5,13,8,5,13,1
3633423506968040756-2408090618,5,13,8,5,13,1
3633423506968040756-2408100618,5,13,8,5,13,1
3633423506968040756-2408110618,5,13,8,5,13,1
3633423506968040756-2408120618,5,13,8,5,13,1
3633423506968040756-2408130618,5,13,8,5,13,1
3633423506968040756-2408140618,5,13,8,5,13,1
3633423506968040756-2408150618,5,13,8,5,13,1
3633423506968040756-2408160718,5,13,8,5,13,1
3633423506968040756-2408170635,7,15,8,7,15,1
3633423506968040756-2408180635,7,15,8,7,15,1
3633423506968040756-2408190635,7,15,8,7,15,1
3633423506968040756-2408200635,7,15,8,7,15,1
3633423506968040756-2408210635,7,15,8,7,15,1
3633423506968040756-2408220635,7,15,8,7,15,1
3633423506968040756-2408230635,7,15,8,7,15,1
3633423506968040756-2408240635,7,15,8,7,15,1
3633423506968040756-2408250635,7,15,8,7,15,1
3633423506968040756-2408260635,7,15,8,7,15,1
3633423506968040756-2408270635,7,15,8,7,15,1
3633423506968040756-2408280635,7,15,8,7,15,1
3633423506968040756-2408290635,7,15,8,7,15,1
3633423506968040756-2408300635,7,15,8,7,15,1
3633423506968040756-2408310636,7,15,8,7,15,1
3633423506968040756-2409080635,7,15,8,7,15,1
3633423506968040756-2409090635,7,15,8,7,15,1
3633423506968040756-2409100635,7,15,8,7,15,1
3633423506968040756-2409110635,7,15,8,7,15,1
3633423506968040756-2409120635,7,15,8,7,15,1
3633423506968040756-2409130635,7,15,8,7,15,1
3633423506968040756-2409140635,7,15,8,7,15,1
3633423506968040756-2409150635,7,15,8,7,15,1
3633423506968040756-2409160635,7,15,8,7,15,1
3633423506968040756-2409170635,7,15,8,7,15,1
3633423506968040756-2409180635,7,15,8,7,15,1
3633423506968040756-2409190635,7,15,8,7,15,1
3633423506968040756-2409200635,7,16,9,7,16,1
3633423506968040756-2409210635,7,16,9,7,16,1
3633423506968040756-2409220635,7,16,9,7,16,1
3633423506968040756-2409230635,7,16,9,7,16,1
3633423506968040756-2409240635,7,14,7,7,14,1
3633423506968040756-2409250635,7,14,7,7,14,1
3633423506968040756-2409260635,7,14,7,7,14,1
3633423506968040756-2409270635,7,14,7,7,14,1
3633423506968040756-2409280635,7,14,7,7,14,1
3633423506968040756-2409290635,7,14,7,7,14,1
3633423506968040756-2409300635,7,14,7,7,14,1
3633423506968040756-2410010635,7,14,7,7,14,1
3633423506968040756-2410020635,7,14,7,7,14,1
3633423506968040756-2410030635,7,14,7,7,14,1
3633423506968040756-2410040635,7,14,7,7,14,1
3633423506968040756-2410050635,7,15,8,7,15,1
3633423506968040756-2410060635,7,15,8,7,15,1
3633423506968040756-2410070635,7,15,8,7,15,1
3633423506968040756-2410080635,7,15,8,7,15,1
3633423506968040756-2410090635,7,15,8,7,15,1
3633423506968040756-2410100635,7,15,8,7,15,1
3633423506968040756-2410110635,7,15,8,7,15,1
3633423506968040756-2410120635,7,15,8,7,15,1
3633423506968040756-2410130635,7,15,8,7,15,1
3633423506968040756-2410140635,7,15,8,7,15,1
3633423506968040756-2410150635,7,15,8,7,15,1
3633423506968040756-2410160635,7,15,8,7,15,1
3633423506968040756-2410170635,7,15,8,7,15,1
3633423506968040756-2410180635,7,15,8,7,15,1
3633423506968040756-2410190635,7,15,8,7,15,1
3633423506968040756-2410200635,7,15,8,7,15,1
3633423506968040756-2410210635,7,15,8,7,15,1
3633423506968040756-2410220635,7,15,8,7,15,1
3633423506968040756-2410230635,7,15,8,7,15,1
3633423506968040756-2410240635,7,15,8,7,15,1
3633423506968040756-2410250635,7,15,8,7,15,1
3633423506968040756-2410260635,7,16,9,7,16,1
3633423506968040756-2410270635,7,16,9,7,16,1
3633423506968040756-2410280635,7,16,9,7,16,1
3633423506968040756-2410290635,7,16,9,7,16,1
3633423506968040756-2410300635,7,16,9,7,16,1
3633423506968040756-2410310635,7,16,9,7,16,1
3633423506968040756-2411010635,7,16,9,7,16,1
3633423506968040756-2411020635,7,15,8,7,15,1
3633423506968040756-2411030635,7,15,8,7,15,1
3633423506968040756-2411040635,7,15,8,7,15,1
3633423506968040756-2411050635,7,15,8,7,15,1
3633423506968040756-2411060635,7,15,8,7,15,1
3633423506968040756-2411070635,7,15,8,7,15,1
3633423506968040756-2411080635,7,15,8,7,15,1
3633423506968040756-2411090603,7,16,8,7,16,2
3633423506968040756-2411100601,8,17,8,8,17,2
3633423506968040756-2411110601,8,17,8,8,17,2
3633423506968040756-2411120601,8,17,8,8,17,2
3633423506968040756-2411130601,8,17,8,8,17,2
3633423506968040756-2411140601,8,17,8,8,17,2
3633423506968040756-2411150601,8,17,8,8,17,2
3633423506968040756-2411160603,7,16,8,7,16,2
3633423506968040756-2411170603,7,16,8,7,16,2
3633423506968040756-2411180601,8,17,8,8,17,2
3633423506968040756-2411190601,8,17,8,8,17,2
3633423506968040756-2411200601,8,17,8,8,17,2
3633423506968040756-2411210601,8,17,8,8,17,2
3633423506968040756-2411220635,7,15,8,7,15,1
3633423506968040756-2411240635,7,16,9,7,16,1
3633423506968040756-2411250635,7,16,9,7,16,1
3633423506968040756-2411260635,7,16,9,7,16,1
3633423506968040756-2411270635,7,16,9,7,16,1
3633423506968040756-2411280635,7,16,9,7,16,1
3633423506968040756-2411290635,7,16,9,7,16,1
3633423506968040756-2411300635,7,16,8,7,16,2
3633423506968040756-2412010635,7,16,8,7,16,2
3633423506968040756-2412020635,7,15,8,7,15,1
3633423506968040756-2412030635,7,15,8,7,15,1
3633423506968040756-2412040635,7,15,8,7,15,1
3633423506968040756-2412050635,7,15,8,7,15,1
3633423506968040756-2412060635,7,15,8,7,15,1
3633423506968040756-2412070635,7,15,8,7,15,1
3633423506968040756-2412080635,7,15,8,7,15,1
3633423506968040756-2412090635,7,15,8,7,15,1
3633423506968040756-2412100635,7,15,8,7,15,1
3633423506968040756-2412110635,7,15,8,7,15,1
3633423506968040756-2412120635,7,15,8,7,15,1
3633423506968040756-2412130635,7,15,8,7,15,1
3633423506968040756-2412140635,7,15,8,7,15,1
3633423506968040756-2412150718,5,13,8,5,13,1
3633423506968040756-2412160718,5,13,8,5,13,1
3633423506968040756-2412170718,5,13,8,5,13,1
3633423506968040756-2412180718,5,13,8,5,13,1
3633423506968040756-2412190718,5,13,8,5,13,1
3633423506968040756-2412200718,5,13,8,5,13,1
3633423506968040756-2412210718,5,13,8,5,13,1
3633423506968040756-2412220718,5,13,8,5,13,1
3633423506968040756-2412230718,5,13,8,5,13,1
3633423506968040756-2412240718,5,13,8,5,13,1
3633423506968040756-2412250718,5,13,8,5,13,1
3633423506968040756-2412260718,5,13,8,5,13,1
3633423506968040756-2412270718,5,13,8,5,13,1
3633423506968040756-2412280718,5,13,8,5,13,1
3633423506968040756-2412290718,5,13,8,5,13,1
3633423506968040756-2412300718,5,13,8,5,13,1
3633423506968040756-2412310718,5,13,8,5,13,1
3633423506968040756-2501010718,5,13,8,5,13,1
3633423506968040756-2501020718,5,13,8,5,13,1
3633423506968040756-2501030718,5,13,8,5,13,1
3633423506968040756-2501040718,5,13,8,5,13,1
3633423506968040756-2501050718,5,13,8,5,13,1
3633423506968040756-2501060718,5,13,8,5,13,1
3633423506968040756-2501070718,5,13,8,5,13,1
3633423506968040756-2501080718,5,13,8,5,13,1
3633423506968040756-2501090718,5,13,8,5,13,1
3633423506968040756-2501100718,5,13,8,5,13,1
3633423506968040756-2501110718,5,13,8,5,13,1
3633423506968040756-2501120718,5,13,8,5,13,1
3633423506968040756-2501130718,5,13,8,5,13,1
3633423506968040756-2501140718,5,13,8,5,13,1
3633423506968040756-2501150718,5,13,8,5,13,1
3633423506968040756-2501160718,5,13,8,5,13,1
3633423506968040756-2501170718,5,13,8,5,13,1
3633423506968040756-2501180718,5,13,8,5,13,1
3633423506968040756-2501190718,5,13,8,5,13,1
3633423506968040756-2501200718,5,13,8,5,13,1
3633423506968040756-2501210718,5,13,8,5,13,1
3633423506968040756-2501220718,5,13,8,5,13,1
3633423506968040756-2501230718,5,13,8,5,13,1
3633423506968040756-2501240718,5,13,8,5,13,1
3633423506968040756-2501250718,5,13,8,5,13,1
3633423506968040756-2501260718,5,13,8,5,13,1
3633423506968040756-2501270718,5,13,8,5,13,1
3633423506968040756-2501280718,5,13,8,5,13,1
3633423506968040756-2501290718,5,13,8,5,13,1
3633423506968040756-2501300718,5,13,8,5,13,1
3633423506968040756-2501310718,5,13,8,5,13,1
3633423506968040756-2502010718,5,13,8,5,13,1
3633423506968040756-2502020718,5,13,8,5,13,1
3633423506968040756-2502030718,5,13,8,5,13,1
3633423506968040756-2502040718,5,13,8,5,13,1
3633423506968040756-2502050718,5,13,8,5,13,1
3633423506968040756-2502060718,5,13,8,5,13,1
3633423506968040756-2502070718,5,13,8,5,13,1
3633423506968040756-2502080718,5,13,8,5,13,1
3633423506968040756-2502090718,5,13,8,5,13,1
3633423506968040756-2502100718,5,13,8,5,13,1
3633423506968040756-2502110718,5,13,8,5,13,1
3633423506968040756-2502120718,5,13,8,5,13,1
3633423506968040756-2502130718,5,13,8,5,13,1
3633423506968040756-2502140718,5,13,8,5,13,1
3633423506968040756-2502150718,5,13,8,5,13,1
3633423506968040756-2502160718,5,13,8,5,13,1
3633423506968040756-2502170718,5,13,8,5,13,1
3633423506968040756-2502180718,5,13,8,5,13,1
3633423506968040756-2502190718,5,13,8,5,13,1
3633423506968040756-2502200718,5,13,8,5,13,1
3633423506968040756-2502210718,5,13,8,5,13,1
3633423506968040756-2502220718,5,13,8,5,13,1
3633423506968040756-2502230718,5,13,8,5,13,1
3633423506968040756-2502240718,5,13,8,5,13,1
3633423506968040756-2502250718,5,13,8,5,13,1
3633423506968040756-2502260718,5,13,8,5,13,1
3633423506968040756-2502270718,5,13,8,5,13,1
3633423506968040756-2502280718,5,13,8,5,13,1
3633423506968040756-2503010718,5,13,8,5,13,1
3633423506968040756-2503020718,5,13,8,5,13,1
3633423506968040756-2503030718,5,13,8,5,13,1
3633423506968040756-2503040718,5,13,8,5,13,1
3633423506968040756-2503050718,5,13,8,5,13,1
3633423506968040756-2503060718,5,13,8,5,13,1
3633423506968040756-2503070718,5,13,8,5,13,1
3633423506968040756-2503240718,5,13,8,5,13,1
3633423506968040756-2503250718,5,15,8,5,15,3
3633423506968040756-2503260718,5,15,8,5,15,3
3633423506968040756-2503270718,5,13,8,5,13,1
3633423506968040756-2503280718,5,13,8,5,13,1
3633423506968040756-2503290718,5,13,8,5,13,1
3633423506968040756-2503300718,5,13,8,5,13,1
3633423506968040756-2503310718,5,13,8,5,13,1
3633423506968040756-2504010718,5,13,8,5,13,1
3633423506968040756-2504020718,5,13,8,5,13,1
3633423506968040756-2504030718,5,13,8,5,13,1
3633423506968040756-2504040718,5,13,8,5,13,1
3633423506968040756-2504050718,5,13,8,5,13,1
3633423506968040756-2504060718,5,13,8,5,13,1
3633423506968040756-2504070718,5,13,8,5,13,1
3633423506968040756-2504080718,5,13,8,5,13,1
3633423506968040756-2504090718,5,13,8,5,13,1
3633423506968040756-2504100718,5,13,8,5,13,1
3633423506968040756-2504110718,5,13,8,5,13,1
3633423506968040756-2504120718,5,13,8,5,13,1
3633423506968040756-2504130718,5,13,8,5,13,1
3633423506968040756-2504140718,5,13,8,5,13,1
3633423506968040756-2504150718,5,13,8,5,13,1
3633423506968040756-2504160718,5,13,8,5,13,1
3633423506968040756-2504170718,5,13,8,5,13,1
3633423506968040756-2504180718,5,13,8,5,13,1
3633423506968040756-2504190657,5,13,8,5,13,1
3633423506968040756-2504200657,5,13,8,5,13,1
3633423506968040756-2504210657,5,13,8,5,13,1
3633423506968040756-2504220718,5,13,8,5,13,1
3633423506968040756-2504230718,5,13,8,5,13,1
3633423506968040756-2504240718,5,13,8,5,13,1
3633423506968040756-2504250718,5,13,8,5,13,1
3633423506968040756-2504260718,5,13,8,5,13,1
3633423506968040756-2504270718,5,13,8,5,13,1
3633423506968040756-2504280718,5,13,8,5,13,1
3633423506968040756-2504290718,5,13,8,5,13,1
3633423506968040756-2504300718,5,13,8,5,13,1
3633423506968040756-2505010718,5,13,8,5,13,1
3633423506968040756-2505020718,5,13,8,5,13,1
3633423506968040756-2505030718,5,13,8,5,13,1
3633423506968040756-2505040718,5,13,8,5,13,1
3633423506968040756-2505050718,5,13,8,5,13,1
3633423506968040756-2505060718,5,13,8,5,13,1
3633423506968040756-2505070718,5,13,8,5,13,1
3633423506968040756-2505080718,5,13,8,5,13,1
3633423506968040756-2505090718,5,13,8,5,13,1
3633423506968040756-2505100718,5,13,8,5,13,1
3633423506968040756-2505110718,5,13,8,5,13,1
3633423506968040756-2505120718,5,13,8,5,13,1
3633423506968040756-2505130718,5,13,8,5,13,1
3633423506968040756-2505140718,5,13,8,5,13,1
3633423506968040756-2505150718,5,13,8,5,13,1
3633423506968040756-2505160718,5,13,8,5,13,1
3633423506968040756-2505170718,5,13,8,5,13,1
3633423506968040756-2505180622,5,13,8,5,13,1
3633423506968040756-2505190718,5,13,8,5,13,1
3633423506968040756-2505200718,5,13,8,5,13,1
3633423506968040756-2505210718,5,13,8,5,13,1
3633423506968040756-2505220718,5,13,8,5,13,1
3633423506968040756-2505230718,5,13,8,5,13,1
3633423506968040756-2505240718,5,13,8,5,13,1
3633423506968040756-2505250718,5,13,8,5,13,1
3633423506968040756-2505260718,5,13,8,5,13,1
3633423506968040756-2505270718,5,13,8,5,13,1
3633423506968040756-2505280718,5,13,8,5,13,1
3633423506968040756-2505290718,5,13,8,5,13,1
3633423506968040756-2505300718,5,13,8,5,13,1
3633423506968040756-2505310718,5,13,8,5,13,1
3633423506968040756-2506010718,5,13,8,5,13,1
3633423506968040756-2506020718,5,13,8,5,13,1
3633423506968040756-2506030718,5,13,8,5,13,1
3633423506968040756-2506040718,5,13,8,5,13,1
3633423506968040756-2506050718,5,13,8,5,13,1
3633423506968040756-2506060718,5,13,8,5,13,1
3633423506968040756-2506070718,5,13,8,5,13,1
3633423506968040756-2506080718,5,13,8,5,13,1
3633423506968040756-2506090718,5,13,8,5,13,1
3633423506968040756-2506100718,5,13,8,5,13,1
3633423506968040756-2506110718,5,13,8,5,13,1
3633423506968040756-2506120718,5,13,8,5,13,1
3633423506968040756-2506130718,5,13,8,5,13,1
3633423506968040756-2506140718,5,13,8,5,13,1
3633423506968040756-2506150718,5,13,8,5,13,1
3633423506968040756-2506160718,5,13,8,5,13,1
3633423506968040756-2506170718,5,13,8,5,13,1
3633423506968040756-2506180718,5,13,8,5,13,1
3633423506968040756-2506190718,5,13,8,5,13,1
3633423506968040756-2506200718,5,13,8,5,13,1
3633423506968040756-2506210718,5,13,8,5,13,1
3633423506968040756-2506220718,5,13,8,5,13,1
3633423506968040756-2506230718,5,13,8,5,13,1
3633423506968040756-2506240718,5,13,8,5,13,1
3633423506968040756-2506250718,5,13,8,5,13,1
3633423506968040756-2506260718,5,13,8,5,13,1
3633423506968040756-2506270718,5,15,7,5,15,4
3633423506968040756-2506280718,5,15,7,5,15,4
3633423506968040756-2506290718,5,15,7,5,15,4
3633423506968040756-2506300718,5,15,7,5,15,4
3633423506968040756-2507010718,5,15,7,5,15,4
3633423506968040756-2507020718,5,15,7,5,15,4
3633423506968040756-2507030718,5,15,7,5,15,4
3633423506968040756-2507040718,5,15,7,5,15,4
3633423506968040756-2507050718,5,15,7,5,15,4
3633423506968040756-2507060718,5,15,7,5,15,4
3633423506968040756-2507070718,5,15,7,5,15,4
3633423506968040756-2507080718,5,15,7,5,15,4
3633423506968040756-2507090718,5,15,7,5,15,4
3633423506968040756-2507100718,5,15,7,5,15,4
3633423506968040756-2507110718,5,15,7,5,15,4
3633423506968040756-2507120718,5,13,8,5,13,1
3633423506968040756-2507130718,5,13,8,5,13,1
3633423506968040756-2507140718,5,13,8,5,13,1
3633423506968040756-2507150718,4,12,8,4,12,1
3633423506968040756-2507160718,4,12,8,4,12,1
3633423506968040756-2507170718,4,12,8,4,12,1
3633423506968040756-2507180718,4,12,8,4,12,1
3633423506968040756-2507190718,4,12,8,4,12,1
3633423506968040756-2507200718,4,12,8,4,12,1
3633423506968040756-2507210718,4,12,8,4,12,1
3633423506968040756-2507220718,4,12,8,4,12,1
3633423506968040756-2507230718,5,13,8,5,13,1
3633423506968040756-2507240718,5,13,8,5,13,1
3633423506968040756-2507250718,5,13,8,5,13,1
3633423506968040756-2508040634,8,16,8,8,16,1
3633423506968040756-2508050634,8,16,8,8,16,1
3633423506968040756-2508060634,8,16,8,8,16,1
3633423506968040756-2508070634,8,16,8,8,16,1
3633423506968040756-2508080634,8,16,8,8,16,1
3633423506968040756-2508090634,8,16,8,8,16,1
3633423506968040756-2508100634,8,16,8,8,16,1
3633423506968040756-2508110634,8,16,8,8,16,1
3633423506968040756-2508120634,8,16,8,8,16,1
3633423506968040756-2508130634,8,16,8,8,16,1
3633423506968040756-2508140634,8,16,8,8,16,1
3633423506968040756-2508150634,8,16,8,8,16,1
3633423506968040756-2508160634,8,16,8,8,16,1
3633423506968040756-2508170634,8,16,8,8,16,1
3633423506968040756-2508180634,8,16,8,8,16,1
3633423506968040756-2508190634,8,16,8,8,16,1
3633423506968040756-2508200634,8,16,8,8,16,1
3633423506968040756-2508210634,8,16,8,8,16,1
3633423506968040756-2508220634,8,16,8,8,16,1
3633423506968040756-2508230634,8,16,8,8,16,1
3633423506968040756-2508240634,8,16,8,8,16,1
3633423506968040756-2508250633,8,15,7,8,15,1
3633423506968040756-2508260633,8,15,7,8,15,1
3633423506968040756-2508270633,8,15,7,8,15,1
3633423506968040756-2508280633,8,15,7,8,15,1
3633423506968040756-2508290633,8,15,7,8,15,1
3633423506968040756-2508300633,8,15,7,8,15,1
3633423506968040756-2508310633,8,15,7,8,15,1
3633423506968040756-2509010633,8,15,7,8,15,1
3633423506968040756-2509020633,8,15,7,8,15,1
3633423506968040756-2509030633,8,15,7,8,15,1
3633423506968040756-2509040633,8,15,7,8,15,1
3633423506968040756-2509050633,8,15,7,8,15,1
3633423506968040756-2509060634,8,16,8,8,16,1
3633423506968040756-2509070634,8,16,8,8,16,1
3633423506968040756-2509080634,8,16,8,8,16,1
3633423506968040756-2509090634,8,16,8,8,16,1
3633423506968040756-2509100634,8,16,8,8,16,1
3633423506968040756-2509110634,8,16,8,8,16,1
3633423506968040756-2509120634,8,16,8,8,16,1
3633423506968040756-2509130634,8,16,8,8,16,1
3633423506968040756-2509140634,8,16,8,8,16,1
3633423506968040756-2509150634,8,16,8,8,16,1
3633423506968040756-2509160634,8,16,8,8,16,1
3633423506968040756-2509170634,8,16,8,8,16,1
3633423506968040756-2509180634,8,16,8,8,16,1
3633423506968040756-2509190634,8,16,8,8,16,1
3633423506968040756-2509200634,8,16,8,8,16,1
3633423506968040756-2509210634,8,16,8,8,16,1
3633423506968040756-2509220634,8,16,8,8,16,1
3633423506968040756-2509230634,8,16,8,8,16,1
3641734520660029853-2408081447,2,7,5,2,7,1
3641734520660029853-2408091447,2,7,5,2,7,1
3641734520660029853-2408101447,2,7,5,2,7,1
3641734520660029853-2408111447,2,7,5,2,7,1
3641734520660029853-2408121447,2,7,5,2,7,1
3641734520660029853-2408131447,2,7,5,2,7,1
3641734520660029853-2408141447,2,7,5,2,7,1
3641734520660029853-2408151447,2,7,5,2,7,1
3652971594974738779-2503080936,3,13,9,3,13,2
3652971594974738779-2503090936,3,13,9,3,13,2
3652971594974738779-2503100936,3,13,9,3,13,2
3652971594974738779-2503110936,3,13,9,3,13,2
3652971594974738779-2503120936,3,13,9,3,13,2
3652971594974738779-2503130936,3,13,9,3,13,2
3652971594974738779-2503140936,3,13,9,3,13,2
3652971594974738779-2503150936,3,13,9,3,13,2
3652971594974738779-2503160936,3,13,9,3,13,2
3652971594974738779-2503170936,3,13,9,3,13,2
3652971594974738779-2503180936,3,13,9,3,13,2
3652971594974738779-2503190936,3,13,9,3,13,2
3652971594974738779-2503200936,3,13,9,3,13,2
3652971594974738779-2503210936,3,13,9,3,13,2
3652971594974738779-2507260921,3,13,9,3,13,2
3652971594974738779-2507270921,3,13,9,3,13,2
3652971594974738779-2507280921,3,13,9,3,13,2
3652971594974738779-2507290921,3,13,9,3,13,2
3652971594974738779-2507300921,3,13,9,3,13,2
3652971594974738779-2507310921,3,13,9,3,13,2
3652971594974738779-2508010921,3,13,9,3,13,2
3652971594974738779-2508020852,6,16,9,6,16,2
3652971594974738779-2508030852,6,16,9,6,16,2
3652971594974738779-2508040852,6,16,9,6,16,2
3679883578898213864-2408190619,2,10,7,2,10,2
3679883578898213864-2408220520,2,12,9,2,12,2
3679883578898213864-2502180519,2,12,9,2,12,2
3679883578898213864-2502200908,2,15,12,2,15,2
3679883578898213864-2503100908,2,15,12,2,15,2
3679883578898213864-2507090912,2,17,15,2,17,1
3769977049489594163-2408200742,9,19,9,9,19,2
3945089534711247477-2409030737,7,15,7,7,15,2
3945089534711247477-2409051437,7,16,8,7,16,2
3945089534711247477-2409071437,8,17,8,8,17,2
3945089534711247477-2503091232,6,13,6,6,13,2
3969904738531350806-2509240836,1,8,7,1,8,1
3969904738531350806-2509250836,1,8,7,1,8,1
3969904738531350806-2509260836,1,8,7,1,8,1
3969904738531350806-2509270836,1,8,7,1,8,1
3969904738531350806-2509280836,1,8,7,1,8,1
3969904738531350806-2509290836,1,8,7,1,8,1
3969904738531350806-2509300836,1,8,7,1,8,1
3969904738531350806-2510010836,1,8,7,1,8,1
3969904738531350806-2510020836,1,8,7,1,8,1
3969904738531350806-2510030836,1,8,7,1,8,1
3969904738531350806-2510040836,1,8,7,1,8,1
3969904738531350806-2510050836,1,8,7,1,8,1
3969904738531350806-2510060836,1,7,6,1,7,1
3969904738531350806-2510070836,1,7,6,1,7,1
3969904738531350806-2510080836,1,7,6,1,7,1
3969904738531350806-2510090836,1,7,6,1,7,1
3969904738531350806-2510100836,1,7,6,1,7,1
3969904738531350806-2510130836,1,7,6,1,7,1
3969904738531350806-2510140836,1,7,6,1,7,1
3969904738531350806-2510150836,1,7,6,1,7,1
3969904738531350806-2510160836,1,7,6,1,7,1
3969904738531350806-2510170836,1,7,6,1,7,1
3969904738531350806-2510180836,1,8,7,1,8,1
3969904738531350806-2510190836,1,8,7,1,8,1
3969904738531350806-2510200836,1,8,7,1,8,1
3969904738531350806-2510210836,1,8,7,1,8,1
3969904738531350806-2510220836,1,8,7,1,8,1
3969904738531350806-2510230836,1,8,7,1,8,1
3969904738531350806-2510240836,1,8,7,1,8,1
3969904738531350806-2510260836,1,8,7,1,8,1
3969904738531350806-2510270836,1,8,7,1,8,1
3969904738531350806-2510280836,1,8,7,1,8,1
3969904738531350806-2510300836,1,8,7,1,8,1
3969904738531350806-2510310836,1,8,7,1,8,1
3969904738531350806-2511010836,1,8,7,1,8,1
3969904738531350806-2511020836,1,8,7,1,8,1
3992319517280243604-2505230904,1,7,6,1,7,1
3992319517280243604-2505240904,1,7,6,1,7,1
3992319517280243604-2505250904,1,7,6,1,7,1
414756763370978631-2411281134,1,9,8,1,9,1
414756763370978631-2510091635,1,10,8,1,10,2
414756763370978631-2511020742,1,8,6,1,8,2
4206608548090579333-2408311422,9,16,7,9,16,1
4206608548090579333-2409160432,9,19,9,9,19,2
4206608548090579333-2409170427,9,19,9,9,19,2
4206608548090579333-2409271422,8,14,6,8,14,1
4206608548090579333-2410121422,8,18,9,8,18,2
4206608548090579333-2410131422,9,19,9,9,19,2
4206608548090579333-2410150635,7,15,8,7,15,1
4206608548090579333-2410160635,7,15,8,7,15,1
4206608548090579333-2410170534,7,15,7,7,15,2
4206608548090579333-2410180432,9,19,9,9,19,2
4206608548090579333-2410241134,6,13,6,6,13,2
4206608548090579333-2411060432,9,19,9,9,19,2
4206608548090579333-2411080432,9,19,9,9,19,2
4206608548090579333-2411121422,9,20,9,9,20,3
4206608548090579333-2501210617,5,13,7,5,13,2
4206608548090579333-2502170512,7,17,9,7,17,2
4206608548090579333-2504081419,5,13,7,5,13,2
4206608548090579333-2506020512,7,17,9,7,17,2
4314440440736722045-2408161017,5,13,7,5,13,2
4314440440736722045-2409111219,9,19,9,9,19,2
4314440440736722045-2412031219,9,19,9,9,19,2
4314440440736722045-2412171318,5,15,9,5,15,2
4314440440736722045-2501211017,5,13,7,5,13,2
4314440440736722045-2502251017,5,13,7,5,13,2
4346508270333404674-2407300719,5,13,7,5,13,2
4346508270333404674-2408030819,5,14,8,5,14,2
4346508270333404674-2408040819,5,14,8,5,14,2
4346508270333404674-2408050819,5,14,8,5,14,2
4346508270333404674-2408070618,5,13,8,5,13,1
4346508270333404674-2408080618,5,13,8,5,13,1
4346508270333404674-2408090426,7,17,9,7,17,2
4346508270333404674-2408100618,5,13,8,5,13,1
4346508270333404674-2408110618,5,13,8,5,13,1
4346508270333404674-2408120618,5,13,8,5,13,1
4346508270333404674-2408260534,7,15,7,7,15,2
4346508270333404674-2409140534,7,15,7,7,15,2
4346508270333404674-2409160534,7,15,7,7,15,2
4346508270333404674-2409230534,7,15,8,7,15,1
4346508270333404674-2409291338,7,14,6,7,14,2
4346508270333404674-2410031422,9,18,8,9,18,2
4346508270333404674-2410090719,9,17,7,9,17,2
4346508270333404674-2410100719,8,16,7,8,16,2
4346508270333404674-2410261338,7,14,7,7,14,1
4346508270333404674-2411190601,8,17,8,8,17,2
4346508270333404674-2411200601,8,17,8,8,17,2
4346508270333404674-2503240818,5,13,7,5,13,2
4346508270333404674-2503290818,5,13,7,5,13,2
4346508270333404674-2504260718,5,13,8,5,13,1
4346508270333404674-2505070818,5,13,7,5,13,2
4346508270333404674-2505161419,5,13,7,5,13,2
4346508270333404674-2508110719,8,16,7,8,16,2
4411486969343485427-2408111454,2,14,10,2,14,3
4471729078023853954-2504181303,1,14,12,1,14,2
4471729078023853954-2504221303,1,13,11,1,13,2
4471729078023853954-2504231303,1,14,12,1,14,2
4471729078023853954-2504241303,1,14,12,1,14,2
4471729078023853954-2504261303,1,12,11,1,12,1
4471729078023853954-2504271303,1,12,11,1,12,1
4471729078023853954-2504281303,1,14,12,1,14,2
4471729078023853954-2504291303,1,14,12,1,14,2
4471729078023853954-2504301303,1,14,12,1,14,2
4471729078023853954-2505011303,1,14,12,1,14,2
4471729078023853954-2509241328,1,14,13,1,14,1
4471729078023853954-2509251328,1,14,13,1,14,1
4471729078023853954-2509261328,1,15,13,1,15,2
4471729078023853954-2509271328,1,14,13,1,14,1
4471729078023853954-2509281328,1,13,12,1,13,1
4471729078023853954-2509291328,1,14,13,1,14,1
4471729078023853954-2509301328,1,14,13,1,14,1
4471729078023853954-2510011328,1,15,14,1,15,1
4471729078023853954-2510021328,1,15,14,1,15,1
4471729078023853954-2510031328,1,15,14,1,15,1
4471729078023853954-2510041328,1,15,14,1,15,1
4471729078023853954-2510051328,1,15,14,1,15,1
4471729078023853954-2510061328,1,15,14,1,15,1
4471729078023853954-2510071328,1,15,14,1,15,1
4471729078023853954-2510081328,1,15,14,1,15,1
4471729078023853954-2510091328,1,15,14,1,15,1
4471729078023853954-2510101328,1,15,14,1,15,1
4471729078023853954-2510111328,1,15,14,1,15,1
4471729078023853954-2510121328,1,15,14,1,15,1
4471729078023853954-2510131328,1,15,14,1,15,1
4471729078023853954-2510141328,1,15,14,1,15,1
4471729078023853954-2510151328,1,15,14,1,15,1
4471729078023853954-2510161328,1,15,14,1,15,1
4471729078023853954-2510171328,1,15,14,1,15,1
4471729078023853954-2510181328,1,15,14,1,15,1
4471729078023853954-2510191328,1,15,14,1,15,1
4471729078023853954-2510201328,1,15,14,1,15,1
4471729078023853954-2510211328,1,15,14,1,15,1
4471729078023853954-2510221328,1,15,14,1,15,1
4471729078023853954-2510231328,1,15,14,1,15,1
4471729078023853954-2510241328,1,15,14,1,15,1
4471729078023853954-2510301328,1,15,14,1,15,1
4471729078023853954-2510311328,1,15,14,1,15,1
4471729078023853954-2511011328,1,15,14,1,15,1
4471729078023853954-2511021328,1,15,14,1,15,1
4471729078023853954-2511231328,1,15,14,1,15,1
4569773253732664089-2508251133,1,10,8,1,10,2
4569773253732664089-2510270742,1,8,6,1,8,2
4589550631266958997-2509170533,7,15,7,7,15,2
460756522777958196-2409241422,9,18,8,9,18,2
460756522777958196-2410251134,7,14,6,7,14,2
460756522777958196-2508201421,9,19,9,9,19,2
4647178894534819485-2410201454,2,14,10,2,14,3
4655939549849562958-2603161726,2,7,3,2,7,3
4744203751169709690-2411151525,1,12,9,1,12,3
4744203751169709690-2412140628,1,9,7,1,9,2
4744203751169709690-2504140519,1,14,12,1,14,2
4744203751169709690-2507300526,1,14,12,1,14,2
4744203751169709690-2508291326,1,14,12,1,14,2
4744203751169709690-2508301326,1,14,12,1,14,2
4744203751169709690-2509061533,1,11,9,1,11,2
4744203751169709690-2509291635,1,10,8,1,10,2
4744203751169709690-2511010945,1,8,6,1,8,2
4793932629688867181-2408310402,2,9,6,2,9,2
4793932629688867181-2509260339,2,10,6,2,10,3
4793932629688867181-2509270339,2,10,6,2,10,3
4793932629688867181-2510250339,2,10,6,2,10,3
4924113419153401216-2409061437,7,16,8,7,16,2
4929703457209167523-2502241950,2,9,7,2,9,1
4929703457209167523-2503291903,2,8,6,2,8,1
4929703457209167523-2503301903,2,8,6,2,8,1
4929703457209167523-2504011903,2,8,6,2,8,1
4929703457209167523-2505221951,2,8,6,2,8,1
4929703457209167523-2505231951,2,8,6,2,8,1
4929703457209167523-2505241951,2,8,6,2,8,1
4929703457209167523-2508041951,2,8,6,2,8,1
5113639749295775258-2510211434,1,10,8,1,10,2
5182348088834051221-2410041951,2,8,6,2,8,1
5182348088834051221-2410061951,2,8,6,2,8,1
5186490163197231839-2407011017,5,13,7,5,13,2
5186490163197231839-2407021017,5,13,7,5,13,2
5186490163197231839-2407031017,5,13,7,5,13,2
5186490163197231839-2407041017,5,13,7,5,13,2
5186490163197231839-2407051017,5,13,7,5,13,2
5186490163197231839-2407061017,5,13,7,5,13,2
5186490163197231839-2407071017,5,13,7,5,13,2
5186490163197231839-2407081017,5,13,7,5,13,2
5186490163197231839-2407091017,5,13,7,5,13,2
5186490163197231839-2407101017,5,13,7,5,13,2
5186490163197231839-2407111017,5,13,7,5,13,2
5186490163197231839-2407121017,5,13,7,5,13,2
5186490163197231839-2407131017,5,13,7,5,13,2
5186490163197231839-2407141017,5,13,7,5,13,2
5186490163197231839-2407151017,5,13,7,5,13,2
5186490163197231839-2407161017,5,13,7,5,13,2
5186490163197231839-2407171017,5,13,7,5,13,2
5186490163197231839-2407181017,5,13,7,5,13,2
5186490163197231839-2407191017,5,13,7,5,13,2
5186490163197231839-2407201017,5,13,7,5,13,2
5186490163197231839-2407211017,5,13,7,5,13,2
5186490163197231839-2407221017,5,13,7,5,13,2
5186490163197231839-2407231017,5,13,7,5,13,2
5186490163197231839-2407241017,5,13,7,5,13,2
5186490163197231839-2407251017,5,13,7,5,13,2
5186490163197231839-2407261017,5,13,7,5,13,2
5186490163197231839-2407270920,5,13,7,5,13,2
5186490163197231839-2407280920,5,13,7,5,13,2
5186490163197231839-2407290920,5,13,7,5,13,2
5186490163197231839-2407300920,5,13,7,5,13,2
5186490163197231839-2407310920,5,13,7,5,13,2
5186490163197231839-2408010920,5,13,7,5,13,2
5186490163197231839-2408020920,5,13,7,5,13,2
5186490163197231839-2408030920,5,13,7,5,13,2
5186490163197231839-2408040920,5,13,7,5,13,2
5186490163197231839-2408050920,5,13,7,5,13,2
5186490163197231839-2408060920,5,13,7,5,13,2
5186490163197231839-2408070920,5,13,7,5,13,2
5186490163197231839-2408080920,5,13,7,5,13,2
5186490163197231839-2408090920,5,13,7,5,13,2
5186490163197231839-2408100920,5,13,7,5,13,2
5186490163197231839-2408110920,5,13,7,5,13,2
5186490163197231839-2408120920,5,13,7,5,13,2
5186490163197231839-2408130920,5,13,7,5,13,2
5186490163197231839-2408140920,5,13,7,5,13,2
5186490163197231839-2408150920,5,13,7,5,13,2
5186490163197231839-2408161017,5,13,7,5,13,2
5186490163197231839-2408170922,7,15,7,7,15,2
5186490163197231839-2408180922,7,15,7,7,15,2
5186490163197231839-2408190922,7,15,7,7,15,2
5186490163197231839-2408200922,7,15,7,7,15,2
5186490163197231839-2408210922,7,15,7,7,15,2
5186490163197231839-2408220922,7,15,7,7,15,2
5186490163197231839-2408230922,7,15,7,7,15,2
5186490163197231839-2408240922,7,15,7,7,15,2
5186490163197231839-2408250922,7,15,7,7,15,2
5186490163197231839-2408260922,7,15,7,7,15,2
5186490163197231839-2408270922,7,15,7,7,15,2
5186490163197231839-2408280922,7,15,7,7,15,2
5186490163197231839-2408290922,7,15,7,7,15,2
5186490163197231839-2408300922,7,15,7,7,15,2
5186490163197231839-2408310922,7,15,7,7,15,2
5186490163197231839-2409010922,7,15,7,7,15,2
5186490163197231839-2409020922,7,15,7,7,15,2
5186490163197231839-2409030922,7,15,7,7,15,2
5186490163197231839-2409040922,7,15,7,7,15,2
5186490163197231839-2409050922,7,15,7,7,15,2
5186490163197231839-2409060922,7,15,7,7,15,2
5186490163197231839-2409070922,7,15,7,7,15,2
5186490163197231839-2409080922,7,15,7,7,15,2
5186490163197231839-2409090922,7,15,7,7,15,2
5186490163197231839-2409100922,7,15,7,7,15,2
5186490163197231839-2409110922,7,15,7,7,15,2
5186490163197231839-2409120922,7,15,7,7,15,2
5186490163197231839-2409130922,7,15,7,7,15,2
5186490163197231839-2409140922,7,15,7,7,15,2
5186490163197231839-2409150922,7,15,7,7,15,2
5186490163197231839-2409160922,7,15,7,7,15,2
5186490163197231839-2409170922,7,15,7,7,15,2
5186490163197231839-2409180922,7,15,7,7,15,2
5186490163197231839-2409190922,7,15,7,7,15,2
5186490163197231839-2409200922,7,15,8,7,15,1
5186490163197231839-2409210922,7,15,8,7,15,1
5186490163197231839-2409220922,7,15,8,7,15,1
5186490163197231839-2409230922,7,14,7,7,14,1
5186490163197231839-2409240922,7,14,6,7,14,2
5186490163197231839-2409250922,7,14,6,7,14,2
5186490163197231839-2409260922,7,14,6,7,14,2
5186490163197231839-2409270922,7,14,6,7,14,2
5186490163197231839-2409280922,7,14,6,7,14,2
5186490163197231839-2409290922,7,14,6,7,14,2
5186490163197231839-2409300922,7,14,6,7,14,2
5186490163197231839-2410010922,7,14,6,7,14,2
5186490163197231839-2410020922,7,14,6,7,14,2
5186490163197231839-2410030922,7,14,6,7,14,2
5186490163197231839-2410040922,7,14,6,7,14,2
5186490163197231839-2410050922,7,15,7,7,15,2
5186490163197231839-2410060922,7,15,7,7,15,2
5186490163197231839-2410070922,7,15,7,7,15,2
5186490163197231839-2410080922,7,15,7,7,15,2
5186490163197231839-2410090922,7,15,7,7,15,2
5186490163197231839-2410100922,7,15,7,7,15,2
5186490163197231839-2410110922,7,15,7,7,15,2
5186490163197231839-2410120922,7,15,7,7,15,2
5186490163197231839-2410130922,7,15,7,7,15,2
5186490163197231839-2410140922,7,15,7,7,15,2
5186490163197231839-2410150922,7,15,7,7,15,2
5186490163197231839-2410160922,7,15,7,7,15,2
5186490163197231839-2410170922,7,15,7,7,15,2
5186490163197231839-2410180922,7,15,7,7,15,2
5186490163197231839-2410190922,7,15,7,7,15,2
5186490163197231839-2410200922,7,15,7,7,15,2
5186490163197231839-2410210922,7,15,7,7,15,2
5186490163197231839-2410220922,7,15,7,7,15,2
5186490163197231839-2410230922,7,15,7,7,15,2
5186490163197231839-2410240922,7,15,7,7,15,2
5186490163197231839-2410250922,7,15,7,7,15,2
5186490163197231839-2410260922,7,15,8,7,15,1
5186490163197231839-2410270922,7,15,8,7,15,1
5186490163197231839-2410280922,7,15,8,7,15,1
5186490163197231839-2410290922,7,15,8,7,15,1
5186490163197231839-2410300922,7,15,8,7,15,1
5186490163197231839-2410310922,7,15,8,7,15,1
5186490163197231839-2411010922,7,15,8,7,15,1
5186490163197231839-2411020922,7,15,7,7,15,2
5186490163197231839-2411030922,7,15,7,7,15,2
5186490163197231839-2411040922,7,15,7,7,15,2
5186490163197231839-2411050922,7,15,7,7,15,2
5186490163197231839-2411060922,7,15,7,7,15,2
5186490163197231839-2411070922,7,15,7,7,15,2
5186490163197231839-2411080922,7,15,7,7,15,2
5186490163197231839-2411090922,7,15,7,7,15,2
5186490163197231839-2411100922,7,15,7,7,15,2
5186490163197231839-2411110922,7,15,7,7,15,2
5186490163197231839-2411120922,7,15,7,7,15,2
5186490163197231839-2411130922,7,15,7,7,15,2
5186490163197231839-2411140922,7,15,7,7,15,2
5186490163197231839-2411150922,7,15,7,7,15,2
5186490163197231839-2411160922,7,15,7,7,15,2
5186490163197231839-2411170922,7,15,7,7,15,2
5186490163197231839-2411180922,7,15,7,7,15,2
5186490163197231839-2411190922,7,15,7,7,15,2
5186490163197231839-2411200922,7,15,7,7,15,2
5186490163197231839-2411210922,7,15,7,7,15,2
5186490163197231839-2411220922,7,15,7,7,15,2
5186490163197231839-2411230922,7,15,8,7,15,1
5186490163197231839-2411240922,7,15,8,7,15,1
5186490163197231839-2411250922,7,15,8,7,15,1
5186490163197231839-2411260922,7,15,8,7,15,1
5186490163197231839-2411270922,7,15,8,7,15,1
5186490163197231839-2411280922,7,15,8,7,15,1
5186490163197231839-2411290922,7,15,8,7,15,1
5186490163197231839-2411300922,7,17,7,7,17,4
5186490163197231839-2412010922,7,17,7,7,17,4
5186490163197231839-2412020922,7,15,7,7,15,2
5186490163197231839-2412030922,7,15,7,7,15,2
5186490163197231839-2412040922,7,15,7,7,15,2
5186490163197231839-2412050922,7,15,7,7,15,2
5186490163197231839-2412060922,7,15,7,7,15,2
5186490163197231839-2412070922,7,15,7,7,15,2
5186490163197231839-2412080922,7,15,7,7,15,2
5186490163197231839-2412090922,7,15,7,7,15,2
5186490163197231839-2412100922,7,15,7,7,15,2
5186490163197231839-2412110922,7,15,7,7,15,2
5186490163197231839-2412120922,7,15,7,7,15,2
5186490163197231839-2412130922,7,15,7,7,15,2
5186490163197231839-2412140922,7,15,7,7,15,2
5186490163197231839-2412151017,5,13,7,5,13,2
5186490163197231839-2412161017,5,13,7,5,13,2
5186490163197231839-2412171017,5,13,7,5,13,2
5186490163197231839-2412181017,5,13,7,5,13,2
5186490163197231839-2412191017,5,13,7,5,13,2
5186490163197231839-2412201017,5,13,7,5,13,2
5186490163197231839-2412211017,5,13,7,5,13,2
5186490163197231839-2412221017,5,13,7,5,13,2
5186490163197231839-2412231017,5,13,7,5,13,2
5186490163197231839-2412241017,5,13,7,5,13,2
5186490163197231839-2412251017,5,13,7,5,13,2
5186490163197231839-2412261017,5,13,7,5,13,2
5186490163197231839-2412271017,5,13,7,5,13,2
5186490163197231839-2412281017,5,13,7,5,13,2
5186490163197231839-2412291017,5,13,7,5,13,2
5186490163197231839-2412301017,5,13,7,5,13,2
5186490163197231839-2412311017,5,13,7,5,13,2
5186490163197231839-2501011017,5,13,7,5,13,2
5186490163197231839-2501021017,5,13,7,5,13,2
5186490163197231839-2501031017,5,13,7,5,13,2
5186490163197231839-2501041017,5,13,7,5,13,2
5186490163197231839-2501051017,5,13,7,5,13,2
5186490163197231839-2501061017,5,13,7,5,13,2
5186490163197231839-2501071017,5,13,7,5,13,2
5186490163197231839-2501081017,5,13,7,5,13,2
5186490163197231839-2501091017,5,13,7,5,13,2
5186490163197231839-2501101017,5,13,7,5,13,2
5186490163197231839-2501111017,5,13,7,5,13,2
5186490163197231839-2501121017,5,13,7,5,13,2
5186490163197231839-2501131017,5,13,7,5,13,2
5186490163197231839-2501141017,5,13,7,5,13,2
5186490163197231839-2501151017,5,13,7,5,13,2
5186490163197231839-2501161017,5,13,7,5,13,2
5186490163197231839-2501171017,5,13,7,5,13,2
5186490163197231839-2501181017,5,13,7,5,13,2
5186490163197231839-2501191017,5,13,7,5,13,2
5186490163197231839-2501201017,5,13,7,5,13,2
5186490163197231839-2501211017,5,13,7,5,13,2
5186490163197231839-2501221017,5,13,7,5,13,2
5186490163197231839-2501231017,5,13,7,5,13,2
5186490163197231839-2501241017,5,13,7,5,13,2
5186490163197231839-2501251017,5,13,7,5,13,2
5186490163197231839-2501261017,5,13,7,5,13,2
5186490163197231839-2501271017,5,13,7,5,13,2
5186490163197231839-2501281017,5,13,7,5,13,2
5186490163197231839-2501291017,5,13,7,5,13,2
5186490163197231839-2501301017,5,13,7,5,13,2
5186490163197231839-2501311017,5,13,7,5,13,2
5186490163197231839-2502011017,5,13,7,5,13,2
5186490163197231839-2502021017,5,13,7,5,13,2
5186490163197231839-2502031017,5,13,7,5,13,2
5186490163197231839-2502041017,5,13,7,5,13,2
5186490163197231839-2502051017,5,13,7,5,13,2
5186490163197231839-2502061017,5,13,7,5,13,2
5186490163197231839-2502071017,5,13,7,5,13,2
5186490163197231839-2502081017,5,13,7,5,13,2
5186490163197231839-2502091017,5,13,7,5,13,2
5186490163197231839-2502101017,5,13,7,5,13,2
5186490163197231839-2502111017,5,13,7,5,13,2
5186490163197231839-2502121017,5,13,7,5,13,2
5186490163197231839-2502131017,5,13,7,5,13,2
5186490163197231839-2502141017,5,13,7,5,13,2
5186490163197231839-2502151017,5,13,7,5,13,2
5186490163197231839-2502161017,5,13,7,5,13,2
5186490163197231839-2502171017,5,13,7,5,13,2
5186490163197231839-2502181017,5,13,7,5,13,2
5186490163197231839-2502191017,5,13,7,5,13,2
5186490163197231839-2502201017,5,13,7,5,13,2
5186490163197231839-2502211017,5,13,7,5,13,2
5186490163197231839-2502221017,5,13,7,5,13,2
5186490163197231839-2502231017,5,13,7,5,13,2
5186490163197231839-2502241017,5,13,7,5,13,2
5186490163197231839-2502251017,5,13,7,5,13,2
5186490163197231839-2502261017,5,13,7,5,13,2
5186490163197231839-2502271017,5,13,7,5,13,2
5186490163197231839-2502281017,5,13,7,5,13,2
5186490163197231839-2503011017,5,13,7,5,13,2
5186490163197231839-2503021017,5,13,7,5,13,2
5186490163197231839-2503031017,5,13,7,5,13,2
5186490163197231839-2503041017,5,13,7,5,13,2
5186490163197231839-2503051017,5,13,7,5,13,2
5186490163197231839-2503061017,5,13,7,5,13,2
5186490163197231839-2503071017,5,13,7,5,13,2
5186490163197231839-2503241017,5,13,7,5,13,2
5186490163197231839-2503251017,5,15,7,5,15,4
5186490163197231839-2503261017,5,15,7,5,15,4
5186490163197231839-2503271017,5,13,7,5,13,2
5186490163197231839-2503281017,5,13,7,5,13,2
5186490163197231839-2503291017,5,13,7,5,13,2
5186490163197231839-2503301017,5,13,7,5,13,2
5186490163197231839-2503311017,5,13,7,5,13,2
5186490163197231839-2504011017,5,13,7,5,13,2
5186490163197231839-2504021017,5,13,7,5,13,2
5186490163197231839-2504031017,5,13,7,5,13,2
5186490163197231839-2504041017,5,13,7,5,13,2
5186490163197231839-2504051017,5,13,7,5,13,2
5186490163197231839-2504061017,5,13,7,5,13,2
5186490163197231839-2504071017,5,13,7,5,13,2
5186490163197231839-2504081017,5,13,7,5,13,2
5186490163197231839-2504091017,5,13,7,5,13,2
5186490163197231839-2504101017,5,13,7,5,13,2
5186490163197231839-2504111017,5,13,7,5,13,2
5186490163197231839-2504121017,5,12,7,5,12,1
5186490163197231839-2504221017,5,13,7,5,13,2
5186490163197231839-2504231017,5,13,7,5,13,2
5186490163197231839-2504241017,5,13,7,5,13,2
5186490163197231839-2504251017,5,13,7,5,13,2
5186490163197231839-2504261017,5,13,7,5,13,2
5186490163197231839-2504271017,5,13,7,5,13,2
5186490163197231839-2504281017,5,13,7,5,13,2
5186490163197231839-2504291017,5,13,7,5,13,2
5186490163197231839-2504301017,5,13,7,5,13,2
5186490163197231839-2505011017,5,13,7,5,13,2
5186490163197231839-2505021017,5,13,7,5,13,2
5186490163197231839-2505031017,5,13,7,5,13,2
5186490163197231839-2505041017,5,13,7,5,13,2
5186490163197231839-2505051017,5,13,7,5,13,2
5186490163197231839-2505061017,5,13,7,5,13,2
5186490163197231839-2505071017,5,13,7,5,13,2
5186490163197231839-2505081017,5,13,7,5,13,2
5186490163197231839-2505091017,5,13,7,5,13,2
5186490163197231839-2505101017,5,13,7,5,13,2
5186490163197231839-2505111017,5,13,7,5,13,2
5186490163197231839-2505121017,5,13,7,5,13,2
5186490163197231839-2505131017,5,13,7,5,13,2
5186490163197231839-2505141017,5,13,7,5,13,2
5186490163197231839-2505151017,5,13,7,5,13,2
5186490163197231839-2505161017,5,13,7,5,13,2
5186490163197231839-2505171017,5,13,7,5,13,2
5186490163197231839-2505180936,5,13,7,5,13,2
5186490163197231839-2505191017,5,13,7,5,13,2
5186490163197231839-2505201017,5,13,7,5,13,2
5186490163197231839-2505211017,5,13,7,5,13,2
5186490163197231839-2505221017,5,13,7,5,13,2
5186490163197231839-2505231017,5,13,7,5,13,2
5186490163197231839-2505241017,5,13,7,5,13,2
5186490163197231839-2505251017,5,13,7,5,13,2
5186490163197231839-2505261017,5,13,7,5,13,2
5186490163197231839-2505271017,5,13,7,5,13,2
5186490163197231839-2505281017,5,14,7,5,14,3
5186490163197231839-2505291017,5,13,7,5,13,2
5186490163197231839-2505301017,5,13,7,5,13,2
5186490163197231839-2505311017,5,13,7,5,13,2
5186490163197231839-2506011017,5,13,7,5,13,2
5186490163197231839-2506021017,5,13,7,5,13,2
5186490163197231839-2506031017,5,13,7,5,13,2
5186490163197231839-2506041017,5,13,7,5,13,2
5186490163197231839-2506051017,5,13,7,5,13,2
5186490163197231839-2506061017,5,13,7,5,13,2
5186490163197231839-2506071017,5,13,7,5,13,2
5186490163197231839-2506081017,5,13,7,5,13,2
5186490163197231839-2506091017,5,13,7,5,13,2
5186490163197231839-2506101017,5,13,7,5,13,2
5186490163197231839-2506111017,5,13,7,5,13,2
5186490163197231839-2506121017,5,13,7,5,13,2
5186490163197231839-2506131017,5,13,7,5,13,2
5186490163197231839-2506141017,5,13,7,5,13,2
5186490163197231839-2506151017,5,13,7,5,13,2
5186490163197231839-2506161017,5,13,7,5,13,2
5186490163197231839-2506171017,5,13,7,5,13,2
5186490163197231839-2506181017,5,14,7,5,14,3
5186490163197231839-2506191017,5,14,7,5,14,3
5186490163197231839-2506201017,5,13,7,5,13,2
5186490163197231839-2506211017,5,13,7,5,13,2
5186490163197231839-2506221017,5,13,7,5,13,2
5186490163197231839-2506231017,5,13,7,5,13,2
5186490163197231839-2506241017,5,13,7,5,13,2
5186490163197231839-2506251017,5,13,7,5,13,2
5186490163197231839-2506261017,5,13,7,5,13,2
5186490163197231839-2506271017,5,15,8,5,15,3
5186490163197231839-2506281017,5,15,8,5,15,3
5186490163197231839-2506291017,5,15,8,5,15,3
5186490163197231839-2506301017,5,15,8,5,15,3
5186490163197231839-2507011017,5,15,8,5,15,3
5186490163197231839-2507021017,5,15,8,5,15,3
5186490163197231839-2507031017,5,15,8,5,15,3
5186490163197231839-2507041017,5,15,8,5,15,3
5186490163197231839-2507051017,5,15,8,5,15,3
5186490163197231839-2507061017,5,15,8,5,15,3
5186490163197231839-2507071017,5,15,8,5,15,3
5186490163197231839-2507081017,5,15,8,5,15,3
5186490163197231839-2507091017,5,15,8,5,15,3
5186490163197231839-2507101017,5,15,8,5,15,3
5186490163197231839-2507111017,5,15,8,5,15,3
5186490163197231839-2507121017,5,12,7,5,12,1
5186490163197231839-2507131017,5,13,7,5,13,2
5186490163197231839-2507141017,5,13,7,5,13,2
5186490163197231839-2507151017,4,12,7,4,12,2
5186490163197231839-2507161017,4,12,7,4,12,2
5186490163197231839-2507171017,4,12,7,4,12,2
5186490163197231839-2507181017,4,12,7,4,12,2
5186490163197231839-2507191017,4,12,7,4,12,2
5186490163197231839-2507201017,4,12,7,4,12,2
5186490163197231839-2507211017,4,12,7,4,12,2
5186490163197231839-2507221017,4,12,7,4,12,2
5186490163197231839-2507231017,5,13,7,5,13,2
5186490163197231839-2507241017,5,13,7,5,13,2
5186490163197231839-2507251017,5,13,7,5,13,2
5186490163197231839-2508040922,7,15,7,7,15,2
5186490163197231839-2508050922,7,15,7,7,15,2
5186490163197231839-2508060922,7,15,7,7,15,2
5186490163197231839-2508070922,7,15,7,7,15,2
5186490163197231839-2508080922,7,15,7,7,15,2
5186490163197231839-2508090922,7,15,7,7,15,2
5186490163197231839-2508100922,7,15,7,7,15,2
5186490163197231839-2508110922,7,15,7,7,15,2
5186490163197231839-2508190922,7,16,8,7,16,2
5186490163197231839-2508200922,7,16,8,7,16,2
5186490163197231839-2508210922,7,16,8,7,16,2
5186490163197231839-2508220922,7,16,8,7,16,2
5186490163197231839-2508230922,7,16,8,7,16,2
5186490163197231839-2508240922,7,16,8,7,16,2
5186490163197231839-2508250921,7,14,7,7,14,1
5186490163197231839-2508260921,7,14,7,7,14,1
5186490163197231839-2508270921,7,14,7,7,14,1
5186490163197231839-2508280921,7,14,7,7,14,1
5186490163197231839-2508290921,7,14,7,7,14,1
5186490163197231839-2508300921,7,14,7,7,14,1
5186490163197231839-2508310921,7,14,7,7,14,1
5186490163197231839-2509010921,7,14,7,7,14,1
5186490163197231839-2509020921,7,14,7,7,14,1
5186490163197231839-2509030921,7,14,7,7,14,1
5186490163197231839-2509040921,7,14,7,7,14,1
5186490163197231839-2509050921,7,14,7,7,14,1
5186490163197231839-2509060921,7,14,7,7,14,1
5186490163197231839-2509070921,7,14,7,7,14,1
5186490163197231839-2509080921,7,14,7,7,14,1
5186490163197231839-2509090922,7,15,7,7,15,2
5186490163197231839-2509100922,7,15,7,7,15,2
5186490163197231839-2509110922,7,15,7,7,15,2
5186490163197231839-2509120922,7,15,7,7,15,2
5186490163197231839-2509130922,7,15,7,7,15,2
5186490163197231839-2509140922,7,15,7,7,15,2
5186490163197231839-2509150922,7,15,7,7,15,2
5186490163197231839-2509160922,7,15,7,7,15,2
5186490163197231839-2509170922,7,15,7,7,15,2
5186490163197231839-2509180922,7,15,7,7,15,2
5186490163197231839-2509190922,7,15,7,7,15,2
5186490163197231839-2509200922,7,15,7,7,15,2
5186490163197231839-2509210922,7,15,7,7,15,2
5186490163197231839-2509220922,7,15,7,7,15,2
5186490163197231839-2509230922,7,15,7,7,15,2
5225340137258686286-2503081232,6,13,6,6,13,2
5225340137258686286-2503091232,6,13,6,6,13,2
5225340137258686286-2503101232,6,13,6,6,13,2
5225340137258686286-2503111232,6,13,6,6,13,2
5225340137258686286-2503121232,6,13,6,6,13,2
5225340137258686286-2503131232,6,13,6,6,13,2
5225340137258686286-2503141232,6,13,6,6,13,2
5225340137258686286-2503151232,6,13,6,6,13,2
5225340137258686286-2503161232,6,13,6,6,13,2
5225340137258686286-2503171232,6,13,6,6,13,2
5225340137258686286-2503181232,6,13,6,6,13,2
5225340137258686286-2503191232,6,13,6,6,13,2
5225340137258686286-2503201232,6,13,6,6,13,2
5225340137258686286-2503211232,6,13,6,6,13,2
5225340137258686286-2507261224,6,13,6,6,13,2
5225340137258686286-2507271224,6,13,6,6,13,2
5225340137258686286-2507281224,6,13,6,6,13,2
5225340137258686286-2507291224,6,13,6,6,13,2
5225340137258686286-2507301224,6,13,6,6,13,2
5225340137258686286-2507311224,6,13,6,6,13,2
5225340137258686286-2508011224,6,13,6,6,13,2
5225340137258686286-2508021149,6,13,6,6,13,2
5225340137258686286-2508031149,6,13,6,6,13,2
5254114651454294172-2407010915,2,15,12,2,15,2
5254114651454294172-2407020915,2,15,12,2,15,2
5254114651454294172-2407030915,2,15,12,2,15,2
5254114651454294172-2407040915,2,15,12,2,15,2
5254114651454294172-2407050915,2,15,12,2,15,2
5254114651454294172-2407060915,2,15,12,2,15,2
5254114651454294172-2407080915,2,15,12,2,15,2
5254114651454294172-2407090915,2,15,12,2,15,2
5254114651454294172-2407100915,2,15,12,2,15,2
5254114651454294172-2407110915,2,15,12,2,15,2
5254114651454294172-2407120915,2,15,12,2,15,2
5254114651454294172-2407130915,2,15,12,2,15,2
5254114651454294172-2407150915,2,15,12,2,15,2
5254114651454294172-2412150916,2,15,12,2,15,2
5254114651454294172-2412160916,2,15,12,2,15,2
5254114651454294172-2412170916,2,15,12,2,15,2
5254114651454294172-2412180916,2,15,12,2,15,2
5254114651454294172-2412190916,2,15,12,2,15,2
5254114651454294172-2412200916,2,15,12,2,15,2
5254114651454294172-2412210916,2,15,12,2,15,2
5254114651454294172-2412220916,2,15,12,2,15,2
5254114651454294172-2412230916,2,15,12,2,15,2
5254114651454294172-2412240916,2,15,12,2,15,2
5254114651454294172-2412250916,2,15,12,2,15,2
5254114651454294172-2412260916,2,15,12,2,15,2
5254114651454294172-2412270916,2,15,12,2,15,2
5254114651454294172-2412280916,2,15,12,2,15,2
5254114651454294172-2412290916,2,15,12,2,15,2
5254114651454294172-2412300916,2,15,12,2,15,2
5254114651454294172-2412310916,2,15,12,2,15,2
5254114651454294172-2501010916,2,15,12,2,15,2
5254114651454294172-2501020916,2,15,12,2,15,2
5254114651454294172-2501030916,2,15,12,2,15,2
5254114651454294172-2501040916,2,15,12,2,15,2
5254114651454294172-2501050916,2,15,12,2,15,2
5254114651454294172-2501060916,2,15,12,2,15,2
5254114651454294172-2501070916,2,15,12,2,15,2
5254114651454294172-2501080916,2,15,12,2,15,2
5254114651454294172-2501090916,2,15,12,2,15,2
5254114651454294172-2501100916,2,15,12,2,15,2
5254114651454294172-2501110916,2,15,12,2,15,2
5254114651454294172-2501120916,2,15,12,2,15,2
5254114651454294172-2501130916,2,15,12,2,15,2
5254114651454294172-2501140916,2,15,12,2,15,2
5254114651454294172-2501150916,2,15,12,2,15,2
5254114651454294172-2501160916,2,15,12,2,15,2
5254114651454294172-2501170916,2,15,12,2,15,2
5254114651454294172-2501180916,2,15,12,2,15,2
5254114651454294172-2501190916,2,15,12,2,15,2
5254114651454294172-2501200916,2,15,12,2,15,2
5254114651454294172-2501210916,2,15,12,2,15,2
5254114651454294172-2501220916,2,15,12,2,15,2
5254114651454294172-2501230916,2,15,12,2,15,2
5254114651454294172-2501240916,2,15,12,2,15,2
5254114651454294172-2501250916,2,15,12,2,15,2
5254114651454294172-2501260916,2,15,12,2,15,2
5254114651454294172-2501270916,2,15,12,2,15,2
5254114651454294172-2501280916,2,15,12,2,15,2
5254114651454294172-2501290916,2,15,12,2,15,2
5254114651454294172-2501300916,2,15,12,2,15,2
5254114651454294172-2501310916,2,15,12,2,15,2
5254114651454294172-2502010916,2,15,12,2,15,2
5254114651454294172-2502020916,2,15,12,2,15,2
5254114651454294172-2502030916,2,15,12,2,15,2
5254114651454294172-2502040916,2,15,12,2,15,2
5254114651454294172-2502050916,2,15,12,2,15,2
5254114651454294172-2502060916,2,15,12,2,15,2
5254114651454294172-2502070916,2,15,12,2,15,2
5254114651454294172-2502080916,2,15,12,2,15,2
5254114651454294172-2502090916,2,15,12,2,15,2
5254114651454294172-2502100916,2,15,12,2,15,2
5254114651454294172-2502110916,2,15,12,2,15,2
5254114651454294172-2502120916,2,15,12,2,15,2
5254114651454294172-2502130916,2,15,12,2,15,2
5254114651454294172-2502140916,2,15,12,2,15,2
5254114651454294172-2502150916,2,15,12,2,15,2
5254114651454294172-2502160916,2,15,12,2,15,2
5254114651454294172-2502170916,2,15,12,2,15,2
5254114651454294172-2502180908,2,15,12,2,15,2
5254114651454294172-2502190908,2,15,12,2,15,2
5254114651454294172-2502200908,2,15,12,2,15,2
5254114651454294172-2502210908,2,15,12,2,15,2
5254114651454294172-2502220908,2,16,12,2,16,3
5254114651454294172-2502230908,2,16,12,2,16,3
5254114651454294172-2502240908,2,16,12,2,16,3
5254114651454294172-2502250908,2,16,12,2,16,3
5254114651454294172-2502260908,2,16,12,2,16,3
5254114651454294172-2502270908,2,16,12,2,16,3
5254114651454294172-2502280908,2,16,12,2,16,3
5254114651454294172-2503010908,2,16,12,2,16,3
5254114651454294172-2503020908,2,16,12,2,16,3
5254114651454294172-2503030908,2,15,12,2,15,2
5254114651454294172-2503040908,2,15,12,2,15,2
5254114651454294172-2503050908,2,15,12,2,15,2
5254114651454294172-2503060908,2,15,12,2,15,2
5254114651454294172-2503070908,2,15,12,2,15,2
5254114651454294172-2503080908,2,15,12,2,15,2
5254114651454294172-2503090908,2,15,12,2,15,2
5254114651454294172-2503100908,2,15,12,2,15,2
5254114651454294172-2503110908,2,15,12,2,15,2
5254114651454294172-2503120908,2,15,12,2,15,2
5254114651454294172-2503130908,2,15,12,2,15,2
5254114651454294172-2503140908,2,15,12,2,15,2
5254114651454294172-2503170908,2,15,12,2,15,2
5254114651454294172-2503180908,2,15,12,2,15,2
5254114651454294172-2503190908,2,15,12,2,15,2
5254114651454294172-2503200908,2,15,12,2,15,2
5254114651454294172-2503210908,2,15,12,2,15,2
5254114651454294172-2503240908,2,15,12,2,15,2
5254114651454294172-2503270908,2,16,12,2,16,3
5254114651454294172-2503280908,2,16,12,2,16,3
5254114651454294172-2503290908,2,16,12,2,16,3
5254114651454294172-2503300908,2,16,12,2,16,3
5254114651454294172-2503310908,2,15,12,2,15,2
5254114651454294172-2504010908,2,15,12,2,15,2
5254114651454294172-2504020908,2,15,12,2,15,2
5254114651454294172-2504030908,2,15,12,2,15,2
5254114651454294172-2504040908,2,15,12,2,15,2
5254114651454294172-2504050908,2,15,12,2,15,2
5254114651454294172-2504060908,2,15,12,2,15,2
5254114651454294172-2504070915,2,15,12,2,15,2
5254114651454294172-2504080915,2,15,12,2,15,2
5254114651454294172-2504090915,2,15,12,2,15,2
5254114651454294172-2504100915,2,15,12,2,15,2
5254114651454294172-2504110915,2,15,12,2,15,2
5254114651454294172-2504120908,2,15,12,2,15,2
5254114651454294172-2504130908,2,15,12,2,15,2
5254114651454294172-2504140908,2,15,12,2,15,2
5254114651454294172-2504150908,2,15,12,2,15,2
5254114651454294172-2504160916,2,15,12,2,15,2
5254114651454294172-2504170916,2,15,11,2,15,3
5254114651454294172-2504180856,2,15,11,2,15,3
5254114651454294172-2504220856,2,15,11,2,15,3
5254114651454294172-2504230856,2,14,10,2,14,3
5254114651454294172-2504240856,2,15,11,2,15,3
5254114651454294172-2504250855,2,14,10,2,14,3
5254114651454294172-2504260856,2,13,10,2,13,2
5254114651454294172-2504270856,2,13,10,2,13,2
5254114651454294172-2504280856,2,14,10,2,14,3
5254114651454294172-2504290856,2,14,10,2,14,3
5254114651454294172-2505010854,2,14,10,2,14,3
5254114651454294172-2505020916,2,15,11,2,15,3
5254114651454294172-2505030916,2,13,10,2,13,2
5254114651454294172-2505040916,2,13,10,2,13,2
5254114651454294172-2505050916,2,15,11,2,15,3
5254114651454294172-2505060916,2,15,11,2,15,3
5254114651454294172-2505070916,2,15,11,2,15,3
5254114651454294172-2505080916,2,15,11,2,15,3
5254114651454294172-2505090916,2,15,11,2,15,3
5254114651454294172-2505100916,2,15,11,2,15,3
5254114651454294172-2505110916,2,15,11,2,15,3
5254114651454294172-2505120916,2,15,11,2,15,3
5254114651454294172-2505130916,2,15,11,2,15,3
5254114651454294172-2505140916,2,15,11,2,15,3
5254114651454294172-2505150916,2,15,11,2,15,3
5254114651454294172-2505160916,2,15,11,2,15,3
5254114651454294172-2505170916,2,15,11,2,15,3
5254114651454294172-2505180916,2,15,11,2,15,3
5254114651454294172-2505190916,2,15,11,2,15,3
5254114651454294172-2505200916,2,15,11,2,15,3
5254114651454294172-2505210916,2,15,11,2,15,3
5254114651454294172-2505220916,2,15,11,2,15,3
5254114651454294172-2505230916,2,15,11,2,15,3
5254114651454294172-2505240916,2,15,11,2,15,3
5254114651454294172-2505250916,2,15,11,2,15,3
5254114651454294172-2505260916,2,15,11,2,15,3
5254114651454294172-2505270916,2,15,11,2,15,3
5254114651454294172-2505280916,2,15,11,2,15,3
5254114651454294172-2505290916,2,15,11,2,15,3
5254114651454294172-2505300916,2,15,11,2,15,3
5254114651454294172-2505310916,2,15,11,2,15,3
5254114651454294172-2506010916,2,15,11,2,15,3
5254114651454294172-2506020916,2,15,11,2,15,3
5254114651454294172-2506030916,2,15,11,2,15,3
5254114651454294172-2506040916,2,15,11,2,15,3
5254114651454294172-2506060916,2,15,11,2,15,3
5254114651454294172-2506070916,2,15,12,2,15,2
5254114651454294172-2506080916,2,15,12,2,15,2
5254114651454294172-2506090916,2,15,12,2,15,2
5254114651454294172-2506100916,2,15,12,2,15,2
5254114651454294172-2506110916,2,15,12,2,15,2
5254114651454294172-2506120916,2,15,12,2,15,2
5254114651454294172-2506130916,2,15,12,2,15,2
5254114651454294172-2506140916,2,15,12,2,15,2
5254114651454294172-2506150916,2,15,12,2,15,2
5254114651454294172-2506160916,2,15,12,2,15,2
5254114651454294172-2506170916,2,15,12,2,15,2
5254114651454294172-2506180916,2,15,12,2,15,2
5254114651454294172-2506190916,2,15,12,2,15,2
5254114651454294172-2506200916,2,15,12,2,15,2
5254114651454294172-2506210916,2,15,12,2,15,2
5254114651454294172-2506220916,2,15,12,2,15,2
5254114651454294172-2506230916,2,15,12,2,15,2
5254114651454294172-2506240916,2,15,12,2,15,2
5254114651454294172-2506250916,2,15,12,2,15,2
5254114651454294172-2506260916,2,15,12,2,15,2
5254114651454294172-2506270912,2,17,15,2,17,1
5254114651454294172-2506280912,2,17,15,2,17,1
5254114651454294172-2506290912,2,17,15,2,17,1
5254114651454294172-2506300912,2,17,15,2,17,1
5254114651454294172-2507010912,2,17,15,2,17,1
5254114651454294172-2507020912,2,17,15,2,17,1
5254114651454294172-2507030912,2,17,15,2,17,1
5254114651454294172-2507040912,2,17,15,2,17,1
5254114651454294172-2507050912,2,17,15,2,17,1
5254114651454294172-2507060912,2,17,15,2,17,1
5254114651454294172-2507070912,2,17,15,2,17,1
5254114651454294172-2507080912,2,17,15,2,17,1
5254114651454294172-2507090912,2,17,15,2,17,1
5254114651454294172-2507100912,2,17,15,2,17,1
5254114651454294172-2507110912,2,17,15,2,17,1
5254114651454294172-2507120916,2,15,12,2,15,2
5254114651454294172-2507130916,2,15,12,2,15,2
5254114651454294172-2507140916,2,15,12,2,15,2
5254114651454294172-2507150916,2,15,12,2,15,2
5254114651454294172-2507160916,2,15,12,2,15,2
5254114651454294172-2507170916,2,15,12,2,15,2
5254114651454294172-2507180916,2,15,12,2,15,2
5254114651454294172-2507190916,2,15,12,2,15,2
5254114651454294172-2507200916,2,15,12,2,15,2
5254114651454294172-2507210916,2,15,12,2,15,2
5254114651454294172-2507220916,2,15,12,2,15,2
5254114651454294172-2507230916,2,15,12,2,15,2
5254114651454294172-2507240916,2,15,12,2,15,2
5254114651454294172-2507250916,2,15,12,2,15,2
5254114651454294172-2507260916,2,15,12,2,15,2
5254114651454294172-2507270916,2,15,12,2,15,2
5254114651454294172-2507280916,2,15,12,2,15,2
5254114651454294172-2507290916,2,15,12,2,15,2
5254114651454294172-2507300916,2,15,12,2,15,2
5254114651454294172-2507310916,2,15,12,2,15,2
5254114651454294172-2508010916,2,15,12,2,15,2
5254114651454294172-2508020916,2,15,12,2,15,2
5254114651454294172-2508030916,2,15,12,2,15,2
5254114651454294172-2508040916,2,15,12,2,15,2
5254114651454294172-2508050916,2,15,12,2,15,2
5254114651454294172-2508060916,2,15,12,2,15,2
5254114651454294172-2508070916,2,15,12,2,15,2
5254114651454294172-2508080916,2,15,12,2,15,2
5254114651454294172-2508090916,2,15,12,2,15,2
5254114651454294172-2508100916,2,15,12,2,15,2
5254114651454294172-2508110916,2,15,12,2,15,2
5254114651454294172-2508120916,2,15,12,2,15,2
5254114651454294172-2508130916,2,15,12,2,15,2
5254114651454294172-2508140916,2,15,12,2,15,2
5254114651454294172-2508150916,2,15,12,2,15,2
5254114651454294172-2508160916,2,15,12,2,15,2
5254114651454294172-2508170916,2,15,12,2,15,2
5254114651454294172-2508180916,2,15,12,2,15,2
5254114651454294172-2508190916,2,15,12,2,15,2
5254114651454294172-2508200916,2,15,12,2,15,2
5254114651454294172-2508210916,2,15,12,2,15,2
5254114651454294172-2508220916,2,15,12,2,15,2
5254114651454294172-2508230916,2,14,11,2,14,2
5254114651454294172-2508240916,2,15,12,2,15,2
5254114651454294172-2508250916,2,15,12,2,15,2
5254114651454294172-2508260916,2,15,12,2,15,2
5254114651454294172-2508270916,2,15,12,2,15,2
5254114651454294172-2508280916,2,15,12,2,15,2
5254114651454294172-2508290916,2,15,12,2,15,2
5254114651454294172-2508300916,2,15,12,2,15,2
5254114651454294172-2508310916,2,15,12,2,15,2
5254114651454294172-2509010916,2,15,12,2,15,2
5254114651454294172-2509020916,2,15,12,2,15,2
5254114651454294172-2509030916,2,15,12,2,15,2
5254114651454294172-2509040916,2,15,12,2,15,2
5254114651454294172-2509050916,2,15,12,2,15,2
5254114651454294172-2509060916,2,15,12,2,15,2
5254114651454294172-2509070916,2,15,12,2,15,2
5254114651454294172-2509080916,2,15,12,2,15,2
5254114651454294172-2509090916,2,15,12,2,15,2
5254114651454294172-2509100916,2,15,12,2,15,2
5254114651454294172-2509110916,2,15,12,2,15,2
5254114651454294172-2509120916,2,15,12,2,15,2
5254114651454294172-2509130916,2,15,12,2,15,2
5254114651454294172-2509140915,2,14,11,2,14,2
5254114651454294172-2509150915,2,14,11,2,14,2
5254114651454294172-2509160915,2,14,11,2,14,2
5254114651454294172-2509170915,2,14,11,2,14,2
5254114651454294172-2509180915,2,14,11,2,14,2
5254114651454294172-2509190915,2,14,11,2,14,2
5254114651454294172-2509200915,2,14,11,2,14,2
5254114651454294172-2509210915,2,14,11,2,14,2
5254114651454294172-2509220915,2,14,11,2,14,2
5254114651454294172-2509230915,2,14,11,2,14,2
5261042615802935308-2506051704,1,6,4,1,6,2
5266590292548768120-2504171126,1,14,11,1,14,3
5266590292548768120-2504181059,1,12,11,1,12,1
5266590292548768120-2504221059,1,12,11,1,12,1
5266590292548768120-2504231059,1,12,11,1,12,1
5266590292548768120-2504241059,1,12,11,1,12,1
5266590292548768120-2504251059,1,12,11,1,12,1
5266590292548768120-2504281059,1,12,11,1,12,1
5266590292548768120-2504291059,1,12,11,1,12,1
5266590292548768120-2504301059,1,12,11,1,12,1
5266590292548768120-2505011059,1,12,11,1,12,1
5266590292548768120-2505021126,1,14,11,1,14,3
5266590292548768120-2505031126,1,10,8,1,10,2
5266590292548768120-2505041126,1,10,8,1,10,2
5266590292548768120-2505051126,1,14,11,1,14,3
5266590292548768120-2505061126,1,14,11,1,14,3
5266590292548768120-2505071126,1,14,11,1,14,3
5266590292548768120-2505081126,1,14,11,1,14,3
5266590292548768120-2505091126,1,14,11,1,14,3
5266590292548768120-2505101126,1,14,11,1,14,3
5266590292548768120-2505111126,1,14,11,1,14,3
5266590292548768120-2505121126,1,14,11,1,14,3
5266590292548768120-2505131126,1,14,11,1,14,3
5266590292548768120-2505141126,1,14,11,1,14,3
5266590292548768120-2505151126,1,14,11,1,14,3
5266590292548768120-2505161126,1,14,11,1,14,3
5266590292548768120-2505171126,1,14,11,1,14,3
5266590292548768120-2505181126,1,14,11,1,14,3
5266590292548768120-2505191126,1,14,11,1,14,3
5266590292548768120-2505201126,1,14,11,1,14,3
5266590292548768120-2505211126,1,14,11,1,14,3
5266590292548768120-2505221126,1,14,11,1,14,3
5266590292548768120-2505231126,1,14,11,1,14,3
5266590292548768120-2505241126,1,14,11,1,14,3
5266590292548768120-2505251126,1,14,11,1,14,3
5266590292548768120-2505261126,1,14,11,1,14,3
5266590292548768120-2505271126,1,14,11,1,14,3
5266590292548768120-2505281126,1,15,11,1,15,4
5266590292548768120-2505291126,1,14,11,1,14,3
5266590292548768120-2505301126,1,14,11,1,14,3
5266590292548768120-2505311126,1,14,11,1,14,3
5266590292548768120-2506011126,1,14,11,1,14,3
5266590292548768120-2506021126,1,14,11,1,14,3
5266590292548768120-2506031126,1,14,11,1,14,3
5266590292548768120-2506041126,1,14,11,1,14,3
5266590292548768120-2506051126,1,14,10,1,14,4
5266590292548768120-2506061126,1,14,11,1,14,3
5272786782803059928-2605162328,1,14,12,1,14,2
5272786782803059928-2607112328,1,14,6,1,14,8
5345924912571245273-2407012134,8,18,8,8,18,3
5345924912571245273-2407022134,8,18,8,8,18,3
5345924912571245273-2407032134,8,18,8,8,18,3
5345924912571245273-2407042134,8,18,8,8,18,3
5345924912571245273-2407052134,8,18,8,8,18,3
5345924912571245273-2407062134,8,17,7,8,17,3
5345924912571245273-2407072134,8,18,8,8,18,3
5345924912571245273-2407082134,8,18,8,8,18,3
5345924912571245273-2407092134,8,18,8,8,18,3
5345924912571245273-2407102134,8,18,8,8,18,3
5345924912571245273-2407112134,8,18,8,8,18,3
5345924912571245273-2407122134,8,18,8,8,18,3
5345924912571245273-2407132134,8,17,7,8,17,3
5345924912571245273-2407142134,8,18,8,8,18,3
5470938630046095201-2504160726,1,14,12,1,14,2
5488776412968058916-2409041437,8,15,7,8,15,1
5537080762589122899-2408091935,1,11,8,1,11,3
5537080762589122899-2509261945,1,9,7,1,9,2
5537080762589122899-2510021945,1,9,7,1,9,2
5537080762589122899-2510101945,1,8,6,1,8,2
5537080762589122899-2510171945,1,9,7,1,9,2
5537080762589122899-2510241945,1,9,7,1,9,2
5537080762589122899-2510311945,1,9,7,1,9,2
5560254458463156365-2412151413,7,17,9,7,17,2
5560254458463156365-2503291413,7,17,9,7,17,2
5752856534769308444-2409130619,2,10,7,2,10,2
5864269900175222197-2409180423,2,11,7,2,11,3
5864269900175222197-2411060404,2,11,7,2,11,3
5864269900175222197-2501200520,2,12,9,2,12,2
5864269900175222197-2502201314,2,15,12,2,15,2
5864269900175222197-2503010422,2,11,7,2,11,3
5864269900175222197-2505150422,2,11,7,2,11,3
5864269900175222197-2508010422,2,11,7,2,11,3
5875029337492518164-2411161525,1,12,9,1,12,3
5875029337492518164-2411190925,1,10,8,1,10,2
5875029337492518164-2504131226,1,8,7,1,8,1
5897278162145459769-2506080644,3,11,7,3,11,2
5905675481079972103-2407090516,2,15,12,2,15,2
5905675481079972103-2501020619,2,10,7,2,10,2
5905675481079972103-2501160619,2,10,7,2,10,2
5905675481079972103-2502130619,2,10,7,2,10,2
5905675481079972103-2502270617,2,10,7,2,10,2
5905675481079972103-2507010520,2,14,9,2,14,4
5905675481079972103-2507070422,2,13,7,2,13,5
5905675481079972103-2507080520,2,14,9,2,14,4
5905675481079972103-2507280619,2,10,7,2,10,2
5905675481079972103-2508181352,2,10,7,2,10,2
591245674670270350-2504171800,5,22,13,5,22,5
591245674670270350-2504231828,5,107,12,5,107,91
5947578258977348519-2504031413,7,17,9,7,17,2
5950655788274726626-2407051818,5,14,8,5,14,2
5950655788274726626-2407121818,5,14,8,5,14,2
5950655788274726626-2407191818,5,14,8,5,14,2
5950655788274726626-2407261818,5,14,8,5,14,2
5950655788274726626-2408021721,6,15,8,6,15,2
5950655788274726626-2408161920,5,15,8,5,15,3
5950655788274726626-2408231836,8,18,8,8,18,3
5950655788274726626-2409131736,7,16,8,7,16,2
5950655788274726626-2409201735,7,16,9,7,16,1
5950655788274726626-2409271735,7,15,7,7,15,2
5950655788274726626-2410021735,7,15,7,7,15,2
5950655788274726626-2410041735,7,16,8,7,16,2
5950655788274726626-2410111735,7,16,8,7,16,2
5950655788274726626-2410181735,7,16,8,7,16,2
5950655788274726626-2410251735,7,16,9,7,16,1
5950655788274726626-2411011735,7,16,8,7,16,2
5950655788274726626-2411081735,7,16,8,7,16,2
5950655788274726626-2411151735,7,16,8,7,16,2
5950655788274726626-2412061735,7,16,8,7,16,2
5950655788274726626-2412131735,7,16,8,7,16,2
5950655788274726626-2412201818,5,14,8,5,14,2
5950655788274726626-2412271818,5,14,8,5,14,2
5950655788274726626-2501031818,5,14,8,5,14,2
5950655788274726626-2501101818,5,14,8,5,14,2
5950655788274726626-2501171818,5,14,8,5,14,2
5950655788274726626-2501241818,5,14,8,5,14,2
5950655788274726626-2501311818,5,14,8,5,14,2
5950655788274726626-2502071818,5,14,8,5,14,2
5950655788274726626-2502141818,5,14,8,5,14,2
5950655788274726626-2502211818,5,13,7,5,13,2
5950655788274726626-2503071818,5,14,8,5,14,2
5950655788274726626-2503281818,5,14,8,5,14,2
5950655788274726626-2504041818,5,14,8,5,14,2
5950655788274726626-2504111818,5,12,7,5,12,1
5950655788274726626-2504171818,5,12,7,5,12,1
5950655788274726626-2504251818,5,14,8,5,14,2
5950655788274726626-2505021818,5,14,8,5,14,2
5950655788274726626-2505091818,5,14,8,5,14,2
5950655788274726626-2505161818,5,14,8,5,14,2
5950655788274726626-2505231818,5,14,8,5,14,2
5950655788274726626-2505301818,5,14,8,5,14,2
5950655788274726626-2506061818,5,14,8,5,14,2
5950655788274726626-2506131818,5,14,8,5,14,2
5950655788274726626-2506201818,5,14,8,5,14,2
5950655788274726626-2506271818,5,15,8,5,15,3
5950655788274726626-2507041818,5,16,8,5,16,4
5950655788274726626-2507181818,4,13,8,4,13,2
5950655788274726626-2507251818,5,14,8,5,14,2
5950655788274726626-2508081735,6,14,7,6,14,2
5950655788274726626-2508151735,6,15,8,6,15,2
5950655788274726626-2508221735,6,15,8,6,15,2
5950655788274726626-2509121735,6,15,8,6,15,2
5950655788274726626-2509191735,6,15,8,6,15,2
6053042480384400097-2412271317,2,15,12,2,15,2
6053042480384400097-2502121317,2,15,12,2,15,2
6053042480384400097-2502130520,2,12,9,2,12,2
6053042480384400097-2502150619,2,10,7,2,10,2
6053042480384400097-2502260519,2,12,9,2,12,2
6053042480384400097-2503180617,2,10,7,2,10,2
6053042480384400097-2503190617,2,10,7,2,10,2
6053042480384400097-2503250513,2,14,9,2,14,4
6053042480384400097-2503270519,2,12,9,2,12,2
6053042480384400097-2504010519,2,12,9,2,12,2
6053042480384400097-2504020422,2,11,7,2,11,3
6053042480384400097-2504040617,2,10,7,2,10,2
6053042480384400097-2505090422,2,11,7,2,11,3
6053042480384400097-2506060520,2,12,9,2,12,2
6053042480384400097-2506250520,2,12,9,2,12,2
6053042480384400097-2506260520,2,12,9,2,12,2
6053042480384400097-2506270520,2,14,9,2,14,4
6053042480384400097-2507040520,2,14,9,2,14,4
6053042480384400097-2507290520,2,12,9,2,12,2
6055488426593714927-2503111536,3,13,9,3,13,2
6055488426593714927-2503150735,3,11,8,3,11,1
6055488426593714927-2507310527,5,15,9,5,15,2
6105255700146094448-2510160836,1,7,6,1,7,1
6178329184277023949-2407010511,7,17,9,7,17,2
6178329184277023949-2407020511,7,17,9,7,17,2
6178329184277023949-2407030511,7,17,9,7,17,2
6178329184277023949-2407040511,7,17,9,7,17,2
6178329184277023949-2407050511,7,17,9,7,17,2
6178329184277023949-2407080511,7,17,9,7,17,2
6178329184277023949-2407090511,7,17,9,7,17,2
6178329184277023949-2407100511,7,17,9,7,17,2
6178329184277023949-2407110511,7,17,9,7,17,2
6178329184277023949-2407120511,7,17,9,7,17,2
6178329184277023949-2407150511,7,17,9,7,17,2
6178329184277023949-2407160511,7,17,9,7,17,2
6178329184277023949-2407170511,7,17,9,7,17,2
6178329184277023949-2407180511,7,17,9,7,17,2
6178329184277023949-2407190511,7,17,9,7,17,2
6178329184277023949-2407220511,7,17,9,7,17,2
6178329184277023949-2407230511,7,17,9,7,17,2
6178329184277023949-2407240511,7,17,9,7,17,2
6178329184277023949-2407250511,7,17,9,7,17,2
6178329184277023949-2407260511,7,16,8,7,16,2
6178329184277023949-2407290426,7,16,8,7,16,2
6178329184277023949-2407300427,7,16,8,7,16,2
6178329184277023949-2407310403,5,14,8,5,14,2
6178329184277023949-2408010433,7,16,8,7,16,2
6178329184277023949-2408020433,7,16,8,7,16,2
6178329184277023949-2408050426,7,16,8,7,16,2
6178329184277023949-2408060426,7,16,8,7,16,2
6178329184277023949-2408070426,7,16,8,7,16,2
6178329184277023949-2408080426,7,17,9,7,17,2
6178329184277023949-2408090426,7,17,9,7,17,2
6178329184277023949-2408120433,7,17,9,7,17,2
6178329184277023949-2408130426,7,17,9,7,17,2
6178329184277023949-2408140426,7,17,9,7,17,2
6178329184277023949-2408150426,7,17,9,7,17,2
6178329184277023949-2408160511,7,17,9,7,17,2
6178329184277023949-2408190432,8,18,9,8,18,2
6178329184277023949-2408200432,9,19,9,9,19,2
6178329184277023949-2408210432,9,19,9,9,19,2
6178329184277023949-2408220432,9,19,9,9,19,2
6178329184277023949-2408230432,9,19,9,9,19,2
6178329184277023949-2408260432,9,19,9,9,19,2
6178329184277023949-2408270432,9,19,9,9,19,2
6178329184277023949-2408280432,9,19,9,9,19,2
6178329184277023949-2408290432,9,19,9,9,19,2
6178329184277023949-2408300432,9,19,9,9,19,2
6178329184277023949-2409020432,9,19,9,9,19,2
6178329184277023949-2409030432,9,19,9,9,19,2
6178329184277023949-2409040432,9,19,9,9,19,2
6178329184277023949-2409050432,9,19,9,9,19,2
6178329184277023949-2409060432,9,19,9,9,19,2
6178329184277023949-2409090432,9,19,9,9,19,2
6178329184277023949-2409100432,9,19,9,9,19,2
6178329184277023949-2409110432,9,19,9,9,19,2
6178329184277023949-2409120432,9,19,9,9,19,2
6178329184277023949-2409130432,9,19,9,9,19,2
6178329184277023949-2409160432,9,19,9,9,19,2
6178329184277023949-2409170427,9,19,9,9,19,2
6178329184277023949-2409180432,9,19,9,9,19,2
6178329184277023949-2409190432,9,19,9,9,19,2
6178329184277023949-2409240432,9,18,8,9,18,2
6178329184277023949-2409250432,9,18,8,9,18,2
6178329184277023949-2409260432,9,18,8,9,18,2
6178329184277023949-2409270432,9,18,8,9,18,2
6178329184277023949-2409300432,9,18,8,9,18,2
6178329184277023949-2410010432,9,18,8,9,18,2
6178329184277023949-2410020432,9,18,8,9,18,2
6178329184277023949-2410030432,9,18,8,9,18,2
6178329184277023949-2410040432,9,18,8,9,18,2
6178329184277023949-2410070432,9,19,9,9,19,2
6178329184277023949-2410080432,9,19,9,9,19,2
6178329184277023949-2410090432,9,19,9,9,19,2
6178329184277023949-2410100432,9,19,9,9,19,2
6178329184277023949-2410110432,9,19,9,9,19,2
6178329184277023949-2410140432,9,19,9,9,19,2
6178329184277023949-2410150432,9,19,9,9,19,2
6178329184277023949-2410160432,9,19,9,9,19,2
6178329184277023949-2410170432,9,19,9,9,19,2
6178329184277023949-2410180432,9,19,9,9,19,2
6178329184277023949-2410210432,9,19,9,9,19,2
6178329184277023949-2410220432,9,19,9,9,19,2
6178329184277023949-2410230432,9,19,9,9,19,2
6178329184277023949-2410240432,9,19,9,9,19,2
6178329184277023949-2410250432,9,19,9,9,19,2
6178329184277023949-2411040432,9,19,9,9,19,2
6178329184277023949-2411050432,9,19,9,9,19,2
6178329184277023949-2411060432,9,19,9,9,19,2
6178329184277023949-2411070432,9,19,9,9,19,2
6178329184277023949-2411080432,9,19,9,9,19,2
6178329184277023949-2411110418,9,20,9,9,20,3
6178329184277023949-2411120418,9,20,9,9,20,3
6178329184277023949-2411130418,9,20,9,9,20,3
6178329184277023949-2411140418,9,20,9,9,20,3
6178329184277023949-2411150418,9,20,9,9,20,3
6178329184277023949-2411180418,9,20,9,9,20,3
6178329184277023949-2411190418,9,20,9,9,20,3
6178329184277023949-2411200418,9,20,9,9,20,3
6178329184277023949-2411210418,9,20,9,9,20,3
6178329184277023949-2411220432,9,19,9,9,19,2
6178329184277023949-2412020432,9,19,9,9,19,2
6178329184277023949-2412030432,9,19,9,9,19,2
6178329184277023949-2412040432,9,19,9,9,19,2
6178329184277023949-2412050432,9,19,9,9,19,2
6178329184277023949-2412060432,9,19,9,9,19,2
6178329184277023949-2412090432,9,19,9,9,19,2
6178329184277023949-2412100427,9,19,9,9,19,2
6178329184277023949-2412110432,9,19,9,9,19,2
6178329184277023949-2412120432,9,19,9,9,19,2
6178329184277023949-2412130432,9,19,9,9,19,2
6178329184277023949-2412160512,7,17,9,7,17,2
6178329184277023949-2412170512,7,17,9,7,17,2
6178329184277023949-2412180512,7,17,9,7,17,2
6178329184277023949-2412190512,7,17,9,7,17,2
6178329184277023949-2412200512,7,17,9,7,17,2
6178329184277023949-2412230512,7,17,9,7,17,2
6178329184277023949-2412270512,7,17,9,7,17,2
6178329184277023949-2412300512,7,17,9,7,17,2
6178329184277023949-2501020512,7,17,9,7,17,2
6178329184277023949-2501030512,7,17,9,7,17,2
6178329184277023949-2501060512,7,17,9,7,17,2
6178329184277023949-2501070512,7,17,9,7,17,2
6178329184277023949-2501080512,7,17,9,7,17,2
6178329184277023949-2501090512,7,17,9,7,17,2
6178329184277023949-2501100512,7,17,9,7,17,2
6178329184277023949-2501130512,7,17,9,7,17,2
6178329184277023949-2501140512,7,17,9,7,17,2
6178329184277023949-2501150512,7,17,9,7,17,2
6178329184277023949-2501160512,7,17,9,7,17,2
6178329184277023949-2501170512,7,17,9,7,17,2
6178329184277023949-2501200512,7,17,9,7,17,2
6178329184277023949-2501210512,7,17,9,7,17,2
6178329184277023949-2501220512,7,17,9,7,17,2
6178329184277023949-2501230512,7,17,9,7,17,2
6178329184277023949-2501240512,7,17,9,7,17,2
6178329184277023949-2501270512,7,17,9,7,17,2
6178329184277023949-2501280512,7,17,9,7,17,2
6178329184277023949-2501290512,7,17,9,7,17,2
6178329184277023949-2501300512,7,17,9,7,17,2
6178329184277023949-2501310512,7,17,9,7,17,2
6178329184277023949-2502030512,7,17,9,7,17,2
6178329184277023949-2502040512,7,17,9,7,17,2
6178329184277023949-2502050512,7,17,9,7,17,2
6178329184277023949-2502060512,7,17,9,7,17,2
6178329184277023949-2502070512,7,17,9,7,17,2
6178329184277023949-2502100512,7,17,9,7,17,2
6178329184277023949-2502110512,7,17,9,7,17,2
6178329184277023949-2502120512,7,17,9,7,17,2
6178329184277023949-2502130512,7,17,9,7,17,2
6178329184277023949-2502140512,7,17,9,7,17,2
6178329184277023949-2502170512,7,17,9,7,17,2
6178329184277023949-2502180512,7,17,9,7,17,2
6178329184277023949-2502190512,7,17,9,7,17,2
6178329184277023949-2502200512,7,17,9,7,17,2
6178329184277023949-2502210512,7,17,9,7,17,2
6178329184277023949-2502240512,7,17,9,7,17,2
6178329184277023949-2502250512,7,17,9,7,17,2
6178329184277023949-2502260512,7,17,9,7,17,2
6178329184277023949-2502270512,7,17,9,7,17,2
6178329184277023949-2502280512,7,17,9,7,17,2
6178329184277023949-2503030512,7,17,9,7,17,2
6178329184277023949-2503040512,7,17,9,7,17,2
6178329184277023949-2503050512,7,17,9,7,17,2
6178329184277023949-2503060512,7,17,9,7,17,2
6178329184277023949-2503070512,7,17,9,7,17,2
6178329184277023949-2503240512,7,17,9,7,17,2
6178329184277023949-2503250509,7,19,9,7,19,4
6178329184277023949-2503260509,7,19,9,7,19,4
6178329184277023949-2503270512,7,17,9,7,17,2
6178329184277023949-2503280512,7,17,9,7,17,2
6178329184277023949-2503310512,7,17,9,7,17,2
6178329184277023949-2504010512,7,17,9,7,17,2
6178329184277023949-2504020512,7,17,9,7,17,2
6178329184277023949-2504030512,7,17,9,7,17,2
6178329184277023949-2504040512,7,17,9,7,17,2
6178329184277023949-2504070512,7,17,9,7,17,2
6178329184277023949-2504080512,7,17,9,7,17,2
6178329184277023949-2504090512,7,17,9,7,17,2
6178329184277023949-2504100512,7,17,9,7,17,2
6178329184277023949-2504110512,7,17,9,7,17,2
6178329184277023949-2504140512,7,17,9,7,17,2
6178329184277023949-2504150512,7,17,9,7,17,2
6178329184277023949-2504160512,7,18,10,7,18,2
6178329184277023949-2504220512,7,17,9,7,17,2
6178329184277023949-2504230512,7,17,9,7,17,2
6178329184277023949-2504240512,7,17,9,7,17,2
6178329184277023949-2504250512,7,17,9,7,17,2
6178329184277023949-2504280512,7,17,9,7,17,2
6178329184277023949-2504290512,7,17,9,7,17,2
6178329184277023949-2504300512,7,17,9,7,17,2
6178329184277023949-2505020512,7,17,9,7,17,2
6178329184277023949-2505050512,7,17,9,7,17,2
6178329184277023949-2505060512,7,17,9,7,17,2
6178329184277023949-2505070512,7,17,9,7,17,2
6178329184277023949-2505080512,7,17,9,7,17,2
6178329184277023949-2505090512,7,17,9,7,17,2
6178329184277023949-2505120512,7,17,9,7,17,2
6178329184277023949-2505130512,7,17,9,7,17,2
6178329184277023949-2505140512,7,17,9,7,17,2
6178329184277023949-2505150512,7,17,9,7,17,2
6178329184277023949-2505160512,7,17,9,7,17,2
6178329184277023949-2505190512,7,17,9,7,17,2
6178329184277023949-2505200512,7,17,9,7,17,2
6178329184277023949-2505210512,7,17,9,7,17,2
6178329184277023949-2505220512,7,17,9,7,17,2
6178329184277023949-2505230512,7,17,9,7,17,2
6178329184277023949-2505260512,7,17,9,7,17,2
6178329184277023949-2505270512,7,17,9,7,17,2
6178329184277023949-2505280512,7,17,9,7,17,2
6178329184277023949-2505300512,7,17,9,7,17,2
6178329184277023949-2506020512,7,17,9,7,17,2
6178329184277023949-2506030512,7,17,9,7,17,2
6178329184277023949-2506040512,7,17,9,7,17,2
6178329184277023949-2506050512,7,17,9,7,17,2
6178329184277023949-2506060512,7,17,9,7,17,2
6178329184277023949-2506100512,7,17,9,7,17,2
6178329184277023949-2506110512,7,17,9,7,17,2
6178329184277023949-2506120512,7,17,9,7,17,2
6178329184277023949-2506130512,7,17,9,7,17,2
6178329184277023949-2506160512,7,17,9,7,17,2
6178329184277023949-2506170512,7,17,9,7,17,2
6178329184277023949-2506180512,7,17,9,7,17,2
6178329184277023949-2506190512,7,17,9,7,17,2
6178329184277023949-2506200512,7,17,9,7,17,2
6178329184277023949-2506230512,7,17,9,7,17,2
6178329184277023949-2506240512,7,17,9,7,17,2
6178329184277023949-2506250512,7,17,9,7,17,2
6178329184277023949-2506260512,7,17,9,7,17,2
6178329184277023949-2506270512,7,17,7,7,17,4
6178329184277023949-2506300448,5,15,7,5,15,4
6178329184277023949-2507010512,7,17,7,7,17,4
6178329184277023949-2507020512,7,17,7,7,17,4
6178329184277023949-2507030512,7,17,7,7,17,4
6178329184277023949-2507040512,7,17,7,7,17,4
6178329184277023949-2507070512,7,17,7,7,17,4
6178329184277023949-2507080512,7,17,7,7,17,4
6178329184277023949-2507090512,7,17,7,7,17,4
6178329184277023949-2507100512,7,17,7,7,17,4
6178329184277023949-2507110512,7,17,7,7,17,4
6178329184277023949-2507140512,7,17,9,7,17,2
6178329184277023949-2507150512,6,16,9,6,16,2
6178329184277023949-2507160512,6,16,9,6,16,2
6178329184277023949-2507170512,6,16,9,6,16,2
6178329184277023949-2507180512,6,16,9,6,16,2
6178329184277023949-2507210512,6,16,9,6,16,2
6178329184277023949-2507220512,6,16,9,6,16,2
6178329184277023949-2507230512,7,17,9,7,17,2
6178329184277023949-2507240512,7,17,9,7,17,2
6178329184277023949-2507250512,7,17,9,7,17,2
6178329184277023949-2508050432,9,19,9,9,19,2
6178329184277023949-2508060432,9,19,9,9,19,2
6178329184277023949-2508070432,9,19,9,9,19,2
6178329184277023949-2508080432,9,19,9,9,19,2
6178329184277023949-2508110432,9,19,9,9,19,2
6178329184277023949-2508120432,9,19,9,9,19,2
6178329184277023949-2508130432,9,19,9,9,19,2
6178329184277023949-2508140432,9,19,9,9,19,2
6178329184277023949-2508150432,9,19,9,9,19,2
6178329184277023949-2508180432,9,19,9,9,19,2
6178329184277023949-2508190432,9,19,9,9,19,2
6178329184277023949-2508200432,9,19,9,9,19,2
6178329184277023949-2508210432,9,19,9,9,19,2
6178329184277023949-2508220432,9,19,9,9,19,2
6178329184277023949-2508250431,9,18,8,9,18,2
6178329184277023949-2508260431,9,18,8,9,18,2
6178329184277023949-2508270431,9,18,8,9,18,2
6178329184277023949-2508280431,9,18,8,9,18,2
6178329184277023949-2508290431,9,18,8,9,18,2
6178329184277023949-2509010431,9,18,8,9,18,2
6178329184277023949-2509020431,9,18,8,9,18,2
6178329184277023949-2509030431,9,18,8,9,18,2
6178329184277023949-2509040431,9,18,8,9,18,2
6178329184277023949-2509050431,9,18,8,9,18,2
6178329184277023949-2509080431,9,19,9,9,19,2
6178329184277023949-2509090432,9,19,9,9,19,2
6178329184277023949-2509100432,9,19,9,9,19,2
6178329184277023949-2509110432,9,19,9,9,19,2
6178329184277023949-2509120432,9,19,9,9,19,2
6178329184277023949-2509150432,9,19,9,9,19,2
6178329184277023949-2509160432,9,19,9,9,19,2
6178329184277023949-2509170432,9,19,9,9,19,2
6178329184277023949-2509180432,9,19,9,9,19,2
6178329184277023949-2509190432,9,19,9,9,19,2
6178329184277023949-2509220432,9,16,7,9,16,1
6178329184277023949-2509230432,9,19,9,9,19,2
6202916625163174173-2407051726,1,15,12,1,15,3
6202916625163174173-2407061726,1,15,12,1,15,3
6202916625163174173-2407071726,1,15,12,1,15,3
6202916625163174173-2407121726,1,15,12,1,15,3
6202916625163174173-2407131726,1,15,12,1,15,3
6202916625163174173-2407141726,1,15,12,1,15,3
6202916625163174173-2506071726,1,13,11,1,13,2
6202916625163174173-2506081726,1,15,12,1,15,3
6202916625163174173-2506091736,1,14,11,1,14,3
6202916625163174173-2506131726,1,15,12,1,15,3
6202916625163174173-2506141726,1,15,12,1,15,3
6202916625163174173-2506151726,1,15,12,1,15,3
6202916625163174173-2506201726,1,15,12,1,15,3
6202916625163174173-2506211726,1,15,12,1,15,3
6202916625163174173-2506221726,1,15,12,1,15,3
6202916625163174173-2506271724,1,17,15,1,17,2
6202916625163174173-2506281724,1,17,15,1,17,2
6202916625163174173-2506291724,1,17,15,1,17,2
6202916625163174173-2507041724,1,17,15,1,17,2
6202916625163174173-2507051724,1,17,15,1,17,2
6202916625163174173-2507061724,1,17,15,1,17,2
6202916625163174173-2507111724,1,17,15,1,17,2
6202916625163174173-2507121726,1,15,12,1,15,3
6202916625163174173-2507131726,1,15,12,1,15,3
6202916625163174173-2507181726,1,15,12,1,15,3
6202916625163174173-2507191726,1,15,12,1,15,3
6202916625163174173-2507201726,1,15,12,1,15,3
6202916625163174173-2507251726,1,15,12,1,15,3
6202916625163174173-2507261726,1,15,12,1,15,3
6202916625163174173-2507271726,1,15,12,1,15,3
6202916625163174173-2508011726,1,15,12,1,15,3
6202916625163174173-2508021726,1,15,12,1,15,3
6202916625163174173-2508031726,1,15,12,1,15,3
6202916625163174173-2508081726,1,15,12,1,15,3
6202916625163174173-2508091726,1,15,12,1,15,3
6202916625163174173-2508101726,1,15,12,1,15,3
6202916625163174173-2508151726,1,15,12,1,15,3
6202916625163174173-2508161726,1,15,12,1,15,3
6202916625163174173-2508171726,1,15,12,1,15,3
6202916625163174173-2508221721,1,15,12,1,15,3
6202916625163174173-2508231704,1,14,12,1,14,2
6202916625163174173-2508241726,1,15,12,1,15,3
6202916625163174173-2508291726,1,15,12,1,15,3
6202916625163174173-2508301726,1,15,12,1,15,3
6202916625163174173-2508311726,1,15,12,1,15,3
6202916625163174173-2509051725,1,14,11,1,14,3
6202916625163174173-2509061726,1,15,12,1,15,3
6202916625163174173-2509071726,1,15,12,1,15,3
6202916625163174173-2509121726,1,15,12,1,15,3
6202916625163174173-2509131726,1,12,10,1,12,2
6202916625163174173-2509141726,1,12,10,1,12,2
6202916625163174173-2509191726,1,13,11,1,13,2
6202916625163174173-2509201726,1,13,11,1,13,2
6202916625163174173-2509211726,1,13,11,1,13,2
6202916625163174173-2509261724,1,15,14,1,15,1
6202916625163174173-2509271724,1,15,14,1,15,1
6202916625163174173-2509281724,1,15,14,1,15,1
6202916625163174173-2510021724,1,17,15,1,17,2
6202916625163174173-2510031724,1,17,15,1,17,2
6202916625163174173-2510041724,1,17,15,1,17,2
6202916625163174173-2510051724,1,17,15,1,17,2
6202916625163174173-2510101724,1,16,14,1,16,2
6202916625163174173-2510111724,1,17,15,1,17,2
6202916625163174173-2510121724,1,17,15,1,17,2
6202916625163174173-2510171724,1,17,15,1,17,2
6202916625163174173-2510181724,1,17,15,1,17,2
6202916625163174173-2510191724,1,17,15,1,17,2
6202916625163174173-2510241724,1,16,14,1,16,2
6202916625163174173-2510311724,1,17,15,1,17,2
6202916625163174173-2511011724,1,17,15,1,17,2
6202916625163174173-2511021724,1,17,16,1,17,1
6202916625163174173-2511231724,1,17,9,1,17,8
6233724171299264076-2503291340,3,7,4,3,7,1
6233724171299264076-2503301340,3,7,4,3,7,1
6233724171299264076-2503311340,3,7,4,3,7,1
6233724171299264076-2504011340,3,7,4,3,7,1
6233724171299264076-2505231349,3,8,5,3,8,1
6233724171299264076-2505241349,3,8,5,3,8,1
6233724171299264076-2505251349,3,8,5,3,8,1
6333741963236145674-2409200742,9,17,8,9,17,1
6333741963236145674-2504021413,7,17,9,7,17,2
6333741963236145674-2508230742,9,19,9,9,19,2
6333741963236145674-2508240742,9,19,9,9,19,2
6338172290622022093-2507280735,3,11,8,3,11,1
6664049170657184311-2507061215,5,14,7,5,14,3
6787397225977485796-2602072310,1,16,15,1,16,1
6799372407183836626-2510040836,1,8,7,1,8,1
6799372407183836626-2510130526,1,16,15,1,16,1
6799372407183836626-2510260945,1,8,6,1,8,2
6817136496328467127-2509090422,2,11,7,2,11,3
6823598612451527303-2407011616,5,12,6,5,12,2
6823598612451527303-2407021616,5,12,6,5,12,2
6823598612451527303-2407031616,5,12,6,5,12,2
6823598612451527303-2407041616,5,12,6,5,12,2
6823598612451527303-2407051616,5,12,6,5,12,2
6823598612451527303-2407071616,5,12,6,5,12,2
6823598612451527303-2407081616,5,12,6,5,12,2
6823598612451527303-2407091616,5,12,6,5,12,2
6823598612451527303-2407101616,5,12,6,5,12,2
6823598612451527303-2407111616,5,12,6,5,12,2
6823598612451527303-2407121616,5,12,6,5,12,2
6823598612451527303-2407141616,5,12,6,5,12,2
6823598612451527303-2407151616,5,12,6,5,12,2
6823598612451527303-2407161616,5,12,6,5,12,2
6823598612451527303-2407171616,5,12,6,5,12,2
6823598612451527303-2407181616,5,12,6,5,12,2
6823598612451527303-2407191616,5,12,6,5,12,2
6823598612451527303-2407211616,5,12,6,5,12,2
6823598612451527303-2407221616,5,12,6,5,12,2
6823598612451527303-2407231616,5,12,6,5,12,2
6823598612451527303-2407241616,5,12,6,5,12,2
6823598612451527303-2407251616,5,12,6,5,12,2
6823598612451527303-2407261616,5,12,6,5,12,2
6823598612451527303-2407281521,5,12,6,5,12,2
6823598612451527303-2407291521,5,12,6,5,12,2
6823598612451527303-2407301521,5,12,6,5,12,2
6823598612451527303-2407311521,5,12,6,5,12,2
6823598612451527303-2408011521,5,12,6,5,12,2
6823598612451527303-2408021521,5,12,6,5,12,2
6823598612451527303-2408041521,5,12,6,5,12,2
6823598612451527303-2408051521,5,12,6,5,12,2
6823598612451527303-2408061521,5,12,6,5,12,2
6823598612451527303-2408071521,5,12,6,5,12,2
6823598612451527303-2408081521,5,12,6,5,12,2
6823598612451527303-2408091521,5,12,6,5,12,2
6823598612451527303-2408111521,5,12,6,5,12,2
6823598612451527303-2408121521,5,12,6,5,12,2
6823598612451527303-2408131521,5,12,6,5,12,2
6823598612451527303-2408141521,5,12,6,5,12,2
6823598612451527303-2408151521,5,12,6,5,12,2
6823598612451527303-2408161616,5,12,6,5,12,2
6823598612451527303-2408171538,7,14,6,7,14,2
6823598612451527303-2408181538,7,14,6,7,14,2
6823598612451527303-2408191538,7,14,6,7,14,2
6823598612451527303-2408201538,7,14,6,7,14,2
6823598612451527303-2408211538,7,14,6,7,14,2
6823598612451527303-2408221538,7,14,6,7,14,2
6823598612451527303-2408231538,7,14,6,7,14,2
6823598612451527303-2408241538,7,14,6,7,14,2
6823598612451527303-2408251538,7,14,6,7,14,2
6823598612451527303-2408261538,7,14,6,7,14,2
6823598612451527303-2408271538,7,14,6,7,14,2
6823598612451527303-2408281538,7,14,6,7,14,2
6823598612451527303-2408291538,7,14,6,7,14,2
6823598612451527303-2408301538,7,14,6,7,14,2
6823598612451527303-2408311538,7,14,6,7,14,2
6823598612451527303-2409081538,7,14,6,7,14,2
6823598612451527303-2409101538,7,14,6,7,14,2
6823598612451527303-2409111538,7,14,6,7,14,2
6823598612451527303-2409121538,7,14,6,7,14,2
6823598612451527303-2409131538,7,14,6,7,14,2
6823598612451527303-2409141538,7,14,6,7,14,2
6823598612451527303-2409151538,7,14,6,7,14,2
6823598612451527303-2409161538,7,14,6,7,14,2
6823598612451527303-2409171538,7,14,6,7,14,2
6823598612451527303-2409181538,7,14,6,7,14,2
6823598612451527303-2409191538,7,14,6,7,14,2
6823598612451527303-2409201538,7,14,7,7,14,1
6823598612451527303-2409211538,7,14,7,7,14,1
6823598612451527303-2409221538,7,14,7,7,14,1
6823598612451527303-2409231538,7,13,6,7,13,1
6823598612451527303-2409241538,7,13,5,7,13,2
6823598612451527303-2409251538,7,13,5,7,13,2
6823598612451527303-2409261538,7,13,5,7,13,2
6823598612451527303-2409271538,7,13,5,7,13,2
6823598612451527303-2409281538,7,13,5,7,13,2
6823598612451527303-2409291538,7,13,5,7,13,2
6823598612451527303-2409301538,7,13,5,7,13,2
6823598612451527303-2410011538,7,13,5,7,13,2
6823598612451527303-2410021538,7,13,5,7,13,2
6823598612451527303-2410031538,7,13,5,7,13,2
6823598612451527303-2410041538,7,13,5,7,13,2
6823598612451527303-2410051538,7,14,6,7,14,2
6823598612451527303-2410061538,7,14,6,7,14,2
6823598612451527303-2410071538,7,14,6,7,14,2
6823598612451527303-2410081538,7,14,6,7,14,2
6823598612451527303-2410091538,7,14,6,7,14,2
6823598612451527303-2410101538,7,14,6,7,14,2
6823598612451527303-2410111538,7,14,6,7,14,2
6823598612451527303-2410121538,7,14,6,7,14,2
6823598612451527303-2410131538,7,14,6,7,14,2
6823598612451527303-2410141538,7,14,6,7,14,2
6823598612451527303-2410151538,7,14,6,7,14,2
6823598612451527303-2410161538,7,14,6,7,14,2
6823598612451527303-2410171538,7,14,6,7,14,2
6823598612451527303-2410181538,7,14,6,7,14,2
6823598612451527303-2410191538,7,14,6,7,14,2
6823598612451527303-2410201538,7,14,6,7,14,2
6823598612451527303-2410211538,7,14,6,7,14,2
6823598612451527303-2410221538,7,14,6,7,14,2
6823598612451527303-2410231538,7,14,6,7,14,2
6823598612451527303-2410241538,7,14,6,7,14,2
6823598612451527303-2410251538,7,14,6,7,14,2
6823598612451527303-2410261538,7,14,7,7,14,1
6823598612451527303-2410271538,7,14,7,7,14,1
6823598612451527303-2410281538,7,15,8,7,15,1
6823598612451527303-2410291538,7,15,8,7,15,1
6823598612451527303-2410301538,7,15,8,7,15,1
6823598612451527303-2410311538,7,15,8,7,15,1
6823598612451527303-2411011538,7,14,7,7,14,1
6823598612451527303-2411021538,7,14,6,7,14,2
6823598612451527303-2411031538,7,14,6,7,14,2
6823598612451527303-2411041538,7,14,6,7,14,2
6823598612451527303-2411051538,7,14,6,7,14,2
6823598612451527303-2411061538,7,14,6,7,14,2
6823598612451527303-2411071538,7,14,6,7,14,2
6823598612451527303-2411081538,7,14,6,7,14,2
6823598612451527303-2411091538,7,14,6,7,14,2
6823598612451527303-2411101538,7,14,6,7,14,2
6823598612451527303-2411111538,7,14,6,7,14,2
6823598612451527303-2411121538,7,14,6,7,14,2
6823598612451527303-2411131538,7,14,6,7,14,2
6823598612451527303-2411141538,7,14,6,7,14,2
6823598612451527303-2411151538,7,14,6,7,14,2
6823598612451527303-2411161538,7,14,6,7,14,2
6823598612451527303-2411171538,7,14,6,7,14,2
6823598612451527303-2411181538,7,14,6,7,14,2
6823598612451527303-2411191538,7,14,6,7,14,2
6823598612451527303-2411201538,7,14,6,7,14,2
6823598612451527303-2411211538,7,14,6,7,14,2
6823598612451527303-2411221538,7,14,6,7,14,2
6823598612451527303-2411241538,7,14,7,7,14,1
6823598612451527303-2411251538,7,14,7,7,14,1
6823598612451527303-2411261538,7,14,7,7,14,1
6823598612451527303-2411271538,7,14,7,7,14,1
6823598612451527303-2411281538,7,14,7,7,14,1
6823598612451527303-2411291538,7,14,7,7,14,1
6823598612451527303-2411301538,7,16,7,7,16,3
6823598612451527303-2412011538,7,16,7,7,16,3
6823598612451527303-2412021538,7,14,6,7,14,2
6823598612451527303-2412031538,7,14,6,7,14,2
6823598612451527303-2412041538,7,14,6,7,14,2
6823598612451527303-2412051538,7,14,6,7,14,2
6823598612451527303-2412061538,7,14,6,7,14,2
6823598612451527303-2412071538,7,14,6,7,14,2
6823598612451527303-2412081538,7,14,6,7,14,2
6823598612451527303-2412091538,7,14,6,7,14,2
6823598612451527303-2412101538,7,14,6,7,14,2
6823598612451527303-2412111538,7,14,6,7,14,2
6823598612451527303-2412121538,7,14,6,7,14,2
6823598612451527303-2412131538,7,14,6,7,14,2
6823598612451527303-2412141538,7,14,6,7,14,2
6823598612451527303-2412151616,5,12,6,5,12,2
6823598612451527303-2412161616,5,12,6,5,12,2
6823598612451527303-2412171616,5,12,6,5,12,2
6823598612451527303-2412181616,5,12,6,5,12,2
6823598612451527303-2412191616,5,12,6,5,12,2
6823598612451527303-2412201616,5,12,6,5,12,2
6823598612451527303-2412221616,5,12,6,5,12,2
6823598612451527303-2412231616,5,12,6,5,12,2
6823598612451527303-2412251616,5,12,6,5,12,2
6823598612451527303-2412261616,5,12,6,5,12,2
6823598612451527303-2412271616,5,12,6,5,12,2
6823598612451527303-2412291616,5,12,6,5,12,2
6823598612451527303-2412301616,5,12,6,5,12,2
6823598612451527303-2501011616,5,12,6,5,12,2
6823598612451527303-2501021616,5,12,6,5,12,2
6823598612451527303-2501031616,5,12,6,5,12,2
6823598612451527303-2501051616,5,12,6,5,12,2
6823598612451527303-2501061616,5,12,6,5,12,2
6823598612451527303-2501071616,5,12,6,5,12,2
6823598612451527303-2501081616,5,12,6,5,12,2
6823598612451527303-2501091616,5,12,6,5,12,2
6823598612451527303-2501101616,5,12,6,5,12,2
6823598612451527303-2501121616,5,12,6,5,12,2
6823598612451527303-2501131616,5,12,6,5,12,2
6823598612451527303-2501141616,5,12,6,5,12,2
6823598612451527303-2501151616,5,12,6,5,12,2
6823598612451527303-2501161616,5,12,6,5,12,2
6823598612451527303-2501171616,5,12,6,5,12,2
6823598612451527303-2501191617,5,12,6,5,12,2
6823598612451527303-2501201616,5,12,6,5,12,2
6823598612451527303-2501211616,5,12,6,5,12,2
6823598612451527303-2501221617,5,13,7,5,13,2
6823598612451527303-2501231616,5,13,7,5,13,2
6823598612451527303-2501241616,5,12,6,5,12,2
6823598612451527303-2501261616,5,13,7,5,13,2
6823598612451527303-2501271616,5,13,7,5,13,2
6823598612451527303-2501281616,5,13,7,5,13,2
6823598612451527303-2501291616,5,13,7,5,13,2
6823598612451527303-2501301616,5,12,6,5,12,2
6823598612451527303-2501311616,5,12,6,5,12,2
6823598612451527303-2502021616,5,12,6,5,12,2
6823598612451527303-2502031616,5,12,6,5,12,2
6823598612451527303-2502041616,5,13,7,5,13,2
6823598612451527303-2502051616,5,12,6,5,12,2
6823598612451527303-2502061616,5,12,6,5,12,2
6823598612451527303-2502281616,5,12,6,5,12,2
6823598612451527303-2503021616,5,12,6,5,12,2
6823598612451527303-2503031616,5,12,6,5,12,2
6823598612451527303-2503041616,5,12,6,5,12,2
6823598612451527303-2503051616,5,12,6,5,12,2
6823598612451527303-2503061616,5,12,6,5,12,2
6823598612451527303-2503071616,5,12,6,5,12,2
6823598612451527303-2503241616,5,12,6,5,12,2
6823598612451527303-2503251616,5,14,6,5,14,4
6823598612451527303-2503261616,5,14,6,5,14,4
6823598612451527303-2503271616,5,12,6,5,12,2
6823598612451527303-2503281616,5,12,6,5,12,2
6823598612451527303-2503301616,5,12,6,5,12,2
6823598612451527303-2503311616,5,12,6,5,12,2
6823598612451527303-2504011616,5,12,6,5,12,2
6823598612451527303-2504021616,5,12,6,5,12,2
6823598612451527303-2504031616,5,12,6,5,12,2
6823598612451527303-2504041616,5,12,6,5,12,2
6823598612451527303-2504061616,5,12,6,5,12,2
6823598612451527303-2504071616,5,12,6,5,12,2
6823598612451527303-2504081616,5,12,6,5,12,2
6823598612451527303-2504091616,5,12,6,5,12,2
6823598612451527303-2504101616,5,12,6,5,12,2
6823598612451527303-2504111616,5,11,6,5,11,1
6823598612451527303-2504131616,5,11,6,5,11,1
6823598612451527303-2504141616,5,11,6,5,11,1
6823598612451527303-2504151616,5,11,6,5,11,1
6823598612451527303-2504161616,5,11,6,5,11,1
6823598612451527303-2504171616,5,12,7,5,12,1
6823598612451527303-2504221616,5,12,6,5,12,2
6823598612451527303-2504231616,5,12,6,5,12,2
6823598612451527303-2504241616,5,12,6,5,12,2
6823598612451527303-2504251616,5,12,6,5,12,2
6823598612451527303-2504271616,5,12,6,5,12,2
6823598612451527303-2504281616,5,12,6,5,12,2
6823598612451527303-2504291616,5,12,6,5,12,2
6823598612451527303-2504301616,5,13,7,5,13,2
6823598612451527303-2505011616,5,12,6,5,12,2
6823598612451527303-2505021616,5,12,6,5,12,2
6823598612451527303-2505041616,5,12,6,5,12,2
6823598612451527303-2505051616,5,12,6,5,12,2
6823598612451527303-2505061616,5,12,6,5,12,2
6823598612451527303-2505071616,5,12,6,5,12,2
6823598612451527303-2505081616,5,12,6,5,12,2
6823598612451527303-2505091616,5,12,6,5,12,2
6823598612451527303-2505111616,5,12,6,5,12,2
6823598612451527303-2505121616,5,12,6,5,12,2
6823598612451527303-2505131616,5,12,6,5,12,2
6823598612451527303-2505141616,5,12,6,5,12,2
6823598612451527303-2505151616,5,13,7,5,13,2
6823598612451527303-2505161616,5,12,6,5,12,2
6823598612451527303-2505181616,5,12,6,5,12,2
6823598612451527303-2505191616,5,12,6,5,12,2
6823598612451527303-2505201616,5,13,7,5,13,2
6823598612451527303-2505221616,5,12,6,5,12,2
6823598612451527303-2505231616,5,12,6,5,12,2
6823598612451527303-2505251616,5,12,6,5,12,2
6823598612451527303-2505261616,5,12,6,5,12,2
6823598612451527303-2505281616,5,12,6,5,12,2
6823598612451527303-2505291616,5,12,6,5,12,2
6823598612451527303-2505301616,5,12,6,5,12,2
6823598612451527303-2506011616,5,13,6,5,13,3
6823598612451527303-2506021616,5,12,6,5,12,2
6823598612451527303-2506031616,5,12,6,5,12,2
6823598612451527303-2506041616,5,12,6,5,12,2
6823598612451527303-2506061616,5,12,6,5,12,2
6823598612451527303-2506091616,5,12,6,5,12,2
6823598612451527303-2506101616,5,12,6,5,12,2
6823598612451527303-2506111616,5,12,6,5,12,2
6823598612451527303-2506121616,5,13,7,5,13,2
6823598612451527303-2506131616,5,12,6,5,12,2
6823598612451527303-2506151616,5,12,6,5,12,2
6823598612451527303-2506161616,5,12,6,5,12,2
6823598612451527303-2506171616,5,12,6,5,12,2
6823598612451527303-2506181616,5,13,6,5,13,3
6823598612451527303-2506191616,5,13,6,5,13,3
6823598612451527303-2506201616,5,12,6,5,12,2
6823598612451527303-2506221616,5,12,6,5,12,2
6823598612451527303-2506231616,5,12,6,5,12,2
6823598612451527303-2506241616,5,12,6,5,12,2
6823598612451527303-2506251616,5,12,6,5,12,2
6823598612451527303-2506261616,5,12,6,5,12,2
6823598612451527303-2506271616,5,16,7,5,16,5
6823598612451527303-2506291616,5,16,7,5,16,5
6823598612451527303-2506301616,5,16,7,5,16,5
6823598612451527303-2507011616,5,16,7,5,16,5
6823598612451527303-2507021616,5,16,7,5,16,5
6823598612451527303-2507031616,5,16,7,5,16,5
6823598612451527303-2507041616,5,16,7,5,16,5
6823598612451527303-2507061616,5,16,7,5,16,5
6823598612451527303-2507071616,5,15,8,5,15,3
6823598612451527303-2507081616,5,15,8,5,15,3
6823598612451527303-2507091616,5,15,8,5,15,3
6823598612451527303-2507101616,5,17,8,5,17,5
6823598612451527303-2507111616,5,16,7,5,16,5
6823598612451527303-2507131616,5,12,6,5,12,2
6823598612451527303-2507141616,5,12,6,5,12,2
6823598612451527303-2507151616,4,11,6,4,11,2
6823598612451527303-2507161616,4,11,6,4,11,2
6823598612451527303-2507171616,4,11,6,4,11,2
6823598612451527303-2507181616,4,11,6,4,11,2
6823598612451527303-2507201616,4,11,6,4,11,2
6823598612451527303-2507211616,4,11,6,4,11,2
6823598612451527303-2507221616,4,11,6,4,11,2
6823598612451527303-2507231616,5,12,6,5,12,2
6823598612451527303-2507241616,5,12,6,5,12,2
6823598612451527303-2507251616,5,12,6,5,12,2
6823598612451527303-2508041538,6,13,6,6,13,2
6823598612451527303-2508051538,6,13,6,6,13,2
6823598612451527303-2508061538,6,13,6,6,13,2
6823598612451527303-2508071538,6,13,6,6,13,2
6823598612451527303-2508081538,6,13,6,6,13,2
6823598612451527303-2508091538,6,13,6,6,13,2
6823598612451527303-2508101538,6,13,6,6,13,2
6823598612451527303-2508111538,6,13,6,6,13,2
6823598612451527303-2508121538,6,13,6,6,13,2
6823598612451527303-2508131538,6,13,6,6,13,2
6823598612451527303-2508141538,6,13,6,6,13,2
6823598612451527303-2508151538,6,13,6,6,13,2
6823598612451527303-2508251538,6,13,7,6,13,1
6823598612451527303-2508261538,6,13,7,6,13,1
6823598612451527303-2508271538,6,13,7,6,13,1
6823598612451527303-2508281538,6,13,7,6,13,1
6823598612451527303-2508291538,6,13,7,6,13,1
6823598612451527303-2508301538,6,13,7,6,13,1
6823598612451527303-2508311538,6,13,7,6,13,1
6823598612451527303-2509011538,6,13,7,6,13,1
6823598612451527303-2509021538,6,13,7,6,13,1
6823598612451527303-2509041538,6,13,7,6,13,1
6823598612451527303-2509051538,6,13,7,6,13,1
6823598612451527303-2509061538,6,13,7,6,13,1
6823598612451527303-2509071538,6,13,7,6,13,1
6823598612451527303-2509081538,6,13,7,6,13,1
6823598612451527303-2509091538,6,13,6,6,13,2
6823598612451527303-2509101538,6,13,6,6,13,2
6823598612451527303-2509111538,6,13,6,6,13,2
6823598612451527303-2509121538,6,13,6,6,13,2
6823598612451527303-2509131538,6,13,6,6,13,2
6823598612451527303-2509141538,6,13,6,6,13,2
6823598612451527303-2509151538,6,13,6,6,13,2
6823598612451527303-2509161538,6,13,6,6,13,2
6823598612451527303-2509171538,6,13,6,6,13,2
6823598612451527303-2509181538,6,13,6,6,13,2
6823598612451527303-2509191538,6,13,6,6,13,2
6823598612451527303-2509201538,6,13,6,6,13,2
6823598612451527303-2509211538,6,13,6,6,13,2
6823598612451527303-2509221538,6,13,6,6,13,2
6823598612451527303-2509231538,6,13,6,6,13,2
7025640092605674704-2407230617,5,13,7,5,13,2
7025640092605674704-2407250617,5,13,7,5,13,2
7025640092605674704-2408010719,5,13,7,5,13,2
7025640092605674704-2408030618,5,13,8,5,13,1
7025640092605674704-2408040618,5,13,8,5,13,1
7025640092605674704-2408050618,5,13,8,5,13,1
7025640092605674704-2408060819,5,14,8,5,14,2
7025640092605674704-2408070819,5,14,8,5,14,2
7025640092605674704-2408080819,5,15,9,5,15,2
7025640092605674704-2408100819,5,14,8,5,14,2
7025640092605674704-2408110819,5,14,8,5,14,2
7025640092605674704-2408120819,5,14,8,5,14,2
7025640092605674704-2408191036,8,16,8,8,16,1
7025640092605674704-2409281338,7,14,6,7,14,2
7025640092605674704-2410081422,9,16,7,9,16,1
7025640092605674704-2410181538,7,14,6,7,14,2
7025640092605674704-2411040534,7,15,7,7,15,2
7025640092605674704-2411071036,8,16,8,8,16,1
7025640092605674704-2411171219,9,20,9,9,20,3
7025640092605674704-2411260534,7,14,7,7,14,1
7025640092605674704-2501011616,5,12,6,5,12,2
7025640092605674704-2502130617,5,13,7,5,13,2
7025640092605674704-2503241118,5,13,8,5,13,1
7025640092605674704-2504131018,5,12,7,5,12,1
7074087403146415227-2407011413,7,16,8,7,16,2
7074087403146415227-2407021413,7,17,9,7,17,2
7074087403146415227-2407031413,7,16,8,7,16,2
7074087403146415227-2407041413,7,16,8,7,16,2
7074087403146415227-2407051413,7,16,8,7,16,2
7074087403146415227-2407061413,7,17,9,7,17,2
7074087403146415227-2407071413,7,17,9,7,17,2
7074087403146415227-2407081413,7,16,8,7,16,2
7074087403146415227-2407091413,7,17,9,7,17,2
7074087403146415227-2407101413,7,16,8,7,16,2
7074087403146415227-2407111413,7,16,8,7,16,2
7074087403146415227-2407121413,7,16,8,7,16,2
7074087403146415227-2407131413,7,17,9,7,17,2
7074087403146415227-2407141413,7,17,9,7,17,2
7074087403146415227-2407151413,7,14,7,7,14,1
7074087403146415227-2407161413,7,16,8,7,16,2
7074087403146415227-2407171413,7,16,8,7,16,2
7074087403146415227-2407181413,7,16,8,7,16,2
7074087403146415227-2407221413,7,16,8,7,16,2
7074087403146415227-2407231413,7,16,8,7,16,2
7074087403146415227-2407241413,7,16,8,7,16,2
7074087403146415227-2407251413,7,16,8,7,16,2
7074087403146415227-2407261413,7,15,7,7,15,2
7074087403146415227-2408161413,7,16,8,7,16,2
7074087403146415227-2412151413,7,17,9,7,17,2
7074087403146415227-2412161413,7,17,9,7,17,2
7074087403146415227-2412171413,7,17,9,7,17,2
7074087403146415227-2412181413,7,17,9,7,17,2
7074087403146415227-2412191413,7,14,7,7,14,1
7074087403146415227-2412201413,7,17,9,7,17,2
7074087403146415227-2412211413,7,17,9,7,17,2
7074087403146415227-2412221413,7,17,9,7,17,2
7074087403146415227-2412231413,7,17,9,7,17,2
7074087403146415227-2412241413,7,17,9,7,17,2
7074087403146415227-2412251413,7,17,9,7,17,2
7074087403146415227-2412261413,7,17,9,7,17,2
7074087403146415227-2412271413,7,17,9,7,17,2
7074087403146415227-2412281413,7,17,9,7,17,2
7074087403146415227-2412291413,7,17,9,7,17,2
7074087403146415227-2412301413,7,17,9,7,17,2
7074087403146415227-2412311413,7,17,9,7,17,2
7074087403146415227-2501011413,7,14,7,7,14,1
7074087403146415227-2501021413,7,17,9,7,17,2
7074087403146415227-2501031413,7,17,9,7,17,2
7074087403146415227-2501041413,7,17,9,7,17,2
7074087403146415227-2501051413,7,17,9,7,17,2
7074087403146415227-2501061413,7,17,9,7,17,2
7074087403146415227-2501071413,7,17,9,7,17,2
7074087403146415227-2501081413,7,17,9,7,17,2
7074087403146415227-2501091413,7,17,9,7,17,2
7074087403146415227-2501101413,7,17,9,7,17,2
7074087403146415227-2501111413,7,17,9,7,17,2
7074087403146415227-2501121413,7,17,9,7,17,2
7074087403146415227-2501141411,7,17,9,7,17,2
7074087403146415227-2501151411,7,17,9,7,17,2
7074087403146415227-2501161413,7,17,9,7,17,2
7074087403146415227-2501171413,7,17,9,7,17,2
7074087403146415227-2501181413,7,17,9,7,17,2
7074087403146415227-2501201413,7,17,9,7,17,2
7074087403146415227-2501211413,7,17,9,7,17,2
7074087403146415227-2501221413,7,17,9,7,17,2
7074087403146415227-2501231413,7,17,9,7,17,2
7074087403146415227-2501241413,7,17,9,7,17,2
7074087403146415227-2501251413,7,17,9,7,17,2
7074087403146415227-2501271413,7,17,9,7,17,2
7074087403146415227-2501281413,7,17,9,7,17,2
7074087403146415227-2501291413,7,14,7,7,14,1
7074087403146415227-2501301413,7,17,9,7,17,2
7074087403146415227-2501311413,7,17,9,7,17,2
7074087403146415227-2502011413,7,17,9,7,17,2
7074087403146415227-2502021413,7,17,9,7,17,2
7074087403146415227-2502031413,7,17,9,7,17,2
7074087403146415227-2502041413,7,17,9,7,17,2
7074087403146415227-2502051413,7,17,9,7,17,2
7074087403146415227-2502061413,7,17,9,7,17,2
7074087403146415227-2502071413,7,17,9,7,17,2
7074087403146415227-2502171413,7,17,9,7,17,2
7074087403146415227-2502181413,7,17,9,7,17,2
7074087403146415227-2502191413,7,17,9,7,17,2
7074087403146415227-2502201413,7,17,9,7,17,2
7074087403146415227-2502211413,7,17,9,7,17,2
7074087403146415227-2502221413,7,17,9,7,17,2
7074087403146415227-2502231413,7,17,9,7,17,2
7074087403146415227-2502241413,7,17,9,7,17,2
7074087403146415227-2502251413,7,16,8,7,16,2
7074087403146415227-2502261413,7,14,7,7,14,1
7074087403146415227-2502271413,7,17,9,7,17,2
7074087403146415227-2502281413,7,17,9,7,17,2
7074087403146415227-2503011413,7,17,9,7,17,2
7074087403146415227-2503021413,7,17,9,7,17,2
7074087403146415227-2503031413,7,17,9,7,17,2
7074087403146415227-2503041413,7,17,9,7,17,2
7074087403146415227-2503051413,7,17,9,7,17,2
7074087403146415227-2503061413,7,17,9,7,17,2
7074087403146415227-2503071413,7,17,9,7,17,2
7074087403146415227-2503221320,7,17,9,7,17,2
7074087403146415227-2503231320,7,17,9,7,17,2
7074087403146415227-2503241413,7,17,9,7,17,2
7074087403146415227-2503251413,7,19,9,7,19,4
7074087403146415227-2503261413,7,16,7,7,16,3
7074087403146415227-2503271413,7,17,9,7,17,2
7074087403146415227-2503281413,7,17,9,7,17,2
7074087403146415227-2503291413,7,17,9,7,17,2
7074087403146415227-2503301413,7,17,9,7,17,2
7074087403146415227-2503311413,7,17,9,7,17,2
7074087403146415227-2504011413,7,17,9,7,17,2
7074087403146415227-2504021413,7,17,9,7,17,2
7074087403146415227-2504031413,7,17,9,7,17,2
7074087403146415227-2504041413,7,17,9,7,17,2
7074087403146415227-2504051413,7,17,9,7,17,2
7074087403146415227-2504061413,7,17,9,7,17,2
7074087403146415227-2504071413,7,17,9,7,17,2
7074087403146415227-2504081413,7,17,9,7,17,2
7074087403146415227-2504091413,7,17,9,7,17,2
7074087403146415227-2504101413,7,14,7,7,14,1
7074087403146415227-2504111413,7,14,7,7,14,1
7074087403146415227-2504121413,7,14,7,7,14,1
7074087403146415227-2504131413,7,17,9,7,17,2
7074087403146415227-2504141413,7,17,9,7,17,2
7074087403146415227-2504151413,7,17,9,7,17,2
7074087403146415227-2504161413,7,17,9,7,17,2
7074087403146415227-2504171413,7,17,9,7,17,2
7074087403146415227-2504181413,7,17,9,7,17,2
7074087403146415227-2504221413,7,17,9,7,17,2
7074087403146415227-2504231413,7,14,7,7,14,1
7074087403146415227-2504241413,7,17,9,7,17,2
7074087403146415227-2504251413,7,17,9,7,17,2
7074087403146415227-2504261413,7,17,9,7,17,2
7074087403146415227-2504271413,7,17,9,7,17,2
7074087403146415227-2504281413,7,17,9,7,17,2
7074087403146415227-2504291413,7,17,9,7,17,2
7074087403146415227-2504301413,7,17,9,7,17,2
7074087403146415227-2505011413,7,17,9,7,17,2
7074087403146415227-2505021413,7,17,9,7,17,2
7074087403146415227-2505031413,7,17,9,7,17,2
7074087403146415227-2505041413,7,17,9,7,17,2
7074087403146415227-2505051413,7,17,9,7,17,2
7074087403146415227-2505061413,7,17,9,7,17,2
7074087403146415227-2505071413,7,17,9,7,17,2
7074087403146415227-2505081413,7,14,7,7,14,1
7074087403146415227-2505091413,7,14,7,7,14,1
7074087403146415227-2505101413,7,14,7,7,14,1
7074087403146415227-2505111413,7,17,9,7,17,2
7074087403146415227-2505121413,7,17,9,7,17,2
7074087403146415227-2505131413,7,17,9,7,17,2
7074087403146415227-2505141413,7,17,9,7,17,2
7074087403146415227-2505151413,7,17,9,7,17,2
7074087403146415227-2505161413,7,17,9,7,17,2
7074087403146415227-2505171413,7,17,9,7,17,2
7074087403146415227-2505181413,7,17,9,7,17,2
7074087403146415227-2505191413,7,17,9,7,17,2
7074087403146415227-2505201413,7,17,9,7,17,2
7074087403146415227-2505211413,7,14,7,7,14,1
7074087403146415227-2505221413,7,17,9,7,17,2
7074087403146415227-2505231413,7,17,9,7,17,2
7074087403146415227-2505241413,7,17,9,7,17,2
7074087403146415227-2505251413,7,17,9,7,17,2
7074087403146415227-2505261413,7,17,9,7,17,2
7074087403146415227-2505271413,7,17,9,7,17,2
7074087403146415227-2505281413,7,17,9,7,17,2
7074087403146415227-2505291413,7,17,9,7,17,2
7074087403146415227-2505301413,7,17,9,7,17,2
7074087403146415227-2505311413,7,17,9,7,17,2
7074087403146415227-2506011413,7,17,9,7,17,2
7074087403146415227-2506021413,7,17,9,7,17,2
7074087403146415227-2506031413,7,17,9,7,17,2
7074087403146415227-2506041413,7,17,9,7,17,2
7074087403146415227-2506051413,7,14,6,7,14,2
7074087403146415227-2506091413,7,17,9,7,17,2
7074087403146415227-2506101413,7,17,9,7,17,2
7074087403146415227-2506111413,7,17,9,7,17,2
7074087403146415227-2506121413,7,17,9,7,17,2
7074087403146415227-2506131413,7,17,9,7,17,2
7074087403146415227-2506141413,7,17,9,7,17,2
7074087403146415227-2506151413,7,17,9,7,17,2
7074087403146415227-2506161413,7,17,9,7,17,2
7074087403146415227-2506171413,7,17,9,7,17,2
7074087403146415227-2506181413,7,14,7,7,14,1
7074087403146415227-2506191413,7,17,9,7,17,2
7074087403146415227-2506201413,7,17,9,7,17,2
7074087403146415227-2506211413,7,17,9,7,17,2
7074087403146415227-2506221413,7,17,9,7,17,2
7074087403146415227-2506231413,7,17,9,7,17,2
7074087403146415227-2506241413,7,17,9,7,17,2
7074087403146415227-2506251413,7,17,9,7,17,2
7074087403146415227-2506261413,7,17,9,7,17,2
7074087403146415227-2506271413,7,16,6,7,16,4
7074087403146415227-2506281413,7,16,6,7,16,4
7074087403146415227-2506291413,7,16,6,7,16,4
7074087403146415227-2506301413,7,16,6,7,16,4
7074087403146415227-2507011413,7,16,6,7,16,4
7074087403146415227-2507021413,7,16,6,7,16,4
7074087403146415227-2507031413,7,16,6,7,16,4
7074087403146415227-2507041413,7,16,6,7,16,4
7074087403146415227-2507051413,7,16,6,7,16,4
7074087403146415227-2507061413,7,16,6,7,16,4
7074087403146415227-2507071413,7,16,6,7,16,4
7074087403146415227-2507081413,7,16,6,7,16,4
7074087403146415227-2507091413,7,16,6,7,16,4
7074087403146415227-2507101413,7,19,8,7,19,5
7074087403146415227-2507111413,7,16,6,7,16,4
7074087403146415227-2507121413,7,17,9,7,17,2
7074087403146415227-2507131413,7,17,9,7,17,2
7074087403146415227-2507141413,7,17,9,7,17,2
7074087403146415227-2507151413,6,16,9,6,16,2
7074087403146415227-2507161413,6,16,9,6,16,2
7074087403146415227-2507171413,6,16,9,6,16,2
7074087403146415227-2507181413,6,16,9,6,16,2
7074087403146415227-2507191413,6,16,9,6,16,2
7074087403146415227-2507201413,6,16,9,6,16,2
7074087403146415227-2507211413,6,16,9,6,16,2
7074087403146415227-2507221413,6,16,9,6,16,2
7074087403146415227-2507231413,7,17,9,7,17,2
7074087403146415227-2507241413,7,17,9,7,17,2
7074087403146415227-2507251413,7,17,9,7,17,2
7276838934460188376-2409160957,12,20,7,12,20,2
739501285753119427-2503291509,4,8,4,4,8,1
739501285753119427-2503301509,4,8,4,4,8,1
739501285753119427-2503311509,4,8,4,4,8,1
739501285753119427-2504011509,4,8,4,4,8,1
739501285753119427-2505231537,5,10,5,5,10,1
739501285753119427-2505241537,5,10,5,5,10,1
739501285753119427-2505251537,5,10,5,5,10,1
739501285753119427-2506051537,5,8,3,5,8,1
7443980220321091307-2412081553,6,13,6,6,13,2
747534269054331857-2407271755,1,8,6,1,8,2
747534269054331857-2408031755,1,8,6,1,8,2
747534269054331857-2408101755,1,9,6,1,9,3
750619744452851376-2408270719,9,17,7,9,17,2
750619744452851376-2411070635,7,15,8,7,15,1
750619744452851376-2411130601,8,17,8,8,17,2
750619744452851376-2505131419,5,13,7,5,13,2
7509683757958302257-2504211850,5,20,12,5,20,4
759092222729929154-2510071328,1,15,14,1,15,1
7628871953001995590-2407042134,8,18,8,8,18,3
7628871953001995590-2407280719,5,13,7,5,13,2
7628871953001995590-2408020618,5,13,8,5,13,1
7628871953001995590-2408080719,5,13,7,5,13,2
7628871953001995590-2409070719,9,17,7,9,17,2
7628871953001995590-2409080719,9,17,7,9,17,2
7628871953001995590-2409200719,9,17,8,9,17,1
7628871953001995590-2409250719,9,16,6,9,16,2
7628871953001995590-2410170635,7,15,8,7,15,1
7628871953001995590-2412040719,9,17,7,9,17,2
7628871953001995590-2501080818,5,13,7,5,13,2
7628871953001995590-2502160818,5,13,7,5,13,2
7628871953001995590-2502251118,5,13,8,5,13,1
7628871953001995590-2503250818,5,15,7,5,15,4
7628871953001995590-2506050818,5,13,7,5,13,2
7695292714197879794-2509241345,1,7,5,1,7,2
7695292714197879794-2509251345,1,7,5,1,7,2
7695292714197879794-2509261345,1,7,5,1,7,2
7695292714197879794-2509271345,1,7,5,1,7,2
7695292714197879794-2509281345,1,7,5,1,7,2
7695292714197879794-2509291345,1,7,5,1,7,2
7695292714197879794-2509301345,1,7,5,1,7,2
7695292714197879794-2510011345,1,7,5,1,7,2
7695292714197879794-2510021345,1,7,5,1,7,2
7695292714197879794-2510031345,1,7,5,1,7,2
7695292714197879794-2510041345,1,7,5,1,7,2
7695292714197879794-2510051345,1,7,5,1,7,2
7695292714197879794-2510061345,1,7,5,1,7,2
7695292714197879794-2510071345,1,7,5,1,7,2
7695292714197879794-2510081345,1,7,5,1,7,2
7695292714197879794-2510091345,1,7,5,1,7,2
7695292714197879794-2510101345,1,7,5,1,7,2
7695292714197879794-2510111253,1,8,7,1,8,1
7695292714197879794-2510121253,1,8,7,1,8,1
7695292714197879794-2510131345,1,7,5,1,7,2
7695292714197879794-2510141345,1,7,5,1,7,2
7695292714197879794-2510151345,1,7,5,1,7,2
7695292714197879794-2510161345,1,7,5,1,7,2
7695292714197879794-2510171345,1,7,5,1,7,2
7695292714197879794-2510181345,1,7,5,1,7,2
7695292714197879794-2510191345,1,7,5,1,7,2
7695292714197879794-2510201345,1,7,5,1,7,2
7695292714197879794-2510211345,1,7,5,1,7,2
7695292714197879794-2510221345,1,7,5,1,7,2
7695292714197879794-2510231345,1,7,5,1,7,2
7695292714197879794-2510241345,1,7,5,1,7,2
7695292714197879794-2510261345,1,7,5,1,7,2
7695292714197879794-2510271345,1,7,5,1,7,2
7695292714197879794-2510281345,1,7,5,1,7,2
7695292714197879794-2510301345,1,7,5,1,7,2
7695292714197879794-2510311345,1,7,5,1,7,2
7695292714197879794-2511011345,1,7,5,1,7,2
7695292714197879794-2511021345,1,7,5,1,7,2
7716809593692092614-2407200423,2,11,7,2,11,3
777182761635840847-2510222054,1,15,11,1,15,4
7796912677387948200-2408081204,1,7,6,1,7,1
7796912677387948200-2408091204,1,7,6,1,7,1
7796912677387948200-2408101204,1,7,6,1,7,1
7796912677387948200-2408111204,1,7,6,1,7,1
7796912677387948200-2408121204,1,7,6,1,7,1
7796912677387948200-2408131204,1,7,6,1,7,1
7796912677387948200-2408141204,1,7,6,1,7,1
7796912677387948200-2408151204,1,7,6,1,7,1
7885762635184248695-2411090023,1,25,20,1,25,5
7919234180573850648-2509241145,1,8,6,1,8,2
7919234180573850648-2509251145,1,8,6,1,8,2
7919234180573850648-2509261145,1,8,6,1,8,2
7919234180573850648-2509271145,1,8,6,1,8,2
7919234180573850648-2509281145,1,8,6,1,8,2
7919234180573850648-2509291145,1,8,6,1,8,2
7919234180573850648-2509301145,1,8,6,1,8,2
7919234180573850648-2510011145,1,8,6,1,8,2
7919234180573850648-2510021145,1,8,6,1,8,2
7919234180573850648-2510031145,1,8,6,1,8,2
7919234180573850648-2510041145,1,8,6,1,8,2
7919234180573850648-2510051145,1,8,6,1,8,2
7919234180573850648-2510061145,1,8,6,1,8,2
7919234180573850648-2510071145,1,8,6,1,8,2
7919234180573850648-2510081145,1,8,6,1,8,2
7919234180573850648-2510091145,1,8,6,1,8,2
7919234180573850648-2510101145,1,8,6,1,8,2
7919234180573850648-2510111100,1,9,8,1,9,1
7919234180573850648-2510121100,1,9,8,1,9,1
7919234180573850648-2510131145,1,8,6,1,8,2
7919234180573850648-2510141145,1,8,6,1,8,2
7919234180573850648-2510151145,1,8,6,1,8,2
7919234180573850648-2510161145,1,8,6,1,8,2
7919234180573850648-2510171145,1,8,6,1,8,2
7919234180573850648-2510181145,1,8,6,1,8,2
7919234180573850648-2510191145,1,8,6,1,8,2
7919234180573850648-2510201145,1,8,6,1,8,2
7919234180573850648-2510211145,1,8,6,1,8,2
7919234180573850648-2510221145,1,8,6,1,8,2
7919234180573850648-2510231145,1,8,6,1,8,2
7919234180573850648-2510241145,1,8,6,1,8,2
7919234180573850648-2510261145,1,8,6,1,8,2
7919234180573850648-2510271145,1,8,6,1,8,2
7919234180573850648-2510281145,1,8,6,1,8,2
7919234180573850648-2510301145,1,8,6,1,8,2
7919234180573850648-2510311145,1,8,6,1,8,2
7919234180573850648-2511011145,1,8,6,1,8,2
7919234180573850648-2511021145,1,8,6,1,8,2
7972492914704714215-2503091121,3,16,12,3,16,2
7972492914704714215-2503101121,3,16,12,3,16,2
7972492914704714215-2503111121,3,16,12,3,16,2
7972492914704714215-2503121121,3,16,12,3,16,2
7972492914704714215-2503131121,3,16,12,3,16,2
7972492914704714215-2503141121,3,16,12,3,16,2
7972492914704714215-2503171121,3,16,12,3,16,2
7972492914704714215-2503181121,3,16,12,3,16,2
7972492914704714215-2503191121,3,16,12,3,16,2
7972492914704714215-2503201121,3,16,12,3,16,2
7972492914704714215-2504051116,3,16,12,3,16,2
7972492914704714215-2504061116,3,16,12,3,16,2
7972492914704714215-2504071116,3,16,12,3,16,2
7972492914704714215-2504081116,3,16,12,3,16,2
7972492914704714215-2504091116,3,16,12,3,16,2
7972492914704714215-2504101116,3,16,12,3,16,2
7972492914704714215-2504111121,3,16,12,3,16,2
7972492914704714215-2504121121,3,16,12,3,16,2
7972492914704714215-2504131121,3,16,12,3,16,2
7972492914704714215-2504141121,3,16,12,3,16,2
7972492914704714215-2504151121,3,16,12,3,16,2
7972492914704714215-2504161121,3,16,12,3,16,2
7972492914704714215-2504171121,3,17,12,3,17,3
7972492914704714215-2505021121,3,17,12,3,17,3
7972492914704714215-2505041121,3,15,11,3,15,2
7972492914704714215-2505051121,3,17,12,3,17,3
7972492914704714215-2505061121,3,17,12,3,17,3
7972492914704714215-2505071121,3,17,12,3,17,3
7972492914704714215-2505081121,3,17,12,3,17,3
7972492914704714215-2505091121,3,17,12,3,17,3
7972492914704714215-2505101121,3,17,12,3,17,3
7972492914704714215-2505111121,3,17,12,3,17,3
7972492914704714215-2505121121,3,17,12,3,17,3
7972492914704714215-2505131121,3,17,12,3,17,3
7972492914704714215-2505141121,3,17,12,3,17,3
7972492914704714215-2505151121,3,17,12,3,17,3
7972492914704714215-2505161121,3,17,12,3,17,3
7972492914704714215-2505171121,3,17,12,3,17,3
7972492914704714215-2505181121,3,17,12,3,17,3
7972492914704714215-2505191121,3,17,12,3,17,3
7972492914704714215-2505201121,3,17,12,3,17,3
7972492914704714215-2505211121,3,17,12,3,17,3
7972492914704714215-2505221121,3,17,12,3,17,3
7972492914704714215-2505231121,3,17,12,3,17,3
7972492914704714215-2505241121,3,17,12,3,17,3
7972492914704714215-2505251121,3,17,12,3,17,3
7972492914704714215-2505261121,3,17,12,3,17,3
7972492914704714215-2505271121,3,17,12,3,17,3
7972492914704714215-2505281121,3,18,12,3,18,4
7972492914704714215-2505291121,3,17,12,3,17,3
7972492914704714215-2505301121,3,17,12,3,17,3
7972492914704714215-2505311121,3,17,12,3,17,3
7972492914704714215-2506011121,3,17,12,3,17,3
7972492914704714215-2506021121,3,17,12,3,17,3
7972492914704714215-2506031121,3,17,12,3,17,3
7972492914704714215-2506041121,3,17,12,3,17,3
7972492914704714215-2506051121,3,17,11,3,17,4
7972492914704714215-2506061121,3,17,12,3,17,3
7972492914704714215-2506071121,3,16,12,3,16,2
7972492914704714215-2506081121,3,16,12,3,16,2
7972492914704714215-2506091121,3,16,12,3,16,2
7972492914704714215-2506101121,3,16,12,3,16,2
7972492914704714215-2506111121,3,16,12,3,16,2
7972492914704714215-2506121121,3,16,12,3,16,2
7972492914704714215-2506131121,3,16,12,3,16,2
7972492914704714215-2506141111,3,16,12,3,16,2
7972492914704714215-2506151111,3,16,12,3,16,2
7972492914704714215-2506161121,3,16,12,3,16,2
7972492914704714215-2506171121,3,16,12,3,16,2
7972492914704714215-2506181121,3,16,12,3,16,2
7972492914704714215-2506191121,3,16,12,3,16,2
7972492914704714215-2506201121,3,16,12,3,16,2
7972492914704714215-2506211101,3,16,12,3,16,2
7972492914704714215-2506221101,3,16,12,3,16,2
7972492914704714215-2506231050,3,16,12,3,16,2
7972492914704714215-2506241050,3,16,12,3,16,2
7972492914704714215-2506251050,3,16,12,3,16,2
7972492914704714215-2506261050,3,16,12,3,16,2
7972492914704714215-2506271050,3,18,15,3,18,1
7972492914704714215-2506281050,3,18,15,3,18,1
7972492914704714215-2506291050,3,18,15,3,18,1
7972492914704714215-2506301050,3,18,15,3,18,1
7972492914704714215-2507011050,3,18,15,3,18,1
7972492914704714215-2507021050,3,18,15,3,18,1
7972492914704714215-2507031050,3,18,15,3,18,1
7972492914704714215-2507041050,3,18,15,3,18,1
7972492914704714215-2507051050,3,18,15,3,18,1
7972492914704714215-2507061050,3,18,15,3,18,1
7972492914704714215-2507071050,3,18,15,3,18,1
7972492914704714215-2507081050,3,18,15,3,18,1
7972492914704714215-2507091050,3,18,15,3,18,1
7972492914704714215-2507101050,3,18,15,3,18,1
7972492914704714215-2507111050,3,18,15,3,18,1
7972492914704714215-2507121050,3,16,12,3,16,2
7972492914704714215-2507131050,3,16,12,3,16,2
7972492914704714215-2507141050,3,16,12,3,16,2
7972492914704714215-2507151050,3,16,12,3,16,2
7972492914704714215-2507161050,3,16,12,3,16,2
7972492914704714215-2507171050,3,16,12,3,16,2
7972492914704714215-2507181050,3,16,12,3,16,2
7972492914704714215-2507191050,3,16,12,3,16,2
7972492914704714215-2507201050,3,16,12,3,16,2
7972492914704714215-2507211050,3,16,12,3,16,2
7972492914704714215-2507221050,3,16,12,3,16,2
7972492914704714215-2507231050,3,16,12,3,16,2
7972492914704714215-2507241050,3,16,12,3,16,2
7972492914704714215-2507251050,3,16,12,3,16,2
7972492914704714215-2507261050,3,16,12,3,16,2
7972492914704714215-2507271050,3,16,12,3,16,2
7972492914704714215-2507281050,3,16,12,3,16,2
7972492914704714215-2507291050,3,16,12,3,16,2
7972492914704714215-2507301050,3,16,12,3,16,2
7972492914704714215-2507311050,3,16,12,3,16,2
7972492914704714215-2508011121,3,16,12,3,16,2
7972492914704714215-2508021121,3,16,12,3,16,2
7972492914704714215-2508031121,3,16,12,3,16,2
7972492914704714215-2508041121,3,16,12,3,16,2
7972492914704714215-2508051121,3,16,12,3,16,2
7972492914704714215-2508061121,3,16,12,3,16,2
7972492914704714215-2508071121,3,16,12,3,16,2
7972492914704714215-2508081121,3,16,12,3,16,2
7972492914704714215-2508091121,3,16,12,3,16,2
7972492914704714215-2508101121,3,16,12,3,16,2
7972492914704714215-2508111121,3,16,12,3,16,2
7972492914704714215-2508121121,3,16,12,3,16,2
7972492914704714215-2508131121,3,16,12,3,16,2
7972492914704714215-2508141121,3,16,12,3,16,2
7972492914704714215-2508151121,3,16,12,3,16,2
7972492914704714215-2508161121,3,16,12,3,16,2
7972492914704714215-2508171121,3,16,12,3,16,2
7972492914704714215-2508181121,3,16,12,3,16,2
7972492914704714215-2508191121,3,16,12,3,16,2
7972492914704714215-2508201121,3,16,12,3,16,2
7972492914704714215-2508211121,3,16,12,3,16,2
7972492914704714215-2508221121,3,16,12,3,16,2
7972492914704714215-2508231118,3,15,11,3,15,2
7972492914704714215-2508241121,3,16,12,3,16,2
7972492914704714215-2508251121,3,16,12,3,16,2
7972492914704714215-2508261121,3,16,12,3,16,2
7972492914704714215-2508271121,3,16,12,3,16,2
7972492914704714215-2508281121,3,16,12,3,16,2
7972492914704714215-2508291121,3,16,12,3,16,2
7972492914704714215-2508301121,3,16,12,3,16,2
7972492914704714215-2508311121,3,16,12,3,16,2
7972492914704714215-2509011121,3,16,12,3,16,2
7972492914704714215-2509021121,3,16,12,3,16,2
7972492914704714215-2509031121,3,16,12,3,16,2
7972492914704714215-2509041121,3,16,12,3,16,2
7972492914704714215-2509051121,3,16,12,3,16,2
7972492914704714215-2509061121,3,16,12,3,16,2
7972492914704714215-2509071121,3,16,12,3,16,2
7972492914704714215-2509081121,3,16,12,3,16,2
7972492914704714215-2509091121,3,16,12,3,16,2
7972492914704714215-2509101121,3,16,12,3,16,2
7972492914704714215-2509111121,3,16,12,3,16,2
7972492914704714215-2509121121,3,16,12,3,16,2
7972492914704714215-2509131121,3,15,11,3,15,2
7972492914704714215-2509141121,3,15,11,3,15,2
7972492914704714215-2509151121,3,15,11,3,15,2
7972492914704714215-2509161121,3,15,11,3,15,2
7972492914704714215-2509171121,3,15,11,3,15,2
7972492914704714215-2509181121,3,15,11,3,15,2
7972492914704714215-2509191121,3,15,11,3,15,2
7972492914704714215-2509201121,3,15,11,3,15,2
7972492914704714215-2509211121,3,15,11,3,15,2
7972492914704714215-2509221121,3,15,11,3,15,2
7972492914704714215-2509231121,3,15,11,3,15,2
8010016774667968258-2506180520,2,12,9,2,12,2
8049328993498305601-2407010619,2,10,7,2,10,2
8049328993498305601-2407020619,2,10,7,2,10,2
8049328993498305601-2407030619,2,10,7,2,10,2
8049328993498305601-2407040619,2,10,7,2,10,2
8049328993498305601-2407050619,2,10,7,2,10,2
8049328993498305601-2407060619,2,10,7,2,10,2
8049328993498305601-2407070619,2,10,7,2,10,2
8049328993498305601-2407080619,2,10,7,2,10,2
8049328993498305601-2407090619,2,10,7,2,10,2
8049328993498305601-2407100619,2,10,7,2,10,2
8049328993498305601-2407110619,2,10,7,2,10,2
8049328993498305601-2407120619,2,10,7,2,10,2
8049328993498305601-2407130619,2,10,7,2,10,2
8049328993498305601-2407140619,2,10,7,2,10,2
8049328993498305601-2407150619,2,10,7,2,10,2
8049328993498305601-2407160619,2,10,7,2,10,2
8049328993498305601-2407170619,2,10,7,2,10,2
8049328993498305601-2407180619,2,10,7,2,10,2
8049328993498305601-2407190619,2,10,7,2,10,2
8049328993498305601-2407200619,2,10,7,2,10,2
8049328993498305601-2407210619,2,10,7,2,10,2
8049328993498305601-2407220619,2,10,7,2,10,2
8049328993498305601-2407230619,2,10,7,2,10,2
8049328993498305601-2407240619,2,10,7,2,10,2
8049328993498305601-2407250619,2,10,7,2,10,2
8049328993498305601-2407260619,2,10,7,2,10,2
8049328993498305601-2407270543,2,10,7,2,10,2
8049328993498305601-2407290543,2,10,7,2,10,2
8049328993498305601-2407300543,2,10,7,2,10,2
8049328993498305601-2407310543,2,10,7,2,10,2
8049328993498305601-2408010543,2,10,7,2,10,2
8049328993498305601-2408020543,2,10,7,2,10,2
8049328993498305601-2408030543,2,10,7,2,10,2
8049328993498305601-2408050543,2,10,7,2,10,2
8049328993498305601-2408060543,2,10,7,2,10,2
8049328993498305601-2408070543,2,10,7,2,10,2
8049328993498305601-2408080543,2,10,7,2,10,2
8049328993498305601-2408090543,2,10,7,2,10,2
8049328993498305601-2408100543,2,10,7,2,10,2
8049328993498305601-2408120543,2,10,7,2,10,2
8049328993498305601-2408130543,2,10,7,2,10,2
8049328993498305601-2408140543,2,10,7,2,10,2
8049328993498305601-2408150543,2,10,7,2,10,2
8049328993498305601-2408160619,2,10,7,2,10,2
8049328993498305601-2408170619,2,10,7,2,10,2
8049328993498305601-2408180619,2,10,7,2,10,2
8049328993498305601-2408190619,2,10,7,2,10,2
8049328993498305601-2408200619,2,10,7,2,10,2
8049328993498305601-2408210619,2,10,7,2,10,2
8049328993498305601-2408220619,2,10,7,2,10,2
8049328993498305601-2408230619,2,10,7,2,10,2
8049328993498305601-2408240619,2,10,7,2,10,2
8049328993498305601-2408250619,2,10,7,2,10,2
8049328993498305601-2408260619,2,10,7,2,10,2
8049328993498305601-2408270619,2,10,7,2,10,2
8049328993498305601-2408280619,2,10,7,2,10,2
8049328993498305601-2408290619,2,10,7,2,10,2
8049328993498305601-2408300619,2,10,7,2,10,2
8049328993498305601-2408310620,2,10,7,2,10,2
8049328993498305601-2409010620,2,10,7,2,10,2
8049328993498305601-2409020619,2,10,7,2,10,2
8049328993498305601-2409030619,2,10,7,2,10,2
8049328993498305601-2409040619,2,10,7,2,10,2
8049328993498305601-2409050619,2,10,7,2,10,2
8049328993498305601-2409060619,2,10,7,2,10,2
8049328993498305601-2409070619,2,10,7,2,10,2
8049328993498305601-2409080619,2,10,7,2,10,2
8049328993498305601-2409090619,2,10,7,2,10,2
8049328993498305601-2409100619,2,10,7,2,10,2
8049328993498305601-2409110619,2,10,7,2,10,2
8049328993498305601-2409120619,2,10,7,2,10,2
8049328993498305601-2409130619,2,10,7,2,10,2
8049328993498305601-2409140619,2,10,7,2,10,2
8049328993498305601-2409150619,2,10,7,2,10,2
8049328993498305601-2409160619,2,10,7,2,10,2
8049328993498305601-2409170619,2,10,7,2,10,2
8049328993498305601-2409180619,2,10,7,2,10,2
8049328993498305601-2409190619,2,10,7,2,10,2
8049328993498305601-2409200619,2,10,8,2,10,1
8049328993498305601-2409210619,2,10,8,2,10,1
8049328993498305601-2409220619,2,10,8,2,10,1
8049328993498305601-2409230619,2,10,8,2,10,1
8049328993498305601-2409240619,2,9,6,2,9,2
8049328993498305601-2409250619,2,9,6,2,9,2
8049328993498305601-2409260619,2,9,6,2,9,2
8049328993498305601-2409270619,2,9,6,2,9,2
8049328993498305601-2409280619,2,9,6,2,9,2
8049328993498305601-2409290619,2,9,6,2,9,2
8049328993498305601-2409300619,2,9,6,2,9,2
8049328993498305601-2410010619,2,9,6,2,9,2
8049328993498305601-2410020619,2,9,6,2,9,2
8049328993498305601-2410030619,2,9,6,2,9,2
8049328993498305601-2410040619,2,9,6,2,9,2
8049328993498305601-2410050619,2,10,7,2,10,2
8049328993498305601-2410060619,2,10,7,2,10,2
8049328993498305601-2410070619,2,10,7,2,10,2
8049328993498305601-2410080619,2,10,7,2,10,2
8049328993498305601-2410090619,2,10,7,2,10,2
8049328993498305601-2410100619,2,10,7,2,10,2
8049328993498305601-2410110619,2,10,7,2,10,2
8049328993498305601-2410120619,2,10,7,2,10,2
8049328993498305601-2410130619,2,10,7,2,10,2
8049328993498305601-2410140619,2,10,7,2,10,2
8049328993498305601-2410150619,2,10,7,2,10,2
8049328993498305601-2410160619,2,10,7,2,10,2
8049328993498305601-2410170619,2,10,7,2,10,2
8049328993498305601-2410180619,2,10,7,2,10,2
8049328993498305601-2410190619,2,10,7,2,10,2
8049328993498305601-2410200619,2,10,7,2,10,2
8049328993498305601-2410210619,2,10,7,2,10,2
8049328993498305601-2410220619,2,10,7,2,10,2
8049328993498305601-2410230619,2,10,7,2,10,2
8049328993498305601-2410240619,2,10,7,2,10,2
8049328993498305601-2410250619,2,10,7,2,10,2
8049328993498305601-2410260619,2,10,8,2,10,1
8049328993498305601-2410270619,2,10,8,2,10,1
8049328993498305601-2410280619,2,10,8,2,10,1
8049328993498305601-2410290619,2,10,8,2,10,1
8049328993498305601-2410300619,2,10,8,2,10,1
8049328993498305601-2410310619,2,10,8,2,10,1
8049328993498305601-2411010619,2,10,8,2,10,1
8049328993498305601-2411020619,2,10,7,2,10,2
8049328993498305601-2411040619,2,10,7,2,10,2
8049328993498305601-2411050619,2,10,7,2,10,2
8049328993498305601-2411060619,2,10,7,2,10,2
8049328993498305601-2411070619,2,10,7,2,10,2
8049328993498305601-2411080619,2,10,7,2,10,2
8049328993498305601-2411090619,2,10,7,2,10,2
8049328993498305601-2411100619,2,10,7,2,10,2
8049328993498305601-2411110619,2,10,7,2,10,2
8049328993498305601-2411120619,2,10,7,2,10,2
8049328993498305601-2411130619,2,10,7,2,10,2
8049328993498305601-2411140619,2,10,7,2,10,2
8049328993498305601-2411150619,2,10,7,2,10,2
8049328993498305601-2411160619,2,10,7,2,10,2
8049328993498305601-2411170619,2,10,7,2,10,2
8049328993498305601-2411180619,2,10,7,2,10,2
8049328993498305601-2411190619,2,10,7,2,10,2
8049328993498305601-2411200619,2,10,7,2,10,2
8049328993498305601-2411210619,2,10,7,2,10,2
8049328993498305601-2412150619,2,10,7,2,10,2
8049328993498305601-2412160619,2,10,7,2,10,2
8049328993498305601-2412170619,2,10,7,2,10,2
8049328993498305601-2412180619,2,10,7,2,10,2
8049328993498305601-2412190619,2,10,7,2,10,2
8049328993498305601-2412200619,2,10,7,2,10,2
8049328993498305601-2412210619,2,10,7,2,10,2
8049328993498305601-2412220619,2,10,7,2,10,2
8049328993498305601-2412230619,2,10,7,2,10,2
8049328993498305601-2412240619,2,10,7,2,10,2
8049328993498305601-2412250619,2,10,7,2,10,2
8049328993498305601-2412260619,2,10,7,2,10,2
8049328993498305601-2412270619,2,10,7,2,10,2
8049328993498305601-2412280619,2,10,7,2,10,2
8049328993498305601-2412290619,2,10,7,2,10,2
8049328993498305601-2412300619,2,10,7,2,10,2
8049328993498305601-2412310619,2,10,7,2,10,2
8049328993498305601-2501010619,2,10,7,2,10,2
8049328993498305601-2501020619,2,10,7,2,10,2
8049328993498305601-2501030619,2,10,7,2,10,2
8049328993498305601-2501040619,2,10,7,2,10,2
8049328993498305601-2501050619,2,10,7,2,10,2
8049328993498305601-2501060619,2,10,7,2,10,2
8049328993498305601-2501070619,2,10,7,2,10,2
8049328993498305601-2501080619,2,10,7,2,10,2
8049328993498305601-2501090619,2,10,7,2,10,2
8049328993498305601-2501100619,2,10,7,2,10,2
8049328993498305601-2501110619,2,10,7,2,10,2
8049328993498305601-2501120619,2,10,7,2,10,2
8049328993498305601-2501130619,2,10,7,2,10,2
8049328993498305601-2501140619,2,10,7,2,10,2
8049328993498305601-2501150619,2,10,7,2,10,2
8049328993498305601-2501160619,2,10,7,2,10,2
8049328993498305601-2501170619,2,10,7,2,10,2
8049328993498305601-2501180619,2,10,7,2,10,2
8049328993498305601-2501190619,2,10,7,2,10,2
8049328993498305601-2501200619,2,10,7,2,10,2
8049328993498305601-2501210619,2,10,7,2,10,2
8049328993498305601-2501220619,2,10,7,2,10,2
8049328993498305601-2501230619,2,10,7,2,10,2
8049328993498305601-2501240619,2,10,7,2,10,2
8049328993498305601-2501250619,2,10,7,2,10,2
8049328993498305601-2501260619,2,10,7,2,10,2
8049328993498305601-2501270619,2,10,7,2,10,2
8049328993498305601-2501280619,2,10,7,2,10,2
8049328993498305601-2501290619,2,10,7,2,10,2
8049328993498305601-2501300619,2,10,7,2,10,2
8049328993498305601-2501310619,2,10,7,2,10,2
8049328993498305601-2502010619,2,10,7,2,10,2
8049328993498305601-2502020619,2,10,7,2,10,2
8049328993498305601-2502030619,2,10,7,2,10,2
8049328993498305601-2502040619,2,10,7,2,10,2
8049328993498305601-2502050619,2,10,7,2,10,2
8049328993498305601-2502060619,2,10,7,2,10,2
8049328993498305601-2502070619,2,10,7,2,10,2
8049328993498305601-2502080619,2,10,7,2,10,2
8049328993498305601-2502090619,2,10,7,2,10,2
8049328993498305601-2502100619,2,10,7,2,10,2
8049328993498305601-2502110619,2,10,7,2,10,2
8049328993498305601-2502120619,2,10,7,2,10,2
8049328993498305601-2502130619,2,10,7,2,10,2
8049328993498305601-2502140619,2,10,7,2,10,2
8049328993498305601-2502150619,2,10,7,2,10,2
8049328993498305601-2502160619,2,10,7,2,10,2
8049328993498305601-2502170619,2,10,7,2,10,2
8049328993498305601-2502180617,2,10,7,2,10,2
8049328993498305601-2502190617,2,10,7,2,10,2
8049328993498305601-2502200617,2,10,7,2,10,2
8049328993498305601-2502210617,2,10,7,2,10,2
8049328993498305601-2502220617,2,10,7,2,10,2
8049328993498305601-2502230617,2,10,7,2,10,2
8049328993498305601-2502240617,2,10,7,2,10,2
8049328993498305601-2502250617,2,10,7,2,10,2
8049328993498305601-2502260617,2,10,7,2,10,2
8049328993498305601-2502270617,2,10,7,2,10,2
8049328993498305601-2502280617,2,10,7,2,10,2
8049328993498305601-2503010617,2,10,7,2,10,2
8049328993498305601-2503020617,2,10,7,2,10,2
8049328993498305601-2503030617,2,10,7,2,10,2
8049328993498305601-2503040617,2,10,7,2,10,2
8049328993498305601-2503050617,2,10,7,2,10,2
8049328993498305601-2503060617,2,10,7,2,10,2
8049328993498305601-2503070617,2,10,7,2,10,2
8049328993498305601-2503080617,2,10,7,2,10,2
8049328993498305601-2503090617,2,10,7,2,10,2
8049328993498305601-2503100617,2,10,7,2,10,2
8049328993498305601-2503110617,2,10,7,2,10,2
8049328993498305601-2503120617,2,10,7,2,10,2
8049328993498305601-2503130617,2,10,7,2,10,2
8049328993498305601-2503140617,2,10,7,2,10,2
8049328993498305601-2503150617,2,10,7,2,10,2
8049328993498305601-2503160617,2,10,7,2,10,2
8049328993498305601-2503170617,2,10,7,2,10,2
8049328993498305601-2503180617,2,10,7,2,10,2
8049328993498305601-2503190617,2,10,7,2,10,2
8049328993498305601-2503200617,2,10,7,2,10,2
8049328993498305601-2503210617,2,10,7,2,10,2
8049328993498305601-2503240617,2,10,7,2,10,2
8049328993498305601-2503250617,2,12,7,2,12,4
8049328993498305601-2503260617,2,12,7,2,12,4
8049328993498305601-2503270617,2,10,7,2,10,2
8049328993498305601-2503280617,2,10,7,2,10,2
8049328993498305601-2503290617,2,10,7,2,10,2
8049328993498305601-2503300617,2,10,7,2,10,2
8049328993498305601-2503310617,2,10,7,2,10,2
8049328993498305601-2504010617,2,10,7,2,10,2
8049328993498305601-2504020617,2,10,7,2,10,2
8049328993498305601-2504030617,2,10,7,2,10,2
8049328993498305601-2504040617,2,10,7,2,10,2
8049328993498305601-2504050617,2,10,7,2,10,2
8049328993498305601-2504060617,2,10,7,2,10,2
8049328993498305601-2504070617,2,10,7,2,10,2
8049328993498305601-2504080617,2,10,7,2,10,2
8049328993498305601-2504090617,2,10,7,2,10,2
8049328993498305601-2504100617,2,10,7,2,10,2
8049328993498305601-2504110617,2,10,7,2,10,2
8049328993498305601-2504120617,2,9,7,2,9,1
8049328993498305601-2504130617,2,9,7,2,9,1
8049328993498305601-2504140617,2,9,7,2,9,1
8049328993498305601-2504150617,2,9,7,2,9,1
8049328993498305601-2504160619,2,9,7,2,9,1
8049328993498305601-2504170619,2,9,7,2,9,1
8049328993498305601-2504180619,2,9,7,2,9,1
8049328993498305601-2504220619,2,10,7,2,10,2
8049328993498305601-2504230619,2,10,7,2,10,2
8049328993498305601-2504240619,2,10,7,2,10,2
8049328993498305601-2504250619,2,10,7,2,10,2
8049328993498305601-2504260619,2,10,7,2,10,2
8049328993498305601-2504270619,2,10,7,2,10,2
8049328993498305601-2504280619,2,10,7,2,10,2
8049328993498305601-2504290619,2,10,7,2,10,2
8049328993498305601-2504300619,2,10,7,2,10,2
8049328993498305601-2505010619,2,10,7,2,10,2
8049328993498305601-2505020619,2,10,7,2,10,2
8049328993498305601-2505030619,2,10,7,2,10,2
8049328993498305601-2505040619,2,10,7,2,10,2
8049328993498305601-2505050619,2,10,7,2,10,2
8049328993498305601-2505060619,2,10,7,2,10,2
8049328993498305601-2505070619,2,10,7,2,10,2
8049328993498305601-2505080619,2,10,7,2,10,2
8049328993498305601-2505090619,2,10,7,2,10,2
8049328993498305601-2505100619,2,10,7,2,10,2
8049328993498305601-2505110619,2,10,7,2,10,2
8049328993498305601-2505120619,2,10,7,2,10,2
8049328993498305601-2505130619,2,10,7,2,10,2
8049328993498305601-2505140619,2,10,7,2,10,2
8049328993498305601-2505150619,2,10,7,2,10,2
8049328993498305601-2505160619,2,10,7,2,10,2
8049328993498305601-2505170619,2,10,7,2,10,2
8049328993498305601-2505180619,2,10,7,2,10,2
8049328993498305601-2505190619,2,10,7,2,10,2
8049328993498305601-2505200619,2,10,7,2,10,2
8049328993498305601-2505210619,2,10,7,2,10,2
8049328993498305601-2505220619,2,10,7,2,10,2
8049328993498305601-2505230619,2,10,7,2,10,2
8049328993498305601-2505240619,2,10,7,2,10,2
8049328993498305601-2505250619,2,10,7,2,10,2
8049328993498305601-2505260619,2,10,7,2,10,2
8049328993498305601-2505270619,2,10,7,2,10,2
8049328993498305601-2505280619,2,10,7,2,10,2
8049328993498305601-2505290619,2,10,7,2,10,2
8049328993498305601-2505300619,2,10,7,2,10,2
8049328993498305601-2505310619,2,10,7,2,10,2
8049328993498305601-2506010619,2,10,7,2,10,2
8049328993498305601-2506020619,2,10,7,2,10,2
8049328993498305601-2506030619,2,10,7,2,10,2
8049328993498305601-2506040619,2,10,7,2,10,2
8049328993498305601-2506050619,2,10,7,2,10,2
8049328993498305601-2506060619,2,10,7,2,10,2
8049328993498305601-2506070619,2,10,7,2,10,2
8049328993498305601-2506080619,2,10,7,2,10,2
8049328993498305601-2506090619,2,10,7,2,10,2
8049328993498305601-2506100619,2,10,7,2,10,2
8049328993498305601-2506110619,2,10,7,2,10,2
8049328993498305601-2506120619,2,10,7,2,10,2
8049328993498305601-2506130619,2,10,7,2,10,2
8049328993498305601-2506140619,2,10,7,2,10,2
8049328993498305601-2506150619,2,10,7,2,10,2
8049328993498305601-2506160619,2,10,7,2,10,2
8049328993498305601-2506170619,2,10,7,2,10,2
8049328993498305601-2506180619,2,10,7,2,10,2
8049328993498305601-2506190619,2,10,7,2,10,2
8049328993498305601-2506200619,2,10,7,2,10,2
8049328993498305601-2506210619,2,10,7,2,10,2
8049328993498305601-2506220619,2,10,7,2,10,2
8049328993498305601-2506230619,2,10,7,2,10,2
8049328993498305601-2506240619,2,10,7,2,10,2
8049328993498305601-2506250619,2,10,7,2,10,2
8049328993498305601-2506260619,2,10,7,2,10,2
8049328993498305601-2506270619,2,11,7,2,11,3
8049328993498305601-2506280619,2,11,7,2,11,3
8049328993498305601-2506290619,2,11,7,2,11,3
8049328993498305601-2506300619,2,11,7,2,11,3
8049328993498305601-2507010619,2,11,7,2,11,3
8049328993498305601-2507020619,2,11,7,2,11,3
8049328993498305601-2507030619,2,11,7,2,11,3
8049328993498305601-2507040619,2,11,7,2,11,3
8049328993498305601-2507050619,2,11,7,2,11,3
8049328993498305601-2507060619,2,11,7,2,11,3
8049328993498305601-2507070619,2,11,7,2,11,3
8049328993498305601-2507080619,2,11,7,2,11,3
8049328993498305601-2507090619,2,11,7,2,11,3
8049328993498305601-2507100619,2,11,7,2,11,3
8049328993498305601-2507110619,2,11,7,2,11,3
8049328993498305601-2507120619,2,10,7,2,10,2
8049328993498305601-2507130619,2,10,7,2,10,2
8049328993498305601-2507140619,2,10,7,2,10,2
8049328993498305601-2507150619,2,10,7,2,10,2
8049328993498305601-2507160619,2,10,7,2,10,2
8049328993498305601-2507170619,2,10,7,2,10,2
8049328993498305601-2507180619,2,10,7,2,10,2
8049328993498305601-2507190619,2,10,7,2,10,2
8049328993498305601-2507200619,2,10,7,2,10,2
8049328993498305601-2507210619,2,10,7,2,10,2
8049328993498305601-2507220619,2,10,7,2,10,2
8049328993498305601-2507230619,2,10,7,2,10,2
8049328993498305601-2507240619,2,10,7,2,10,2
8049328993498305601-2507250619,2,10,7,2,10,2
8049328993498305601-2507260619,2,10,7,2,10,2
8049328993498305601-2507270619,2,10,7,2,10,2
8049328993498305601-2507280619,2,10,7,2,10,2
8049328993498305601-2507290619,2,10,7,2,10,2
8049328993498305601-2507300619,2,10,7,2,10,2
8049328993498305601-2508010619,2,10,7,2,10,2
8049328993498305601-2508020619,2,10,7,2,10,2
8049328993498305601-2508030619,2,10,7,2,10,2
8049328993498305601-2508040619,2,10,7,2,10,2
8049328993498305601-2508050619,2,10,7,2,10,2
8049328993498305601-2508060619,2,10,7,2,10,2
8049328993498305601-2508070619,2,10,7,2,10,2
8049328993498305601-2508080619,2,10,7,2,10,2
8049328993498305601-2508090619,2,10,7,2,10,2
8049328993498305601-2508100619,2,10,7,2,10,2
8049328993498305601-2508110619,2,10,7,2,10,2
8049328993498305601-2508120619,2,10,7,2,10,2
8049328993498305601-2508130619,2,10,7,2,10,2
8049328993498305601-2508140619,2,10,7,2,10,2
8049328993498305601-2508150619,2,10,7,2,10,2
8049328993498305601-2508160619,2,11,8,2,11,2
8049328993498305601-2508170619,2,11,8,2,11,2
8049328993498305601-2508180619,2,11,8,2,11,2
8049328993498305601-2508190619,2,11,8,2,11,2
8049328993498305601-2508200619,2,11,8,2,11,2
8049328993498305601-2508210619,2,11,8,2,11,2
8049328993498305601-2508220619,2,11,8,2,11,2
8049328993498305601-2508230619,2,11,8,2,11,2
8049328993498305601-2508240619,2,11,8,2,11,2
8049328993498305601-2508250619,2,9,7,2,9,1
8049328993498305601-2508260619,2,9,7,2,9,1
8049328993498305601-2508270619,2,9,7,2,9,1
8049328993498305601-2508280619,2,9,7,2,9,1
8049328993498305601-2508290619,2,9,7,2,9,1
8049328993498305601-2508300619,2,9,7,2,9,1
8049328993498305601-2508310619,2,9,7,2,9,1
8049328993498305601-2509010619,2,9,7,2,9,1
8049328993498305601-2509020619,2,9,7,2,9,1
8049328993498305601-2509030619,2,9,7,2,9,1
8049328993498305601-2509040619,2,9,7,2,9,1
8049328993498305601-2509050619,2,9,7,2,9,1
8049328993498305601-2509060619,2,9,7,2,9,1
8049328993498305601-2509070619,2,9,7,2,9,1
8049328993498305601-2509080619,2,9,7,2,9,1
8049328993498305601-2509090619,2,10,7,2,10,2
8049328993498305601-2509100619,2,10,7,2,10,2
8049328993498305601-2509110619,2,10,7,2,10,2
8049328993498305601-2509120619,2,10,7,2,10,2
8049328993498305601-2509130619,2,10,7,2,10,2
8049328993498305601-2509140619,2,10,7,2,10,2
8049328993498305601-2509150619,2,10,7,2,10,2
8049328993498305601-2509160619,2,10,7,2,10,2
8049328993498305601-2509170619,2,10,7,2,10,2
8049328993498305601-2509180619,2,10,7,2,10,2
8049328993498305601-2509190619,2,10,7,2,10,2
8049328993498305601-2509200619,2,10,7,2,10,2
8049328993498305601-2509210619,2,10,7,2,10,2
8049328993498305601-2509220619,2,10,7,2,10,2
8049328993498305601-2509230619,2,10,7,2,10,2
8049328993498305601-2509270535,2,9,6,2,9,2
8049328993498305601-2509280535,2,9,6,2,9,2
8049328993498305601-2510040535,2,9,6,2,9,2
8049328993498305601-2510050535,2,9,6,2,9,2
8049328993498305601-2510110505,2,10,8,2,10,1
8049328993498305601-2510120505,2,10,8,2,10,1
8049328993498305601-2510180535,2,9,6,2,9,2
8049328993498305601-2510190535,2,9,6,2,9,2
8049328993498305601-2511010535,2,9,6,2,9,2
8049328993498305601-2511020535,2,9,6,2,9,2
8050570540025011394-2509241434,1,10,8,1,10,2
8050570540025011394-2509251434,1,10,8,1,10,2
8050570540025011394-2509261434,1,10,8,1,10,2
8050570540025011394-2509271434,1,10,8,1,10,2
8050570540025011394-2509281434,1,10,8,1,10,2
8050570540025011394-2509291434,1,10,8,1,10,2
8050570540025011394-2509301434,1,10,8,1,10,2
8050570540025011394-2510011434,1,10,8,1,10,2
8050570540025011394-2510021434,1,10,8,1,10,2
8050570540025011394-2510031434,1,10,8,1,10,2
8050570540025011394-2510041434,1,10,8,1,10,2
8050570540025011394-2510051434,1,10,8,1,10,2
8050570540025011394-2510061434,1,10,8,1,10,2
8050570540025011394-2510071434,1,10,8,1,10,2
8050570540025011394-2510081434,1,10,8,1,10,2
8050570540025011394-2510091434,1,10,8,1,10,2
8050570540025011394-2510101434,1,10,8,1,10,2
8050570540025011394-2510111434,1,10,9,1,10,1
8050570540025011394-2510121434,1,10,9,1,10,1
8050570540025011394-2510131434,1,10,8,1,10,2
8050570540025011394-2510141434,1,10,8,1,10,2
8050570540025011394-2510151434,1,10,8,1,10,2
8050570540025011394-2510161434,1,10,8,1,10,2
8050570540025011394-2510171434,1,10,8,1,10,2
8050570540025011394-2510181434,1,7,6,1,7,1
8050570540025011394-2510191434,1,7,6,1,7,1
8050570540025011394-2510201434,1,10,8,1,10,2
8050570540025011394-2510211434,1,10,8,1,10,2
8050570540025011394-2510221434,1,10,8,1,10,2
8050570540025011394-2510231434,1,10,8,1,10,2
8050570540025011394-2510241434,1,10,8,1,10,2
8050570540025011394-2510261434,1,7,6,1,7,1
8050570540025011394-2510271434,1,7,6,1,7,1
8050570540025011394-2510281434,1,7,6,1,7,1
8050570540025011394-2510301434,1,7,6,1,7,1
8050570540025011394-2510311434,1,7,6,1,7,1
8050570540025011394-2511011434,1,7,6,1,7,1
8050570540025011394-2511021434,1,7,6,1,7,1
8059314318384301883-2407011126,1,14,12,1,14,2
8059314318384301883-2407021126,1,14,12,1,14,2
8059314318384301883-2407031126,1,14,12,1,14,2
8059314318384301883-2407041126,1,14,12,1,14,2
8059314318384301883-2407051126,1,14,12,1,14,2
8059314318384301883-2407061126,1,14,12,1,14,2
8059314318384301883-2407071126,1,14,12,1,14,2
8059314318384301883-2407081126,1,14,12,1,14,2
8059314318384301883-2407091126,1,14,12,1,14,2
8059314318384301883-2407101126,1,14,12,1,14,2
8059314318384301883-2407111126,1,14,12,1,14,2
8059314318384301883-2407121126,1,14,12,1,14,2
8059314318384301883-2407131126,1,14,12,1,14,2
8059314318384301883-2407141126,1,14,12,1,14,2
8059314318384301883-2407151126,1,14,12,1,14,2
8201353042576674857-2409060648,6,14,8,6,14,1
8201353042576674857-2410160852,6,16,9,6,16,2
8273451455069028366-2411281028,1,9,8,1,9,1
8355012225512755869-2411221839,1,8,6,1,8,2
8379187795795167441-2505231046,2,8,6,2,8,1
8379187795795167441-2505241046,2,8,6,2,8,1
8379187795795167441-2505251046,2,8,6,2,8,1
8379187795795167441-2602072028,2,8,5,2,8,2
8379187795795167441-2603302026,2,8,6,2,8,1
8379187795795167441-2604132026,2,8,6,2,8,1
8379187795795167441-2604182026,2,11,9,2,11,1
8379187795795167441-2604232026,2,8,6,2,8,1
8379187795795167441-2604302026,2,8,6,2,8,1
8379187795795167441-2605042026,2,8,6,2,8,1
8379187795795167441-2605092026,2,10,8,2,10,1
8379187795795167441-2605142026,2,8,6,2,8,1
8379187795795167441-2605222026,2,8,6,2,8,1
8379187795795167441-2605252026,2,8,6,2,8,1
8379187795795167441-2605302026,2,8,6,2,8,1
8379187795795167441-2606012026,2,8,6,2,8,1
8381649619319863272-2409061848,7,17,8,7,17,3
8381649619319863272-2503141831,6,15,8,6,15,2
8381649619319863272-2503211831,6,14,7,6,14,2
8381649619319863272-2508011815,6,15,8,6,15,2
842745351067610959-2408181927,1,7,6,1,7,1
844999617633169979-2409020550,6,14,7,6,14,2
844999617633169979-2409030550,6,14,7,6,14,2
844999617633169979-2409040550,6,14,7,6,14,2
844999617633169979-2409050550,6,14,7,6,14,2
844999617633169979-2409060550,6,14,7,6,14,2
844999617633169979-2409070550,6,14,7,6,14,2
844999617633169979-2503080631,6,14,7,6,14,2
844999617633169979-2503090631,6,14,7,6,14,2
844999617633169979-2503100631,6,14,7,6,14,2
844999617633169979-2503110631,6,14,7,6,14,2
844999617633169979-2503120631,6,14,7,6,14,2
844999617633169979-2503130631,6,14,7,6,14,2
844999617633169979-2503140631,6,14,7,6,14,2
844999617633169979-2503150631,6,14,7,6,14,2
844999617633169979-2503160631,6,14,7,6,14,2
844999617633169979-2503170631,6,14,7,6,14,2
844999617633169979-2503180631,6,14,7,6,14,2
844999617633169979-2503190631,6,14,7,6,14,2
844999617633169979-2503200631,6,14,7,6,14,2
844999617633169979-2503210631,6,14,7,6,14,2
844999617633169979-2507260621,6,14,7,6,14,2
844999617633169979-2507270621,6,14,7,6,14,2
844999617633169979-2507280621,6,14,7,6,14,2
844999617633169979-2507290621,6,14,7,6,14,2
844999617633169979-2507300621,6,14,7,6,14,2
844999617633169979-2507310621,6,14,7,6,14,2
844999617633169979-2508010621,6,14,7,6,14,2
844999617633169979-2508020550,7,15,7,7,15,2
844999617633169979-2508030550,7,15,7,7,15,2
8467077601288495099-2504180659,1,14,11,1,14,3
8560770616564367826-2407011316,2,15,12,2,15,2
8560770616564367826-2407021316,2,15,12,2,15,2
8560770616564367826-2407031316,2,15,12,2,15,2
8560770616564367826-2407041316,2,15,12,2,15,2
8560770616564367826-2407051316,2,15,12,2,15,2
8560770616564367826-2407061316,2,15,12,2,15,2
8560770616564367826-2407071316,2,15,12,2,15,2
8560770616564367826-2407081316,2,15,12,2,15,2
8560770616564367826-2407091316,2,15,12,2,15,2
8560770616564367826-2407101316,2,15,12,2,15,2
8560770616564367826-2407111316,2,15,12,2,15,2
8560770616564367826-2407121316,2,15,12,2,15,2
8560770616564367826-2407131316,2,15,12,2,15,2
8560770616564367826-2407141316,2,15,12,2,15,2
8560770616564367826-2407151316,2,15,12,2,15,2
8637635531916577166-2509260427,2,12,8,2,12,3
8776681222047644825-2509050921,7,14,7,7,14,1
8776681222047644825-2509060921,7,14,7,7,14,1
8776681222047644825-2509070921,7,14,7,7,14,1
8776681222047644825-2509080921,7,14,7,7,14,1
8788293547655517057-2411101454,2,14,10,2,14,3
8793213226106504000-2407010919,5,15,9,5,15,2
8793213226106504000-2407020919,5,15,9,5,15,2
8793213226106504000-2407030919,5,15,9,5,15,2
8793213226106504000-2407040919,5,15,9,5,15,2
8793213226106504000-2407050919,5,15,9,5,15,2
8793213226106504000-2407060919,5,15,9,5,15,2
8793213226106504000-2407070919,5,15,9,5,15,2
8793213226106504000-2407080919,5,15,9,5,15,2
8793213226106504000-2407090919,5,15,9,5,15,2
8793213226106504000-2407100919,5,15,9,5,15,2
8793213226106504000-2407110919,5,15,9,5,15,2
8793213226106504000-2407120919,5,15,9,5,15,2
8793213226106504000-2407130919,5,15,9,5,15,2
8793213226106504000-2407140919,5,15,9,5,15,2
8793213226106504000-2407150919,5,15,9,5,15,2
8793213226106504000-2407160919,5,15,9,5,15,2
8793213226106504000-2407170919,5,15,9,5,15,2
8793213226106504000-2407180919,5,15,9,5,15,2
8793213226106504000-2407190919,5,15,9,5,15,2
8793213226106504000-2407200919,5,15,9,5,15,2
8793213226106504000-2407210919,5,15,9,5,15,2
8793213226106504000-2407220919,5,15,9,5,15,2
8793213226106504000-2407230919,5,15,9,5,15,2
8793213226106504000-2407240919,5,15,9,5,15,2
8793213226106504000-2407250919,5,15,9,5,15,2
8793213226106504000-2407260919,5,14,8,5,14,2
8793213226106504000-2407270819,5,14,8,5,14,2
8793213226106504000-2407280819,5,14,8,5,14,2
8793213226106504000-2407290819,5,14,8,5,14,2
8793213226106504000-2407300819,5,14,8,5,14,2
8793213226106504000-2407310819,5,14,8,5,14,2
8793213226106504000-2408010819,5,14,8,5,14,2
8793213226106504000-2408020819,5,14,8,5,14,2
8793213226106504000-2408030819,5,14,8,5,14,2
8793213226106504000-2408040819,5,14,8,5,14,2
8793213226106504000-2408050819,5,14,8,5,14,2
8793213226106504000-2408060819,5,14,8,5,14,2
8793213226106504000-2408070819,5,14,8,5,14,2
8793213226106504000-2408080819,5,15,9,5,15,2
8793213226106504000-2408090819,5,15,9,5,15,2
8793213226106504000-2408100819,5,15,9,5,15,2
8793213226106504000-2408110819,5,15,9,5,15,2
8793213226106504000-2408120819,5,15,9,5,15,2
8793213226106504000-2408130819,5,15,9,5,15,2
8793213226106504000-2408140819,5,15,9,5,15,2
8793213226106504000-2408150819,5,15,9,5,15,2
8793213226106504000-2408160919,5,15,9,5,15,2
8793213226106504000-2412150919,5,15,9,5,15,2
8793213226106504000-2412160919,5,15,9,5,15,2
8793213226106504000-2412170919,5,15,9,5,15,2
8793213226106504000-2412180919,5,15,9,5,15,2
8793213226106504000-2412190919,5,15,9,5,15,2
8793213226106504000-2412200919,5,15,9,5,15,2
8793213226106504000-2412210919,5,15,9,5,15,2
8793213226106504000-2412220919,5,15,9,5,15,2
8793213226106504000-2412230919,5,15,9,5,15,2
8793213226106504000-2412240919,5,15,9,5,15,2
8793213226106504000-2412250919,5,15,9,5,15,2
8793213226106504000-2412260919,5,15,9,5,15,2
8793213226106504000-2412270919,5,15,9,5,15,2
8793213226106504000-2412280919,5,15,9,5,15,2
8793213226106504000-2412290919,5,15,9,5,15,2
8793213226106504000-2412300919,5,15,9,5,15,2
8793213226106504000-2412310919,5,15,9,5,15,2
8793213226106504000-2501010919,5,15,9,5,15,2
8793213226106504000-2501020919,5,15,9,5,15,2
8793213226106504000-2501030919,5,15,9,5,15,2
8793213226106504000-2501040919,5,15,9,5,15,2
8793213226106504000-2501050919,5,15,9,5,15,2
8793213226106504000-2501060919,5,15,9,5,15,2
8793213226106504000-2501070919,5,15,9,5,15,2
8793213226106504000-2501080919,5,15,9,5,15,2
8793213226106504000-2501090919,5,15,9,5,15,2
8793213226106504000-2501100919,5,15,9,5,15,2
8793213226106504000-2501110919,5,15,9,5,15,2
8793213226106504000-2501120919,5,15,9,5,15,2
8793213226106504000-2501130919,5,15,9,5,15,2
8793213226106504000-2501140919,5,15,9,5,15,2
8793213226106504000-2501150919,5,15,9,5,15,2
8793213226106504000-2501160919,5,15,9,5,15,2
8793213226106504000-2501170919,5,15,9,5,15,2
8793213226106504000-2501180919,5,15,9,5,15,2
8793213226106504000-2501190919,5,15,9,5,15,2
8793213226106504000-2501200919,5,15,9,5,15,2
8793213226106504000-2501210919,5,15,9,5,15,2
8793213226106504000-2501220919,5,15,9,5,15,2
8793213226106504000-2501230919,5,15,9,5,15,2
8793213226106504000-2501240919,5,15,9,5,15,2
8793213226106504000-2501250919,5,15,9,5,15,2
8793213226106504000-2501260919,5,15,9,5,15,2
8793213226106504000-2501270919,5,15,9,5,15,2
8793213226106504000-2501280919,5,15,9,5,15,2
8793213226106504000-2501290919,5,15,9,5,15,2
8793213226106504000-2501300919,5,15,9,5,15,2
8793213226106504000-2501310919,5,15,9,5,15,2
8793213226106504000-2502010919,5,15,9,5,15,2
8793213226106504000-2502020919,5,15,9,5,15,2
8793213226106504000-2502030919,5,15,9,5,15,2
8793213226106504000-2502040919,5,15,9,5,15,2
8793213226106504000-2502050919,5,15,9,5,15,2
8793213226106504000-2502060919,5,15,9,5,15,2
8793213226106504000-2502070919,5,15,9,5,15,2
8793213226106504000-2502080919,5,15,9,5,15,2
8793213226106504000-2502090919,5,15,9,5,15,2
8793213226106504000-2502100919,5,15,9,5,15,2
8793213226106504000-2502110919,5,15,9,5,15,2
8793213226106504000-2502120919,5,15,9,5,15,2
8793213226106504000-2502130919,5,15,9,5,15,2
8793213226106504000-2502140919,5,15,9,5,15,2
8793213226106504000-2502150919,5,15,9,5,15,2
8793213226106504000-2502160919,5,15,9,5,15,2
8793213226106504000-2502170919,5,15,9,5,15,2
8793213226106504000-2502180919,5,15,9,5,15,2
8793213226106504000-2502190919,5,15,9,5,15,2
8793213226106504000-2502200919,5,15,9,5,15,2
8793213226106504000-2502210919,5,15,9,5,15,2
8793213226106504000-2502220919,5,15,9,5,15,2
8793213226106504000-2502230919,5,15,9,5,15,2
8793213226106504000-2502240919,5,15,9,5,15,2
8793213226106504000-2502250919,5,15,9,5,15,2
8793213226106504000-2502260919,5,15,9,5,15,2
8793213226106504000-2502270919,5,15,9,5,15,2
8793213226106504000-2502280919,5,15,9,5,15,2
8793213226106504000-2503010919,5,15,9,5,15,2
8793213226106504000-2503020919,5,15,9,5,15,2
8793213226106504000-2503030919,5,15,9,5,15,2
8793213226106504000-2503040919,5,15,9,5,15,2
8793213226106504000-2503050919,5,15,9,5,15,2
8793213226106504000-2503060919,5,15,9,5,15,2
8793213226106504000-2503070919,5,15,9,5,15,2
8793213226106504000-2503220854,5,15,9,5,15,2
8793213226106504000-2503230854,5,15,9,5,15,2
8793213226106504000-2503240919,5,15,9,5,15,2
8793213226106504000-2503250919,5,17,9,5,17,4
8793213226106504000-2503260919,5,17,9,5,17,4
8793213226106504000-2503270919,5,15,9,5,15,2
8793213226106504000-2503280919,5,15,9,5,15,2
8793213226106504000-2503290919,5,15,9,5,15,2
8793213226106504000-2503300919,5,15,9,5,15,2
8793213226106504000-2503310919,5,15,9,5,15,2
8793213226106504000-2504010919,5,15,9,5,15,2
8793213226106504000-2504020919,5,15,9,5,15,2
8793213226106504000-2504030919,5,15,9,5,15,2
8793213226106504000-2504040919,5,15,9,5,15,2
8793213226106504000-2504050919,5,15,9,5,15,2
8793213226106504000-2504060919,5,15,9,5,15,2
8793213226106504000-2504070919,5,15,9,5,15,2
8793213226106504000-2504080919,5,15,9,5,15,2
8793213226106504000-2504090919,5,15,9,5,15,2
8793213226106504000-2504100919,5,15,9,5,15,2
8793213226106504000-2504110919,5,15,9,5,15,2
8793213226106504000-2504120919,5,15,9,5,15,2
8793213226106504000-2504130919,5,15,9,5,15,2
8793213226106504000-2504140919,5,15,9,5,15,2
8793213226106504000-2504150919,5,15,9,5,15,2
8793213226106504000-2504160919,5,15,9,5,15,2
8793213226106504000-2504170919,5,15,9,5,15,2
8793213226106504000-2504180919,5,15,9,5,15,2
8793213226106504000-2504190859,5,15,9,5,15,2
8793213226106504000-2504200859,5,15,9,5,15,2
8793213226106504000-2504210859,5,15,9,5,15,2
8793213226106504000-2504220919,5,15,9,5,15,2
8793213226106504000-2504230919,5,15,9,5,15,2
8793213226106504000-2504240919,5,15,9,5,15,2
8793213226106504000-2504250919,5,15,9,5,15,2
8793213226106504000-2504260919,5,15,9,5,15,2
8793213226106504000-2504270919,5,15,9,5,15,2
8793213226106504000-2504280919,5,15,9,5,15,2
8793213226106504000-2504290919,5,15,9,5,15,2
8793213226106504000-2504300919,5,15,9,5,15,2
8793213226106504000-2505010919,5,15,9,5,15,2
8793213226106504000-2505020919,5,15,9,5,15,2
8793213226106504000-2505030919,5,15,9,5,15,2
8793213226106504000-2505040919,5,15,9,5,15,2
8793213226106504000-2505050919,5,15,9,5,15,2
8793213226106504000-2505060919,5,15,9,5,15,2
8793213226106504000-2505070919,5,15,9,5,15,2
8793213226106504000-2505080919,5,15,9,5,15,2
8793213226106504000-2505090919,5,15,9,5,15,2
8793213226106504000-2505100919,5,15,9,5,15,2
8793213226106504000-2505110919,5,15,9,5,15,2
8793213226106504000-2505120919,5,15,9,5,15,2
8793213226106504000-2505130919,5,15,9,5,15,2
8793213226106504000-2505140919,5,15,9,5,15,2
8793213226106504000-2505150919,5,15,9,5,15,2
8793213226106504000-2505160919,5,15,9,5,15,2
8793213226106504000-2505170919,5,15,9,5,15,2
8793213226106504000-2505180833,5,15,9,5,15,2
8793213226106504000-2505190919,5,15,9,5,15,2
8793213226106504000-2505200919,5,15,9,5,15,2
8793213226106504000-2505210919,5,15,9,5,15,2
8793213226106504000-2505220919,5,15,9,5,15,2
8793213226106504000-2505230919,5,15,9,5,15,2
8793213226106504000-2505240919,5,15,9,5,15,2
8793213226106504000-2505250919,5,15,9,5,15,2
8793213226106504000-2505260919,5,15,9,5,15,2
8793213226106504000-2505270919,5,15,9,5,15,2
8793213226106504000-2505280919,5,15,9,5,15,2
8793213226106504000-2505290919,5,15,9,5,15,2
8793213226106504000-2505300919,5,15,9,5,15,2
8793213226106504000-2505310919,5,15,9,5,15,2
8793213226106504000-2506010919,5,15,9,5,15,2
8793213226106504000-2506020919,5,15,9,5,15,2
8793213226106504000-2506030919,5,15,9,5,15,2
8793213226106504000-2506040919,5,15,9,5,15,2
8793213226106504000-2506050919,5,15,9,5,15,2
8793213226106504000-2506060919,5,15,9,5,15,2
8793213226106504000-2506070919,5,15,9,5,15,2
8793213226106504000-2506080919,5,15,9,5,15,2
8793213226106504000-2506090919,5,15,9,5,15,2
8793213226106504000-2506100919,5,15,9,5,15,2
8793213226106504000-2506110919,5,15,9,5,15,2
8793213226106504000-2506120919,5,15,9,5,15,2
8793213226106504000-2506130919,5,15,9,5,15,2
8793213226106504000-2506140919,5,15,9,5,15,2
8793213226106504000-2506150919,5,15,9,5,15,2
8793213226106504000-2506160919,5,15,9,5,15,2
8793213226106504000-2506170919,5,15,9,5,15,2
8793213226106504000-2506180919,5,15,9,5,15,2
8793213226106504000-2506190919,5,15,9,5,15,2
8793213226106504000-2506200919,5,15,9,5,15,2
8793213226106504000-2506210919,5,15,9,5,15,2
8793213226106504000-2506220919,5,15,9,5,15,2
8793213226106504000-2506230919,5,15,9,5,15,2
8793213226106504000-2506240919,5,15,9,5,15,2
8793213226106504000-2506250919,5,15,9,5,15,2
8793213226106504000-2506260919,5,15,9,5,15,2
8793213226106504000-2506270919,5,15,7,5,15,4
8793213226106504000-2506280919,5,15,7,5,15,4
8793213226106504000-2506290919,5,15,7,5,15,4
8793213226106504000-2506300919,5,15,7,5,15,4
8793213226106504000-2507010919,5,15,7,5,15,4
8793213226106504000-2507020919,5,15,7,5,15,4
8793213226106504000-2507030919,5,15,7,5,15,4
8793213226106504000-2507040919,5,15,7,5,15,4
8793213226106504000-2507050919,5,15,7,5,15,4
8793213226106504000-2507060919,5,15,7,5,15,4
8793213226106504000-2507070919,5,15,7,5,15,4
8793213226106504000-2507080919,5,15,7,5,15,4
8793213226106504000-2507090919,5,15,7,5,15,4
8793213226106504000-2507100919,5,15,7,5,15,4
8793213226106504000-2507110919,5,15,7,5,15,4
8793213226106504000-2507120919,5,15,9,5,15,2
8793213226106504000-2507130919,5,15,9,5,15,2
8793213226106504000-2507140919,5,15,9,5,15,2
8793213226106504000-2507150919,4,14,9,4,14,2
8793213226106504000-2507160919,4,14,9,4,14,2
8793213226106504000-2507170919,4,14,9,4,14,2
8793213226106504000-2507180919,4,14,9,4,14,2
8793213226106504000-2507190919,4,14,9,4,14,2
8793213226106504000-2507200919,4,14,9,4,14,2
8793213226106504000-2507210919,4,14,9,4,14,2
8793213226106504000-2507220919,4,14,9,4,14,2
8793213226106504000-2507230919,5,15,9,5,15,2
8793213226106504000-2507240919,5,15,9,5,15,2
8793213226106504000-2507250919,5,15,9,5,15,2
8821718839215931517-2407010818,5,13,7,5,13,2
8821718839215931517-2407250818,5,13,7,5,13,2
8821718839215931517-2407300513,7,15,7,7,15,2
8821718839215931517-2408010819,5,14,8,5,14,2
8821718839215931517-2409241338,7,14,6,7,14,2
8821718839215931517-2410091422,8,18,9,8,18,2
8821718839215931517-2410101422,8,18,9,8,18,2
8821718839215931517-2410221338,7,15,7,7,15,2
8841660998172823760-2407010520,2,12,9,2,12,2
8841660998172823760-2407020520,2,12,9,2,12,2
8841660998172823760-2407030520,2,12,9,2,12,2
8841660998172823760-2407040520,2,12,9,2,12,2
8841660998172823760-2407050520,2,12,9,2,12,2
8841660998172823760-2407080520,2,12,9,2,12,2
8841660998172823760-2407090520,2,12,9,2,12,2
8841660998172823760-2407100520,2,12,9,2,12,2
8841660998172823760-2407110520,2,12,9,2,12,2
8841660998172823760-2407120520,2,12,9,2,12,2
8841660998172823760-2407150520,2,12,9,2,12,2
8841660998172823760-2407170520,2,12,9,2,12,2
8841660998172823760-2407180520,2,12,9,2,12,2
8841660998172823760-2407190520,2,12,9,2,12,2
8841660998172823760-2407200520,2,12,9,2,12,2
8841660998172823760-2407210520,2,12,9,2,12,2
8841660998172823760-2407220520,2,12,9,2,12,2
8841660998172823760-2407230520,2,12,9,2,12,2
8841660998172823760-2407240520,2,12,9,2,12,2
8841660998172823760-2407250520,2,12,9,2,12,2
8841660998172823760-2407260520,2,12,9,2,12,2
8841660998172823760-2407270442,2,12,9,2,12,2
8841660998172823760-2407280442,2,12,9,2,12,2
8841660998172823760-2407290442,2,12,9,2,12,2
8841660998172823760-2407300442,2,11,8,2,11,2
8841660998172823760-2407310442,2,11,8,2,11,2
8841660998172823760-2408010442,2,12,9,2,12,2
8841660998172823760-2408020442,2,12,9,2,12,2
8841660998172823760-2408030442,2,12,9,2,12,2
8841660998172823760-2408040442,2,12,9,2,12,2
8841660998172823760-2408050442,2,12,9,2,12,2
8841660998172823760-2408060442,2,12,9,2,12,2
8841660998172823760-2408070442,2,12,9,2,12,2
8841660998172823760-2408080442,2,13,9,2,13,3
8841660998172823760-2408090442,2,13,9,2,13,3
8841660998172823760-2408100442,2,13,9,2,13,3
8841660998172823760-2408110442,2,13,9,2,13,3
8841660998172823760-2408120442,2,13,9,2,13,3
8841660998172823760-2408130442,2,13,9,2,13,3
8841660998172823760-2408140442,2,13,9,2,13,3
8841660998172823760-2408150442,2,13,9,2,13,3
8841660998172823760-2408160520,2,12,9,2,12,2
8841660998172823760-2408170520,2,12,9,2,12,2
8841660998172823760-2408180520,2,12,9,2,12,2
8841660998172823760-2408190520,2,12,9,2,12,2
8841660998172823760-2408200520,2,12,9,2,12,2
8841660998172823760-2408210520,2,12,9,2,12,2
8841660998172823760-2408220520,2,12,9,2,12,2
8841660998172823760-2408230520,2,12,9,2,12,2
8841660998172823760-2408240520,2,12,9,2,12,2
8841660998172823760-2408250520,2,12,9,2,12,2
8841660998172823760-2408260520,2,12,9,2,12,2
8841660998172823760-2408270520,2,12,9,2,12,2
8841660998172823760-2408280520,2,12,9,2,12,2
8841660998172823760-2408290520,2,12,9,2,12,2
8841660998172823760-2408300520,2,12,9,2,12,2
8841660998172823760-2408310520,2,11,8,2,11,2
8841660998172823760-2409010520,2,11,8,2,11,2
8841660998172823760-2409020520,2,12,9,2,12,2
8841660998172823760-2409030520,2,12,9,2,12,2
8841660998172823760-2409040520,2,12,9,2,12,2
8841660998172823760-2409050520,2,12,9,2,12,2
8841660998172823760-2409060520,2,12,9,2,12,2
8841660998172823760-2409070520,2,12,9,2,12,2
8841660998172823760-2409080520,2,12,9,2,12,2
8841660998172823760-2409090520,2,12,9,2,12,2
8841660998172823760-2409100520,2,12,9,2,12,2
8841660998172823760-2409110520,2,12,9,2,12,2
8841660998172823760-2409120520,2,12,9,2,12,2
8841660998172823760-2409130520,2,12,9,2,12,2
8841660998172823760-2409140520,2,12,9,2,12,2
8841660998172823760-2409150520,2,12,9,2,12,2
8841660998172823760-2409160520,2,12,9,2,12,2
8841660998172823760-2409170520,2,12,9,2,12,2
8841660998172823760-2409180520,2,12,9,2,12,2
8841660998172823760-2409190520,2,12,9,2,12,2
8841660998172823760-2409200520,2,12,9,2,12,2
8841660998172823760-2409210520,2,12,9,2,12,2
8841660998172823760-2409220520,2,12,9,2,12,2
8841660998172823760-2409230520,2,12,9,2,12,2
8841660998172823760-2409240520,2,11,8,2,11,2
8841660998172823760-2409250520,2,11,8,2,11,2
8841660998172823760-2409260520,2,11,8,2,11,2
8841660998172823760-2409270520,2,11,8,2,11,2
8841660998172823760-2409280520,2,11,8,2,11,2
8841660998172823760-2409290520,2,11,8,2,11,2
8841660998172823760-2409300520,2,11,8,2,11,2
8841660998172823760-2410010520,2,11,8,2,11,2
8841660998172823760-2410020520,2,11,8,2,11,2
8841660998172823760-2410030520,2,11,8,2,11,2
8841660998172823760-2410040520,2,11,8,2,11,2
8841660998172823760-2410050520,2,12,9,2,12,2
8841660998172823760-2410060520,2,12,9,2,12,2
8841660998172823760-2410070520,2,12,9,2,12,2
8841660998172823760-2410080520,2,12,9,2,12,2
8841660998172823760-2410090520,2,12,9,2,12,2
8841660998172823760-2410100520,2,12,9,2,12,2
8841660998172823760-2410110520,2,12,9,2,12,2
8841660998172823760-2410120520,2,12,9,2,12,2
8841660998172823760-2410130520,2,12,9,2,12,2
8841660998172823760-2410140520,2,12,9,2,12,2
8841660998172823760-2410150520,2,12,9,2,12,2
8841660998172823760-2410160520,2,12,9,2,12,2
8841660998172823760-2410170520,2,12,9,2,12,2
8841660998172823760-2410180520,2,12,9,2,12,2
8841660998172823760-2410190520,2,12,9,2,12,2
8841660998172823760-2410200520,2,12,9,2,12,2
8841660998172823760-2410210520,2,12,9,2,12,2
8841660998172823760-2410220520,2,12,9,2,12,2
8841660998172823760-2410230520,2,12,9,2,12,2
8841660998172823760-2410240520,2,12,9,2,12,2
8841660998172823760-2410250520,2,12,9,2,12,2
8841660998172823760-2410260520,2,12,9,2,12,2
8841660998172823760-2410270520,2,12,9,2,12,2
8841660998172823760-2410280520,2,12,9,2,12,2
8841660998172823760-2410290520,2,12,9,2,12,2
8841660998172823760-2410300520,2,12,9,2,12,2
8841660998172823760-2410310520,2,12,9,2,12,2
8841660998172823760-2411010520,2,12,9,2,12,2
8841660998172823760-2411020520,2,12,9,2,12,2
8841660998172823760-2411030520,2,12,9,2,12,2
8841660998172823760-2411040520,2,12,9,2,12,2
8841660998172823760-2411050520,2,12,9,2,12,2
8841660998172823760-2411060520,2,12,9,2,12,2
8841660998172823760-2411070520,2,12,9,2,12,2
8841660998172823760-2411080520,2,12,9,2,12,2
8841660998172823760-2411090520,2,13,9,2,13,3
8841660998172823760-2411100520,2,13,9,2,13,3
8841660998172823760-2411110520,2,13,9,2,13,3
8841660998172823760-2411120520,2,13,9,2,13,3
8841660998172823760-2411130520,2,13,9,2,13,3
8841660998172823760-2411140520,2,13,9,2,13,3
8841660998172823760-2411150520,2,13,9,2,13,3
8841660998172823760-2411160520,2,13,9,2,13,3
8841660998172823760-2411170518,2,13,9,2,13,3
8841660998172823760-2411180520,2,13,9,2,13,3
8841660998172823760-2411190520,2,13,9,2,13,3
8841660998172823760-2411200520,2,13,9,2,13,3
8841660998172823760-2411210520,2,13,9,2,13,3
8841660998172823760-2412160520,2,12,9,2,12,2
8841660998172823760-2412170520,2,12,9,2,12,2
8841660998172823760-2412180520,2,12,9,2,12,2
8841660998172823760-2412190520,2,12,9,2,12,2
8841660998172823760-2412200520,2,12,9,2,12,2
8841660998172823760-2412230520,2,12,9,2,12,2
8841660998172823760-2412240520,2,12,9,2,12,2
8841660998172823760-2412270520,2,12,9,2,12,2
8841660998172823760-2412300520,2,12,9,2,12,2
8841660998172823760-2412310520,2,12,9,2,12,2
8841660998172823760-2501020520,2,12,9,2,12,2
8841660998172823760-2501030520,2,12,9,2,12,2
8841660998172823760-2501060520,2,12,9,2,12,2
8841660998172823760-2501070520,2,12,9,2,12,2
8841660998172823760-2501080520,2,12,9,2,12,2
8841660998172823760-2501090520,2,12,9,2,12,2
8841660998172823760-2501100520,2,12,9,2,12,2
8841660998172823760-2501130520,2,12,9,2,12,2
8841660998172823760-2501140520,2,12,9,2,12,2
8841660998172823760-2501150520,2,12,9,2,12,2
8841660998172823760-2501160520,2,12,9,2,12,2
8841660998172823760-2501170520,2,12,9,2,12,2
8841660998172823760-2501200520,2,12,9,2,12,2
8841660998172823760-2501210520,2,12,9,2,12,2
8841660998172823760-2501220520,2,12,9,2,12,2
8841660998172823760-2501230520,2,12,9,2,12,2
8841660998172823760-2501240520,2,12,9,2,12,2
8841660998172823760-2501270520,2,12,9,2,12,2
8841660998172823760-2501280520,2,12,9,2,12,2
8841660998172823760-2501290520,2,12,9,2,12,2
8841660998172823760-2501300520,2,12,9,2,12,2
8841660998172823760-2501310520,2,12,9,2,12,2
8841660998172823760-2502030520,2,12,9,2,12,2
8841660998172823760-2502040520,2,12,9,2,12,2
8841660998172823760-2502050520,2,12,9,2,12,2
8841660998172823760-2502060520,2,12,9,2,12,2
8841660998172823760-2502070520,2,12,9,2,12,2
8841660998172823760-2502100520,2,12,9,2,12,2
8841660998172823760-2502110520,2,12,9,2,12,2
8841660998172823760-2502120520,2,12,9,2,12,2
8841660998172823760-2502130520,2,12,9,2,12,2
8841660998172823760-2502140520,2,12,9,2,12,2
8841660998172823760-2502170520,2,12,9,2,12,2
8841660998172823760-2502180519,2,12,9,2,12,2
8841660998172823760-2502190519,2,12,9,2,12,2
8841660998172823760-2502200519,2,12,9,2,12,2
8841660998172823760-2502210519,2,12,9,2,12,2
8841660998172823760-2502240519,2,12,9,2,12,2
8841660998172823760-2502250519,2,12,9,2,12,2
8841660998172823760-2502260519,2,12,9,2,12,2
8841660998172823760-2502270519,2,12,9,2,12,2
8841660998172823760-2502280519,2,12,9,2,12,2
8841660998172823760-2503030519,2,12,9,2,12,2
8841660998172823760-2503040519,2,12,9,2,12,2
8841660998172823760-2503050519,2,12,9,2,12,2
8841660998172823760-2503060519,2,12,9,2,12,2
8841660998172823760-2503070519,2,12,9,2,12,2
8841660998172823760-2503100519,2,12,9,2,12,2
8841660998172823760-2503110519,2,12,9,2,12,2
8841660998172823760-2503120519,2,12,9,2,12,2
8841660998172823760-2503130519,2,12,9,2,12,2
8841660998172823760-2503140519,2,12,9,2,12,2
8841660998172823760-2503170519,2,12,9,2,12,2
8841660998172823760-2503180519,2,12,9,2,12,2
8841660998172823760-2503190519,2,12,9,2,12,2
8841660998172823760-2503200519,2,12,9,2,12,2
8841660998172823760-2503210519,2,12,9,2,12,2
8841660998172823760-2503240519,2,12,9,2,12,2
8841660998172823760-2503250513,2,14,9,2,14,4
8841660998172823760-2503260513,2,14,9,2,14,4
8841660998172823760-2503270519,2,12,9,2,12,2
8841660998172823760-2503280519,2,12,9,2,12,2
8841660998172823760-2503310519,2,12,9,2,12,2
8841660998172823760-2504010519,2,12,9,2,12,2
8841660998172823760-2504020519,2,12,9,2,12,2
8841660998172823760-2504030519,2,12,9,2,12,2
8841660998172823760-2504040519,2,12,9,2,12,2
8841660998172823760-2504070519,2,12,9,2,12,2
8841660998172823760-2504080519,2,12,9,2,12,2
8841660998172823760-2504090519,2,12,9,2,12,2
8841660998172823760-2504100519,2,12,9,2,12,2
8841660998172823760-2504110519,2,12,9,2,12,2
8841660998172823760-2504140519,2,12,9,2,12,2
8841660998172823760-2504150519,2,12,9,2,12,2
8841660998172823760-2504160520,2,12,9,2,12,2
8841660998172823760-2504170520,2,12,9,2,12,2
8841660998172823760-2504220520,2,12,9,2,12,2
8841660998172823760-2504230520,2,12,9,2,12,2
8841660998172823760-2504240520,2,12,9,2,12,2
8841660998172823760-2504250520,2,12,9,2,12,2
8841660998172823760-2504280520,2,12,9,2,12,2
8841660998172823760-2504290520,2,12,9,2,12,2
8841660998172823760-2504300520,2,12,9,2,12,2
8841660998172823760-2505010520,2,12,9,2,12,2
8841660998172823760-2505020520,2,12,9,2,12,2
8841660998172823760-2505050520,2,12,9,2,12,2
8841660998172823760-2505060520,2,12,9,2,12,2
8841660998172823760-2505070520,2,12,9,2,12,2
8841660998172823760-2505080520,2,12,9,2,12,2
8841660998172823760-2505090520,2,12,9,2,12,2
8841660998172823760-2505120520,2,12,9,2,12,2
8841660998172823760-2505130520,2,12,9,2,12,2
8841660998172823760-2505140520,2,12,9,2,12,2
8841660998172823760-2505150520,2,12,9,2,12,2
8841660998172823760-2505160520,2,12,9,2,12,2
8841660998172823760-2505190520,2,12,9,2,12,2
8841660998172823760-2505200520,2,12,9,2,12,2
8841660998172823760-2505210520,2,12,9,2,12,2
8841660998172823760-2505220520,2,12,9,2,12,2
8841660998172823760-2505230509,2,12,9,2,12,2
8841660998172823760-2505260520,2,12,9,2,12,2
8841660998172823760-2505270520,2,12,9,2,12,2
8841660998172823760-2505280520,2,12,9,2,12,2
8841660998172823760-2505290520,2,12,9,2,12,2
8841660998172823760-2505300520,2,12,9,2,12,2
8841660998172823760-2506020520,2,12,9,2,12,2
8841660998172823760-2506030520,2,12,9,2,12,2
8841660998172823760-2506040520,2,12,9,2,12,2
8841660998172823760-2506050520,2,12,9,2,12,2
8841660998172823760-2506060520,2,12,9,2,12,2
8841660998172823760-2506100520,2,12,9,2,12,2
8841660998172823760-2506110520,2,12,9,2,12,2
8841660998172823760-2506120520,2,12,9,2,12,2
8841660998172823760-2506130520,2,12,9,2,12,2
8841660998172823760-2506160520,2,12,9,2,12,2
8841660998172823760-2506170520,2,12,9,2,12,2
8841660998172823760-2506180520,2,12,9,2,12,2
8841660998172823760-2506190520,2,12,9,2,12,2
8841660998172823760-2506200520,2,12,9,2,12,2
8841660998172823760-2506230520,2,12,9,2,12,2
8841660998172823760-2506240520,2,12,9,2,12,2
8841660998172823760-2506250520,2,12,9,2,12,2
8841660998172823760-2506260520,2,12,9,2,12,2
8841660998172823760-2506270520,2,14,9,2,14,4
8841660998172823760-2506300520,2,14,9,2,14,4
8841660998172823760-2507010520,2,14,9,2,14,4
8841660998172823760-2507020520,2,14,9,2,14,4
8841660998172823760-2507030520,2,14,9,2,14,4
8841660998172823760-2507040520,2,14,9,2,14,4
8841660998172823760-2507070520,2,14,9,2,14,4
8841660998172823760-2507080520,2,14,9,2,14,4
8841660998172823760-2507090520,2,14,9,2,14,4
8841660998172823760-2507100520,2,14,9,2,14,4
8841660998172823760-2507110520,2,14,9,2,14,4
8841660998172823760-2507140520,2,12,9,2,12,2
8841660998172823760-2507150520,2,12,9,2,12,2
8841660998172823760-2507160520,2,12,9,2,12,2
8841660998172823760-2507170520,2,12,9,2,12,2
8841660998172823760-2507180520,2,12,9,2,12,2
8841660998172823760-2507210520,2,12,9,2,12,2
8841660998172823760-2507220520,2,12,9,2,12,2
8841660998172823760-2507230520,2,12,9,2,12,2
8841660998172823760-2507240520,2,12,9,2,12,2
8841660998172823760-2507250520,2,12,9,2,12,2
8841660998172823760-2507280520,2,12,9,2,12,2
8841660998172823760-2507290520,2,12,9,2,12,2
8841660998172823760-2507300520,2,12,9,2,12,2
8841660998172823760-2507310520,2,12,8,2,12,3
8841660998172823760-2508010520,2,12,9,2,12,2
8841660998172823760-2508040520,2,12,9,2,12,2
8841660998172823760-2508050520,2,12,9,2,12,2
8841660998172823760-2508060520,2,12,9,2,12,2
8841660998172823760-2508070520,2,12,9,2,12,2
8841660998172823760-2508080520,2,12,9,2,12,2
8841660998172823760-2508110520,2,12,9,2,12,2
8841660998172823760-2508120520,2,12,9,2,12,2
8841660998172823760-2508130520,2,12,9,2,12,2
8841660998172823760-2508140520,2,12,9,2,12,2
8841660998172823760-2508150520,2,12,9,2,12,2
8841660998172823760-2508180520,2,12,9,2,12,2
8841660998172823760-2508190520,2,12,9,2,12,2
8841660998172823760-2508200520,2,12,9,2,12,2
8841660998172823760-2508210520,2,12,9,2,12,2
8841660998172823760-2508220520,2,12,9,2,12,2
8841660998172823760-2508250519,2,11,8,2,11,2
8841660998172823760-2508260519,2,11,8,2,11,2
8841660998172823760-2508270519,2,11,8,2,11,2
8841660998172823760-2508280519,2,11,8,2,11,2
8841660998172823760-2508290519,2,11,8,2,11,2
8841660998172823760-2509010519,2,11,8,2,11,2
8841660998172823760-2509020519,2,11,8,2,11,2
8841660998172823760-2509030519,2,11,8,2,11,2
8841660998172823760-2509040519,2,11,8,2,11,2
8841660998172823760-2509050519,2,11,8,2,11,2
8841660998172823760-2509080519,2,12,9,2,12,2
8841660998172823760-2509090520,2,12,9,2,12,2
8841660998172823760-2509100520,2,12,9,2,12,2
8841660998172823760-2509110520,2,12,9,2,12,2
8841660998172823760-2509120520,2,12,9,2,12,2
8841660998172823760-2509150520,2,12,9,2,12,2
8841660998172823760-2509160520,2,12,9,2,12,2
8841660998172823760-2509170520,2,12,9,2,12,2
8841660998172823760-2509180520,2,12,9,2,12,2
8841660998172823760-2509190520,2,12,9,2,12,2
8841660998172823760-2509220520,2,9,7,2,9,1
8841660998172823760-2509230520,2,12,9,2,12,2
8841660998172823760-2509240424,2,12,8,2,12,3
8841660998172823760-2509250424,2,12,8,2,12,3
8841660998172823760-2509290424,2,12,8,2,12,3
8841660998172823760-2509300424,2,12,8,2,12,3
8841660998172823760-2510010424,2,12,8,2,12,3
8841660998172823760-2510020424,2,12,8,2,12,3
8841660998172823760-2510060424,2,12,8,2,12,3
8841660998172823760-2510070424,2,12,8,2,12,3
8841660998172823760-2510080424,2,12,8,2,12,3
8841660998172823760-2510090424,2,12,8,2,12,3
8841660998172823760-2510100424,2,12,8,2,12,3
8841660998172823760-2510130424,2,12,8,2,12,3
8841660998172823760-2510140424,2,12,8,2,12,3
8841660998172823760-2510150424,2,12,8,2,12,3
8841660998172823760-2510160424,2,12,8,2,12,3
8841660998172823760-2510170424,2,12,8,2,12,3
8841660998172823760-2510200424,2,12,8,2,12,3
8841660998172823760-2510210424,2,12,8,2,12,3
8841660998172823760-2510220424,2,12,8,2,12,3
8841660998172823760-2510230424,2,12,8,2,12,3
8841660998172823760-2510270424,2,9,6,2,9,2
8841660998172823760-2510280424,2,9,6,2,9,2
8841660998172823760-2510300424,2,9,6,2,9,2
8841660998172823760-2510310424,2,9,6,2,9,2
8989760561068906236-2407020818,5,13,7,5,13,2
8989760561068906236-2407290719,5,13,7,5,13,2
8989760561068906236-2408130819,5,15,9,5,15,2
8989760561068906236-2408241036,8,16,8,8,16,1
8989760561068906236-2411130719,9,17,7,9,17,2
8989760561068906236-2412031036,8,16,8,8,16,1
8989760561068906236-2501180818,5,13,7,5,13,2
8989760561068906236-2501190818,5,13,7,5,13,2
8989760561068906236-2504280818,5,13,7,5,13,2
8989760561068906236-2508210719,8,17,8,8,17,2
9009745948930655004-2509261635,1,10,8,1,10,2
9009745948930655004-2510161345,1,7,5,1,7,2
9097721199397342439-2508240533,7,16,8,7,16,2
9138487693608526722-2411221050,9,17,7,9,17,2
9145679655753810825-2411220534,1,11,9,1,11,2
9145679655753810825-2411230534,1,8,7,1,8,1
9145679655753810825-2411240534,1,8,7,1,8,1
9145679655753810825-2411250534,1,8,7,1,8,1
9145679655753810825-2411260534,1,8,7,1,8,1
9145679655753810825-2411270534,1,8,7,1,8,1
9145679655753810825-2411280534,1,8,7,1,8,1
9145679655753810825-2411290534,1,8,7,1,8,1
9145679655753810825-2411300528,1,9,7,1,9,2
9145679655753810825-2412010528,1,9,7,1,9,2
9145679655753810825-2412020510,1,11,9,1,11,2
9145679655753810825-2412030510,1,11,9,1,11,2
9145679655753810825-2412040510,1,11,9,1,11,2
9145679655753810825-2412050510,1,11,9,1,11,2
9145679655753810825-2412060510,1,11,9,1,11,2
9145679655753810825-2412070510,1,11,9,1,11,2
9145679655753810825-2412080510,1,11,9,1,11,2
9145679655753810825-2412090534,1,11,9,1,11,2
9145679655753810825-2412100534,1,11,9,1,11,2
9145679655753810825-2412110534,1,11,9,1,11,2
9145679655753810825-2412120534,1,11,9,1,11,2
9145679655753810825-2412130534,1,11,9,1,11,2
9145679655753810825-2412140534,1,11,9,1,11,2
9183488535545107219-2411271228,1,9,8,1,9,1
9183488535545107219-2501211228,1,9,7,1,9,2
924625613841214832-2411271134,1,9,8,1,9,1
